switch_id,used_rules,usage
11,3,0.0576923
10,1,0.0192308
9,4,0.0769231
8,1,0.0192308
7,2,0.0384615
6,6,0.115385
5,4,0.0769231
4,5,0.0961538
3,6,0.115385
2,4,0.0769231
1,5,0.0961538
0,1,0.0192308
