switch_id,used_rules,usage
11,0,0
10,1,0.0192308
9,1,0.0192308
8,0,0
7,0,0
6,0,0
5,0,0
4,0,0
3,0,0
2,0,0
1,0,0
0,0,0
