switch_id,used_rules,usage
11,115,2.21154
10,105,2.01923
9,153,2.94231
8,97,1.86538
7,115,2.21154
6,206,3.96154
5,160,3.07692
4,168,3.23077
3,183,3.51923
2,86,1.65385
1,221,4.25
0,48,0.923077
