switch_id,used_rules,usage
11,0,0
10,0,0
9,0,0
8,0,0
7,0,0
6,1,0.0192308
5,1,0.0192308
4,1,0.0192308
3,0,0
2,1,0.0192308
1,1,0.0192308
0,1,0.0192308
