switch_id,used_rules,usage
11,5,0.0961538
10,2,0.0384615
9,6,0.115385
8,4,0.0769231
7,8,0.153846
6,9,0.173077
5,9,0.173077
4,9,0.173077
3,6,0.115385
2,9,0.173077
1,9,0.173077
0,2,0.0384615
