switch_id,used_rules,usage
11,1,0.0192308
10,1,0.0192308
9,5,0.0961538
8,2,0.0384615
7,7,0.134615
6,6,0.115385
5,8,0.153846
4,9,0.173077
3,3,0.0576923
2,7,0.134615
1,7,0.134615
0,2,0.0384615
