switch_id,used_rules,usage
11,1,0.0192308
10,0,0
9,3,0.0576923
8,1,0.0192308
7,5,0.0961538
6,2,0.0384615
5,1,0.0192308
4,3,0.0576923
3,2,0.0384615
2,2,0.0384615
1,2,0.0384615
0,2,0.0384615
