switch_id,used_rules,usage
11,3,0.0576923
10,1,0.0192308
9,1,0.0192308
8,3,0.0576923
7,3,0.0576923
6,4,0.0769231
5,5,0.0961538
4,7,0.134615
3,4,0.0769231
2,5,0.0961538
1,8,0.153846
0,4,0.0769231
