switch_id,used_rules,usage
11,55,1.05769
10,31,0.596154
9,48,0.923077
8,42,0.807692
7,52,1
6,92,1.76923
5,82,1.57692
4,75,1.44231
3,68,1.30769
2,45,0.865385
1,103,1.98077
0,26,0.5
