switch_id,used_rules,usage
11,3,0.0576923
10,1,0.0192308
9,2,0.0384615
8,2,0.0384615
7,3,0.0576923
6,3,0.0576923
5,3,0.0576923
4,7,0.134615
3,3,0.0576923
2,3,0.0576923
1,6,0.115385
0,2,0.0384615
