switch_id,used_rules,usage
11,71,1.36538
10,48,0.923077
9,67,1.28846
8,56,1.07692
7,53,1.01923
6,125,2.40385
5,96,1.84615
4,90,1.73077
3,101,1.94231
2,50,0.961538
1,131,2.51923
0,35,0.673077
