switch_id,used_rules,usage
11,2,0.0384615
10,1,0.0192308
9,2,0.0384615
8,1,0.0192308
7,5,0.0961538
6,4,0.0769231
5,5,0.0961538
4,8,0.153846
3,4,0.0769231
2,4,0.0769231
1,7,0.134615
0,2,0.0384615
