switch_id,used_rules,usage
11,4,0.0769231
10,1,0.0192308
9,0,0
8,3,0.0576923
7,2,0.0384615
6,4,0.0769231
5,5,0.0961538
4,5,0.0961538
3,3,0.0576923
2,4,0.0769231
1,7,0.134615
0,2,0.0384615
