switch_id,used_rules,usage
11,83,1.59615
10,67,1.28846
9,96,1.84615
8,67,1.28846
7,70,1.34615
6,160,3.07692
5,125,2.40385
4,111,2.13462
3,130,2.5
2,60,1.15385
1,159,3.05769
0,41,0.788462
