switch_id,used_rules,usage
11,81,1.55769
10,45,0.865385
9,65,1.25
8,66,1.26923
7,66,1.26923
6,134,2.57692
5,117,2.25
4,102,1.96154
3,99,1.90385
2,62,1.19231
1,147,2.82692
0,33,0.634615
