switch_id,used_rules,usage
11,0,0
10,1,0.0192308
9,1,0.0192308
8,2,0.0384615
7,3,0.0576923
6,4,0.0769231
5,6,0.115385
4,4,0.0769231
3,2,0.0384615
2,5,0.0961538
1,3,0.0576923
0,1,0.0192308
