switch_id,used_rules,usage
11,2,0.0384615
10,1,0.0192308
9,3,0.0576923
8,2,0.0384615
7,5,0.0961538
6,7,0.134615
5,5,0.0961538
4,7,0.134615
3,4,0.0769231
2,4,0.0769231
1,5,0.0961538
0,2,0.0384615
