switch_id,used_rules,usage
11,64,1.23077
10,32,0.615385
9,48,0.923077
8,48,0.923077
7,52,1
6,100,1.92308
5,89,1.71154
4,79,1.51923
3,73,1.40385
2,48,0.923077
1,114,2.19231
0,28,0.538462
