switch_id,used_rules,usage
11,3,0.0576923
10,2,0.0384615
9,2,0.0384615
8,3,0.0576923
7,3,0.0576923
6,7,0.134615
5,5,0.0961538
4,4,0.0769231
3,5,0.0961538
2,5,0.0961538
1,5,0.0961538
0,1,0.0192308
