switch_id,used_rules,usage
11,0,0
10,1,0.0192308
9,1,0.0192308
8,0,0
7,1,0.0192308
6,1,0.0192308
5,1,0.0192308
4,0,0
3,2,0.0384615
2,0,0
1,0,0
0,0,0
