switch_id,used_rules,usage
11,79,1.51923
10,61,1.17308
9,82,1.57692
8,61,1.17308
7,63,1.21154
6,142,2.73077
5,113,2.17308
4,102,1.96154
3,114,2.19231
2,58,1.11538
1,146,2.80769
0,38,0.730769
