switch_id,used_rules,usage
11,1,0.0192308
10,0,0
9,1,0.0192308
8,1,0.0192308
7,1,0.0192308
6,1,0.0192308
5,1,0.0192308
4,2,0.0384615
3,1,0.0192308
2,1,0.0192308
1,1,0.0192308
0,0,0
