switch_id,used_rules,usage
11,62,1.19231
10,49,0.942308
9,73,1.40385
8,49,0.942308
7,56,1.07692
6,123,2.36538
5,99,1.90385
4,89,1.71154
3,102,1.96154
2,47,0.903846
1,127,2.44231
0,38,0.730769
