switch_id,used_rules,usage
11,83,1.59615
10,67,1.28846
9,93,1.78846
8,63,1.21154
7,63,1.21154
6,155,2.98077
5,119,2.28846
4,103,1.98077
3,129,2.48077
2,58,1.11538
1,153,2.94231
0,40,0.769231
