switch_id,used_rules,usage
11,68,1.30769
10,54,1.03846
9,78,1.5
8,51,0.980769
7,61,1.17308
6,127,2.44231
5,103,1.98077
4,92,1.76923
3,106,2.03846
2,49,0.942308
1,134,2.57692
0,37,0.711538
