switch_id,used_rules,usage
11,5,0.0961538
10,1,0.0192308
9,4,0.0769231
8,3,0.0576923
7,6,0.115385
6,4,0.0769231
5,4,0.0769231
4,8,0.153846
3,4,0.0769231
2,4,0.0769231
1,9,0.173077
0,3,0.0576923
