switch_id,used_rules,usage
11,72,1.38462
10,51,0.980769
9,75,1.44231
8,55,1.05769
7,59,1.13462
6,130,2.5
5,103,1.98077
4,96,1.84615
3,104,2
2,52,1
1,136,2.61538
0,36,0.692308
