switch_id,used_rules,usage
11,1,0.0192308
10,6,0.115385
9,4,0.0769231
8,4,0.0769231
7,4,0.0769231
6,7,0.134615
5,8,0.153846
4,3,0.0576923
3,7,0.134615
2,7,0.134615
1,3,0.0576923
0,1,0.0192308
