switch_id,used_rules,usage
11,2,0.0384615
10,1,0.0192308
9,2,0.0384615
8,3,0.0576923
7,4,0.0769231
6,5,0.0961538
5,5,0.0961538
4,4,0.0769231
3,2,0.0384615
2,6,0.115385
1,2,0.0384615
0,1,0.0192308
