switch_id,used_rules,usage
11,0,0
10,1,0.0192308
9,0,0
8,0,0
7,1,0.0192308
6,1,0.0192308
5,2,0.0384615
4,1,0.0192308
3,2,0.0384615
2,2,0.0384615
1,1,0.0192308
0,0,0
