switch_id,used_rules,usage
11,0,0
10,2,0.0384615
9,3,0.0576923
8,2,0.0384615
7,4,0.0769231
6,5,0.0961538
5,6,0.115385
4,6,0.115385
3,4,0.0769231
2,6,0.115385
1,7,0.134615
0,4,0.0769231
