switch_id,used_rules,usage
11,58,1.11538
10,35,0.673077
9,49,0.942308
8,44,0.846154
7,55,1.05769
6,93,1.78846
5,84,1.61538
4,79,1.51923
3,67,1.28846
2,46,0.884615
1,108,2.07692
0,27,0.519231
