switch_id,used_rules,usage
11,77,1.48077
10,57,1.09615
9,78,1.5
8,58,1.11538
7,60,1.15385
6,135,2.59615
5,106,2.03846
4,97,1.86538
3,110,2.11538
2,50,0.961538
1,142,2.73077
0,38,0.730769
