switch_id,used_rules,usage
11,3,0.0576923
10,2,0.0384615
9,1,0.0192308
8,1,0.0192308
7,2,0.0384615
6,5,0.0961538
5,7,0.134615
4,6,0.115385
3,3,0.0576923
2,6,0.115385
1,7,0.134615
0,2,0.0384615
