switch_id,used_rules,usage
11,3,0.0576923
10,1,0.0192308
9,1,0.0192308
8,2,0.0384615
7,3,0.0576923
6,0,0
5,3,0.0576923
4,5,0.0961538
3,0,0
2,3,0.0576923
1,6,0.115385
0,2,0.0384615
