switch_id,used_rules,usage
11,76,1.46154
10,62,1.19231
9,83,1.59615
8,60,1.15385
7,58,1.11538
6,141,2.71154
5,110,2.11538
4,98,1.88462
3,115,2.21154
2,56,1.07692
1,143,2.75
0,39,0.75
