switch_id,used_rules,usage
11,2,0.0384615
10,1,0.0192308
9,1,0.0192308
8,1,0.0192308
7,4,0.0769231
6,5,0.0961538
5,3,0.0576923
4,8,0.153846
3,1,0.0192308
2,4,0.0769231
1,6,0.115385
0,3,0.0576923
