switch_id,used_rules,usage
11,2,0.0384615
10,1,0.0192308
9,2,0.0384615
8,2,0.0384615
7,2,0.0384615
6,0,0
5,0,0
4,2,0.0384615
3,0,0
2,1,0.0192308
1,2,0.0384615
0,1,0.0192308
