switch_id,used_rules,usage
11,4,0.0769231
10,4,0.0769231
9,5,0.0961538
8,3,0.0576923
7,5,0.0961538
6,5,0.0961538
5,4,0.0769231
4,8,0.153846
3,4,0.0769231
2,4,0.0769231
1,7,0.134615
0,1,0.0192308
