switch_id,used_rules,usage
11,3,0.0576923
10,1,0.0192308
9,2,0.0384615
8,4,0.0769231
7,4,0.0769231
6,4,0.0769231
5,6,0.115385
4,7,0.134615
3,2,0.0384615
2,7,0.134615
1,7,0.134615
0,1,0.0192308
