switch_id,used_rules,usage
11,1,0.0192308
10,0,0
9,0,0
8,0,0
7,1,0.0192308
6,0,0
5,2,0.0384615
4,1,0.0192308
3,0,0
2,1,0.0192308
1,3,0.0576923
0,1,0.0192308
