switch_id,used_rules,usage
11,68,1.30769
10,53,1.01923
9,77,1.48077
8,55,1.05769
7,60,1.15385
6,129,2.48077
5,102,1.96154
4,93,1.78846
3,105,2.01923
2,52,1
1,133,2.55769
0,38,0.730769
