switch_id,used_rules,usage
11,97,1.86538
10,82,1.57692
9,115,2.21154
8,80,1.53846
7,83,1.59615
6,181,3.48077
5,142,2.73077
4,129,2.48077
3,149,2.86538
2,70,1.34615
1,185,3.55769
0,44,0.846154
