switch_id,used_rules,usage
11,4,0.0769231
10,0,0
9,2,0.0384615
8,3,0.0576923
7,4,0.0769231
6,4,0.0769231
5,6,0.115385
4,5,0.0961538
3,2,0.0384615
2,4,0.0769231
1,6,0.115385
0,0,0
