switch_id,used_rules,usage
11,0,0
10,1,0.0192308
9,1,0.0192308
8,3,0.0576923
7,4,0.0769231
6,2,0.0384615
5,6,0.115385
4,6,0.115385
3,1,0.0192308
2,5,0.0961538
1,4,0.0769231
0,0,0
