switch_id,used_rules,usage
11,1,0.0192308
10,0,0
9,2,0.0384615
8,0,0
7,3,0.0576923
6,3,0.0576923
5,1,0.0192308
4,3,0.0576923
3,2,0.0384615
2,1,0.0192308
1,2,0.0384615
0,0,0
