switch_id,used_rules,usage
11,0,0
10,2,0.0384615
9,2,0.0384615
8,1,0.0192308
7,1,0.0192308
6,0,0
5,1,0.0192308
4,1,0.0192308
3,1,0.0192308
2,2,0.0384615
1,1,0.0192308
0,0,0
