switch_id,used_rules,usage
11,0,0
10,3,0.0576923
9,3,0.0576923
8,1,0.0192308
7,5,0.0961538
6,3,0.0576923
5,5,0.0961538
4,4,0.0769231
3,3,0.0576923
2,3,0.0576923
1,1,0.0192308
0,0,0
