switch_id,used_rules,usage
11,3,0.0576923
10,2,0.0384615
9,3,0.0576923
8,1,0.0192308
7,6,0.115385
6,1,0.0192308
5,4,0.0769231
4,8,0.153846
3,1,0.0192308
2,4,0.0769231
1,9,0.173077
0,1,0.0192308
