switch_id,used_rules,usage
11,90,1.73077
10,77,1.48077
9,103,1.98077
8,74,1.42308
7,68,1.30769
6,170,3.26923
5,127,2.44231
4,115,2.21154
3,140,2.69231
2,66,1.26923
1,168,3.23077
0,44,0.846154
