switch_id,used_rules,usage
11,4,0.0769231
10,0,0
9,1,0.0192308
8,2,0.0384615
7,4,0.0769231
6,1,0.0192308
5,1,0.0192308
4,4,0.0769231
3,1,0.0192308
2,1,0.0192308
1,5,0.0961538
0,2,0.0384615
