switch_id,used_rules,usage
11,68,1.30769
10,44,0.846154
9,69,1.32692
8,55,1.05769
7,57,1.09615
6,125,2.40385
5,101,1.94231
4,92,1.76923
3,99,1.90385
2,49,0.942308
1,132,2.53846
0,38,0.730769
