switch_id,used_rules,usage
11,5,0.0961538
10,1,0.0192308
9,3,0.0576923
8,3,0.0576923
7,3,0.0576923
6,6,0.115385
5,4,0.0769231
4,7,0.134615
3,5,0.0961538
2,4,0.0769231
1,9,0.173077
0,2,0.0384615
