switch_id,used_rules,usage
11,53,1.01923
10,30,0.576923
9,42,0.807692
8,41,0.788462
7,49,0.942308
6,85,1.63462
5,77,1.48077
4,77,1.48077
3,60,1.15385
2,44,0.846154
1,100,1.92308
0,27,0.519231
