switch_id,used_rules,usage
11,3,0.0576923
10,0,0
9,0,0
8,2,0.0384615
7,4,0.0769231
6,2,0.0384615
5,4,0.0769231
4,5,0.0961538
3,1,0.0192308
2,4,0.0769231
1,5,0.0961538
0,0,0
