switch_id,used_rules,usage
11,3,0.0576923
10,1,0.0192308
9,1,0.0192308
8,3,0.0576923
7,3,0.0576923
6,0,0
5,2,0.0384615
4,3,0.0576923
3,0,0
2,2,0.0384615
1,4,0.0769231
0,1,0.0192308
