switch_id,used_rules,usage
11,1,0.0192308
10,0,0
9,1,0.0192308
8,3,0.0576923
7,2,0.0384615
6,4,0.0769231
5,4,0.0769231
4,2,0.0384615
3,3,0.0576923
2,4,0.0769231
1,2,0.0384615
0,1,0.0192308
