switch_id,used_rules,usage
11,77,1.48077
10,56,1.07692
9,79,1.51923
8,59,1.13462
7,60,1.15385
6,136,2.61538
5,106,2.03846
4,98,1.88462
3,110,2.11538
2,54,1.03846
1,142,2.73077
0,37,0.711538
