switch_id,used_rules,usage
11,1,0.0192308
10,0,0
9,0,0
8,0,0
7,3,0.0576923
6,4,0.0769231
5,1,0.0192308
4,8,0.153846
3,2,0.0384615
2,1,0.0192308
1,6,0.115385
0,1,0.0192308
