switch_id,used_rules,usage
11,2,0.0384615
10,2,0.0384615
9,2,0.0384615
8,3,0.0576923
7,3,0.0576923
6,5,0.0961538
5,7,0.134615
4,4,0.0769231
3,5,0.0961538
2,7,0.134615
1,5,0.0961538
0,1,0.0192308
