switch_id,used_rules,usage
11,3,0.0576923
10,3,0.0576923
9,3,0.0576923
8,2,0.0384615
7,3,0.0576923
6,3,0.0576923
5,2,0.0384615
4,5,0.0961538
3,1,0.0192308
2,2,0.0384615
1,6,0.115385
0,2,0.0384615
