switch_id,used_rules,usage
11,52,1
10,31,0.596154
9,42,0.807692
8,40,0.769231
7,48,0.923077
6,84,1.61538
5,75,1.44231
4,77,1.48077
3,60,1.15385
2,44,0.846154
1,98,1.88462
0,27,0.519231
