switch_id,used_rules,usage
11,0,0
10,2,0.0384615
9,1,0.0192308
8,3,0.0576923
7,2,0.0384615
6,5,0.0961538
5,6,0.115385
4,4,0.0769231
3,5,0.0961538
2,6,0.115385
1,4,0.0769231
0,1,0.0192308
