switch_id,used_rules,usage
11,0,0
10,3,0.0576923
9,1,0.0192308
8,1,0.0192308
7,3,0.0576923
6,3,0.0576923
5,3,0.0576923
4,5,0.0961538
3,3,0.0576923
2,3,0.0576923
1,5,0.0961538
0,2,0.0384615
