switch_id,used_rules,usage
11,4,0.0769231
10,2,0.0384615
9,5,0.0961538
8,0,0
7,6,0.115385
6,6,0.115385
5,4,0.0769231
4,7,0.134615
3,5,0.0961538
2,3,0.0576923
1,8,0.153846
0,4,0.0769231
