switch_id,used_rules,usage
11,4,0.0769231
10,0,0
9,0,0
8,4,0.0769231
7,4,0.0769231
6,5,0.0961538
5,4,0.0769231
4,7,0.134615
3,2,0.0384615
2,5,0.0961538
1,8,0.153846
0,3,0.0576923
