switch_id,used_rules,usage
11,71,1.36538
10,50,0.961538
9,67,1.28846
8,57,1.09615
7,52,1
6,126,2.42308
5,96,1.84615
4,89,1.71154
3,102,1.96154
2,50,0.961538
1,130,2.5
0,34,0.653846
