switch_id,used_rules,usage
11,2,0.0384615
10,2,0.0384615
9,1,0.0192308
8,4,0.0769231
7,1,0.0192308
6,5,0.0961538
5,5,0.0961538
4,5,0.0961538
3,3,0.0576923
2,6,0.115385
1,6,0.115385
0,2,0.0384615
