switch_id,used_rules,usage
11,1,0.0192308
10,3,0.0576923
9,5,0.0961538
8,1,0.0192308
7,5,0.0961538
6,6,0.115385
5,7,0.134615
4,5,0.0961538
3,5,0.0961538
2,5,0.0961538
1,5,0.0961538
0,1,0.0192308
