switch_id,used_rules,usage
11,0,0
10,1,0.0192308
9,3,0.0576923
8,0,0
7,3,0.0576923
6,2,0.0384615
5,2,0.0384615
4,3,0.0576923
3,0,0
2,0,0
1,3,0.0576923
0,1,0.0192308
