switch_id,used_rules,usage
11,3,0.0576923
10,1,0.0192308
9,0,0
8,2,0.0384615
7,3,0.0576923
6,5,0.0961538
5,4,0.0769231
4,6,0.115385
3,4,0.0769231
2,3,0.0576923
1,7,0.134615
0,2,0.0384615
