switch_id,used_rules,usage
11,1,0.0192308
10,4,0.0769231
9,1,0.0192308
8,0,0
7,3,0.0576923
6,4,0.0769231
5,4,0.0769231
4,6,0.115385
3,4,0.0769231
2,3,0.0576923
1,5,0.0961538
0,1,0.0192308
