switch_id,used_rules,usage
11,62,1.19231
10,45,0.865385
9,69,1.32692
8,50,0.961538
7,54,1.03846
6,121,2.32692
5,97,1.86538
4,89,1.71154
3,97,1.86538
2,46,0.884615
1,125,2.40385
0,37,0.711538
