switch_id,used_rules,usage
11,76,1.46154
10,43,0.826923
9,60,1.15385
8,61,1.17308
7,64,1.23077
6,125,2.40385
5,108,2.07692
4,94,1.80769
3,94,1.80769
2,60,1.15385
1,136,2.61538
0,33,0.634615
