switch_id,used_rules,usage
11,0,0
10,2,0.0384615
9,2,0.0384615
8,1,0.0192308
7,3,0.0576923
6,6,0.115385
5,4,0.0769231
4,6,0.115385
3,5,0.0961538
2,3,0.0576923
1,5,0.0961538
0,3,0.0576923
