switch_id,used_rules,usage
11,0,0
10,0,0
9,2,0.0384615
8,3,0.0576923
7,2,0.0384615
6,1,0.0192308
5,3,0.0576923
4,3,0.0576923
3,1,0.0192308
2,4,0.0769231
1,3,0.0576923
0,2,0.0384615
