switch_id,used_rules,usage
11,2,0.0384615
10,1,0.0192308
9,2,0.0384615
8,1,0.0192308
7,2,0.0384615
6,1,0.0192308
5,2,0.0384615
4,2,0.0384615
3,1,0.0192308
2,3,0.0576923
1,3,0.0576923
0,2,0.0384615
