switch_id,used_rules,usage
11,2,0.0384615
10,2,0.0384615
9,3,0.0576923
8,1,0.0192308
7,3,0.0576923
6,4,0.0769231
5,6,0.115385
4,4,0.0769231
3,3,0.0576923
2,1,0.0192308
1,5,0.0961538
0,1,0.0192308
