switch_id,used_rules,usage
11,80,1.53846
10,56,1.07692
9,79,1.51923
8,60,1.15385
7,59,1.13462
6,136,2.61538
5,107,2.05769
4,97,1.86538
3,111,2.13462
2,51,0.980769
1,145,2.78846
0,38,0.730769
