switch_id,used_rules,usage
11,64,1.23077
10,37,0.711538
9,50,0.961538
8,48,0.923077
7,53,1.01923
6,101,1.94231
5,89,1.71154
4,79,1.51923
3,76,1.46154
2,47,0.903846
1,115,2.21154
0,28,0.538462
