switch_id,used_rules,usage
11,5,0.0961538
10,3,0.0576923
9,3,0.0576923
8,5,0.0961538
7,6,0.115385
6,7,0.134615
5,5,0.0961538
4,8,0.153846
3,5,0.0961538
2,6,0.115385
1,9,0.173077
0,3,0.0576923
