switch_id,used_rules,usage
11,74,1.42308
10,46,0.884615
9,67,1.28846
8,57,1.09615
7,55,1.05769
6,123,2.36538
5,97,1.86538
4,92,1.76923
3,99,1.90385
2,49,0.942308
1,133,2.55769
0,35,0.673077
