switch_id,used_rules,usage
11,65,1.25
10,38,0.730769
9,53,1.01923
8,48,0.923077
7,56,1.07692
6,100,1.92308
5,89,1.71154
4,82,1.57692
3,75,1.44231
2,49,0.942308
1,116,2.23077
0,28,0.538462
