switch_id,used_rules,usage
11,1,0.0192308
10,1,0.0192308
9,4,0.0769231
8,2,0.0384615
7,4,0.0769231
6,1,0.0192308
5,2,0.0384615
4,3,0.0576923
3,1,0.0192308
2,3,0.0576923
1,3,0.0576923
0,1,0.0192308
