switch_id,used_rules,usage
11,5,0.0961538
10,0,0
9,1,0.0192308
8,1,0.0192308
7,3,0.0576923
6,3,0.0576923
5,4,0.0769231
4,7,0.134615
3,2,0.0384615
2,2,0.0384615
1,9,0.173077
0,3,0.0576923
