switch_id,used_rules,usage
11,4,0.0769231
10,0,0
9,1,0.0192308
8,6,0.115385
7,2,0.0384615
6,1,0.0192308
5,2,0.0384615
4,4,0.0769231
3,0,0
2,4,0.0769231
1,4,0.0769231
0,0,0
