switch_id,used_rules,usage
11,81,1.55769
10,69,1.32692
9,92,1.76923
8,62,1.19231
7,64,1.23077
6,152,2.92308
5,119,2.28846
4,105,2.01923
3,124,2.38462
2,58,1.11538
1,152,2.92308
0,39,0.75
