switch_id,used_rules,usage
11,2,0.0384615
10,0,0
9,0,0
8,2,0.0384615
7,2,0.0384615
6,2,0.0384615
5,3,0.0576923
4,2,0.0384615
3,1,0.0192308
2,2,0.0384615
1,3,0.0576923
0,1,0.0192308
