switch_id,used_rules,usage
11,4,0.0769231
10,2,0.0384615
9,3,0.0576923
8,0,0
7,5,0.0961538
6,2,0.0384615
5,3,0.0576923
4,7,0.134615
3,1,0.0192308
2,3,0.0576923
1,6,0.115385
0,0,0
