switch_id,used_rules,usage
11,2,0.0384615
10,1,0.0192308
9,2,0.0384615
8,3,0.0576923
7,3,0.0576923
6,4,0.0769231
5,4,0.0769231
4,6,0.115385
3,2,0.0384615
2,4,0.0769231
1,5,0.0961538
0,1,0.0192308
