switch_id,used_rules,usage
11,72,1.38462
10,51,0.980769
9,74,1.42308
8,54,1.03846
7,57,1.09615
6,129,2.48077
5,103,1.98077
4,92,1.76923
3,105,2.01923
2,50,0.961538
1,135,2.59615
0,36,0.692308
