switch_id,used_rules,usage
11,83,1.59615
10,71,1.36538
9,94,1.80769
8,63,1.21154
7,66,1.26923
6,156,3
5,120,2.30769
4,108,2.07692
3,128,2.46154
2,56,1.07692
1,156,3
0,41,0.788462
