switch_id,used_rules,usage
11,3,0.0576923
10,1,0.0192308
9,2,0.0384615
8,2,0.0384615
7,4,0.0769231
6,4,0.0769231
5,2,0.0384615
4,6,0.115385
3,3,0.0576923
2,2,0.0384615
1,5,0.0961538
0,2,0.0384615
