switch_id,used_rules,usage
11,1,0.0192308
10,2,0.0384615
9,3,0.0576923
8,3,0.0576923
7,2,0.0384615
6,3,0.0576923
5,4,0.0769231
4,6,0.115385
3,2,0.0384615
2,3,0.0576923
1,5,0.0961538
0,3,0.0576923
