switch_id,used_rules,usage
11,1,0.0192308
10,0,0
9,1,0.0192308
8,1,0.0192308
7,2,0.0384615
6,0,0
5,2,0.0384615
4,2,0.0384615
3,0,0
2,2,0.0384615
1,2,0.0384615
0,1,0.0192308
