switch_id,used_rules,usage
11,60,1.15385
10,30,0.576923
9,48,0.923077
8,46,0.884615
7,53,1.01923
6,95,1.82692
5,84,1.61538
4,77,1.48077
3,69,1.32692
2,47,0.903846
1,109,2.09615
0,28,0.538462
