switch_id,used_rules,usage
11,2,0.0384615
10,1,0.0192308
9,2,0.0384615
8,1,0.0192308
7,2,0.0384615
6,3,0.0576923
5,2,0.0384615
4,5,0.0961538
3,1,0.0192308
2,2,0.0384615
1,6,0.115385
0,3,0.0576923
