switch_id,used_rules,usage
11,2,0.0384615
10,1,0.0192308
9,2,0.0384615
8,2,0.0384615
7,2,0.0384615
6,3,0.0576923
5,3,0.0576923
4,3,0.0576923
3,2,0.0384615
2,2,0.0384615
1,3,0.0576923
0,0,0
