switch_id,used_rules,usage
11,0,0
10,0,0
9,0,0
8,0,0
7,2,0.0384615
6,1,0.0192308
5,4,0.0769231
4,3,0.0576923
3,1,0.0192308
2,3,0.0576923
1,4,0.0769231
0,1,0.0192308
