switch_id,used_rules,usage
11,2,0.0384615
10,0,0
9,2,0.0384615
8,3,0.0576923
7,2,0.0384615
6,5,0.0961538
5,6,0.115385
4,4,0.0769231
3,4,0.0769231
2,6,0.115385
1,4,0.0769231
0,1,0.0192308
