switch_id,used_rules,usage
11,1,0.0192308
10,4,0.0769231
9,2,0.0384615
8,2,0.0384615
7,4,0.0769231
6,5,0.0961538
5,7,0.134615
4,6,0.115385
3,5,0.0961538
2,5,0.0961538
1,5,0.0961538
0,1,0.0192308
