switch_id,used_rules,usage
11,91,1.75
10,76,1.46154
9,99,1.90385
8,70,1.34615
7,68,1.30769
6,169,3.25
5,129,2.48077
4,115,2.21154
3,138,2.65385
2,64,1.23077
1,168,3.23077
0,42,0.807692
