switch_id,used_rules,usage
11,69,1.32692
10,34,0.653846
9,60,1.15385
8,53,1.01923
7,64,1.23077
6,109,2.09615
5,95,1.82692
4,91,1.75
3,84,1.61538
2,54,1.03846
1,124,2.38462
0,30,0.576923
