switch_id,used_rules,usage
11,1,0.0192308
10,3,0.0576923
9,3,0.0576923
8,1,0.0192308
7,4,0.0769231
6,4,0.0769231
5,5,0.0961538
4,6,0.115385
3,2,0.0384615
2,4,0.0769231
1,8,0.153846
0,2,0.0384615
