switch_id,used_rules,usage
11,1,0.0192308
10,0,0
9,1,0.0192308
8,1,0.0192308
7,2,0.0384615
6,2,0.0384615
5,3,0.0576923
4,4,0.0769231
3,2,0.0384615
2,3,0.0576923
1,4,0.0769231
0,1,0.0192308
