switch_id,used_rules,usage
11,53,1.01923
10,29,0.557692
9,41,0.788462
8,41,0.788462
7,49,0.942308
6,85,1.63462
5,77,1.48077
4,78,1.5
3,59,1.13462
2,44,0.846154
1,100,1.92308
0,27,0.519231
