switch_id,used_rules,usage
11,0,0
10,2,0.0384615
9,2,0.0384615
8,0,0
7,3,0.0576923
6,1,0.0192308
5,0,0
4,3,0.0576923
3,2,0.0384615
2,0,0
1,2,0.0384615
0,1,0.0192308
