switch_id,used_rules,usage
11,4,0.0769231
10,1,0.0192308
9,1,0.0192308
8,2,0.0384615
7,5,0.0961538
6,1,0.0192308
5,0,0
4,7,0.134615
3,1,0.0192308
2,1,0.0192308
1,6,0.115385
0,1,0.0192308
