switch_id,used_rules,usage
11,1,0.0192308
10,0,0
9,3,0.0576923
8,0,0
7,4,0.0769231
6,2,0.0384615
5,2,0.0384615
4,5,0.0961538
3,1,0.0192308
2,1,0.0192308
1,3,0.0576923
0,0,0
