switch_id,used_rules,usage
11,1,0.0192308
10,2,0.0384615
9,0,0
8,2,0.0384615
7,0,0
6,3,0.0576923
5,4,0.0769231
4,3,0.0576923
3,2,0.0384615
2,2,0.0384615
1,3,0.0576923
0,0,0
