switch_id,used_rules,usage
11,1,0.0192308
10,3,0.0576923
9,2,0.0384615
8,1,0.0192308
7,5,0.0961538
6,5,0.0961538
5,4,0.0769231
4,8,0.153846
3,4,0.0769231
2,2,0.0384615
1,6,0.115385
0,3,0.0576923
