switch_id,used_rules,usage
11,1,0.0192308
10,2,0.0384615
9,1,0.0192308
8,2,0.0384615
7,1,0.0192308
6,2,0.0384615
5,1,0.0192308
4,2,0.0384615
3,1,0.0192308
2,1,0.0192308
1,1,0.0192308
0,1,0.0192308
