switch_id,used_rules,usage
11,7,0.134615
10,1,0.0192308
9,4,0.0769231
8,5,0.0961538
7,6,0.115385
6,5,0.0961538
5,7,0.134615
4,12,0.230769
3,4,0.0769231
2,6,0.115385
1,13,0.25
0,1,0.0192308
