switch_id,used_rules,usage
11,76,1.46154
10,43,0.826923
9,61,1.17308
8,60,1.15385
7,64,1.23077
6,125,2.40385
5,108,2.07692
4,93,1.78846
3,95,1.82692
2,59,1.13462
1,135,2.59615
0,33,0.634615
