switch_id,used_rules,usage
11,4,0.0769231
10,2,0.0384615
9,8,0.153846
8,2,0.0384615
7,8,0.153846
6,1,0.0192308
5,2,0.0384615
4,7,0.134615
3,1,0.0192308
2,2,0.0384615
1,7,0.134615
0,2,0.0384615
