switch_id,used_rules,usage
11,64,1.23077
10,33,0.634615
9,52,1
8,49,0.942308
7,57,1.09615
6,103,1.98077
5,90,1.73077
4,83,1.59615
3,76,1.46154
2,52,1
1,115,2.21154
0,28,0.538462
