switch_id,used_rules,usage
11,2,0.0384615
10,1,0.0192308
9,1,0.0192308
8,0,0
7,3,0.0576923
6,2,0.0384615
5,6,0.115385
4,6,0.115385
3,1,0.0192308
2,5,0.0961538
1,6,0.115385
0,0,0
