switch_id,used_rules,usage
11,2,0.0384615
10,1,0.0192308
9,1,0.0192308
8,1,0.0192308
7,3,0.0576923
6,3,0.0576923
5,1,0.0192308
4,5,0.0961538
3,1,0.0192308
2,1,0.0192308
1,2,0.0384615
0,0,0
