switch_id,used_rules,usage
11,75,1.44231
10,60,1.15385
9,83,1.59615
8,58,1.11538
7,62,1.19231
6,140,2.69231
5,109,2.09615
4,96,1.84615
3,115,2.21154
2,53,1.01923
1,141,2.71154
0,37,0.711538
