switch_id,used_rules,usage
11,4,0.0769231
10,1,0.0192308
9,1,0.0192308
8,1,0.0192308
7,4,0.0769231
6,12,0.230769
5,8,0.153846
4,11,0.211538
3,5,0.0961538
2,6,0.115385
1,7,0.134615
0,1,0.0192308
