switch_id,used_rules,usage
11,1,0.0192308
10,0,0
9,3,0.0576923
8,2,0.0384615
7,4,0.0769231
6,6,0.115385
5,5,0.0961538
4,4,0.0769231
3,4,0.0769231
2,4,0.0769231
1,3,0.0576923
0,1,0.0192308
