switch_id,used_rules,usage
11,73,1.40385
10,63,1.21154
9,87,1.67308
8,58,1.11538
7,65,1.25
6,144,2.76923
5,113,2.17308
4,101,1.94231
3,116,2.23077
2,57,1.09615
1,143,2.75
0,40,0.769231
