switch_id,used_rules,usage
11,0,0
10,1,0.0192308
9,2,0.0384615
8,1,0.0192308
7,3,0.0576923
6,1,0.0192308
5,3,0.0576923
4,3,0.0576923
3,1,0.0192308
2,3,0.0576923
1,2,0.0384615
0,0,0
