switch_id,used_rules,usage
11,2,0.0384615
10,2,0.0384615
9,4,0.0769231
8,1,0.0192308
7,6,0.115385
6,5,0.0961538
5,4,0.0769231
4,10,0.192308
3,3,0.0576923
2,3,0.0576923
1,9,0.173077
0,3,0.0576923
