switch_id,used_rules,usage
11,1,0.0192308
10,3,0.0576923
9,2,0.0384615
8,1,0.0192308
7,4,0.0769231
6,3,0.0576923
5,4,0.0769231
4,5,0.0961538
3,3,0.0576923
2,4,0.0769231
1,4,0.0769231
0,1,0.0192308
