switch_id,used_rules,usage
11,2,0.0384615
10,1,0.0192308
9,2,0.0384615
8,1,0.0192308
7,3,0.0576923
6,1,0.0192308
5,0,0
4,4,0.0769231
3,3,0.0576923
2,0,0
1,3,0.0576923
0,1,0.0192308
