switch_id,used_rules,usage
11,1,0.0192308
10,0,0
9,2,0.0384615
8,1,0.0192308
7,5,0.0961538
6,1,0.0192308
5,4,0.0769231
4,5,0.0961538
3,1,0.0192308
2,3,0.0576923
1,5,0.0961538
0,2,0.0384615
