switch_id,used_rules,usage
11,73,1.40385
10,62,1.19231
9,86,1.65385
8,58,1.11538
7,65,1.25
6,143,2.75
5,112,2.15385
4,101,1.94231
3,115,2.21154
2,57,1.09615
1,142,2.73077
0,40,0.769231
