switch_id,used_rules,usage
11,104,2
10,72,1.38462
9,110,2.11538
8,90,1.73077
7,94,1.80769
6,173,3.32692
5,140,2.69231
4,144,2.76923
3,141,2.71154
2,80,1.53846
1,191,3.67308
0,39,0.75
