switch_id,used_rules,usage
11,67,1.28846
10,55,1.05769
9,78,1.5
8,51,0.980769
7,60,1.15385
6,127,2.44231
5,103,1.98077
4,92,1.76923
3,106,2.03846
2,50,0.961538
1,133,2.55769
0,37,0.711538
