switch_id,used_rules,usage
11,0,0
10,1,0.0192308
9,1,0.0192308
8,1,0.0192308
7,2,0.0384615
6,5,0.0961538
5,4,0.0769231
4,4,0.0769231
3,3,0.0576923
2,2,0.0384615
1,4,0.0769231
0,1,0.0192308
