switch_id,used_rules,usage
11,2,0.0384615
10,0,0
9,4,0.0769231
8,3,0.0576923
7,3,0.0576923
6,7,0.134615
5,6,0.115385
4,6,0.115385
3,7,0.134615
2,5,0.0961538
1,6,0.115385
0,1,0.0192308
