switch_id,used_rules,usage
11,2,0.0384615
10,4,0.0769231
9,7,0.134615
8,3,0.0576923
7,7,0.134615
6,5,0.0961538
5,7,0.134615
4,10,0.192308
3,4,0.0769231
2,5,0.0961538
1,9,0.173077
0,1,0.0192308
