switch_id,used_rules,usage
11,4,0.0769231
10,1,0.0192308
9,3,0.0576923
8,4,0.0769231
7,5,0.0961538
6,5,0.0961538
5,5,0.0961538
4,7,0.134615
3,3,0.0576923
2,5,0.0961538
1,6,0.115385
0,1,0.0192308
