switch_id,used_rules,usage
11,86,1.65385
10,67,1.28846
9,96,1.84615
8,66,1.26923
7,66,1.26923
6,161,3.09615
5,120,2.30769
4,110,2.11538
3,131,2.51923
2,59,1.13462
1,157,3.01923
0,41,0.788462
