switch_id,used_rules,usage
11,106,2.03846
10,100,1.92308
9,135,2.59615
8,91,1.75
7,96,1.84615
6,198,3.80769
5,154,2.96154
4,149,2.86538
3,167,3.21154
2,80,1.53846
1,205,3.94231
0,47,0.903846
