switch_id,used_rules,usage
11,2,0.0384615
10,1,0.0192308
9,2,0.0384615
8,2,0.0384615
7,5,0.0961538
6,0,0
5,2,0.0384615
4,5,0.0961538
3,0,0
2,2,0.0384615
1,4,0.0769231
0,0,0
