switch_id,used_rules,usage
11,0,0
10,1,0.0192308
9,2,0.0384615
8,0,0
7,3,0.0576923
6,5,0.0961538
5,3,0.0576923
4,4,0.0769231
3,2,0.0384615
2,3,0.0576923
1,1,0.0192308
0,0,0
