switch_id,used_rules,usage
11,4,0.0769231
10,0,0
9,1,0.0192308
8,3,0.0576923
7,2,0.0384615
6,3,0.0576923
5,5,0.0961538
4,6,0.115385
3,1,0.0192308
2,2,0.0384615
1,8,0.153846
0,2,0.0384615
