switch_id,used_rules,usage
11,1,0.0192308
10,1,0.0192308
9,1,0.0192308
8,2,0.0384615
7,1,0.0192308
6,3,0.0576923
5,2,0.0384615
4,1,0.0192308
3,4,0.0769231
2,2,0.0384615
1,2,0.0384615
0,0,0
