switch_id,used_rules,usage
11,1,0.0192308
10,1,0.0192308
9,3,0.0576923
8,2,0.0384615
7,3,0.0576923
6,6,0.115385
5,8,0.153846
4,4,0.0769231
3,6,0.115385
2,5,0.0961538
1,6,0.115385
0,2,0.0384615
