switch_id,used_rules,usage
11,2,0.0384615
10,1,0.0192308
9,4,0.0769231
8,4,0.0769231
7,4,0.0769231
6,4,0.0769231
5,5,0.0961538
4,5,0.0961538
3,3,0.0576923
2,5,0.0961538
1,4,0.0769231
0,0,0
