switch_id,used_rules,usage
11,3,0.0576923
10,1,0.0192308
9,3,0.0576923
8,2,0.0384615
7,3,0.0576923
6,4,0.0769231
5,3,0.0576923
4,6,0.115385
3,3,0.0576923
2,2,0.0384615
1,6,0.115385
0,4,0.0769231
