switch_id,used_rules,usage
11,2,0.0384615
10,2,0.0384615
9,3,0.0576923
8,2,0.0384615
7,4,0.0769231
6,3,0.0576923
5,5,0.0961538
4,5,0.0961538
3,3,0.0576923
2,4,0.0769231
1,7,0.134615
0,1,0.0192308
