switch_id,used_rules,usage
11,2,0.0384615
10,1,0.0192308
9,1,0.0192308
8,2,0.0384615
7,3,0.0576923
6,6,0.115385
5,10,0.192308
4,6,0.115385
3,3,0.0576923
2,7,0.134615
1,8,0.153846
0,2,0.0384615
