switch_id,used_rules,usage
11,2,0.0384615
10,0,0
9,2,0.0384615
8,2,0.0384615
7,0,0
6,4,0.0769231
5,4,0.0769231
4,1,0.0192308
3,2,0.0384615
2,4,0.0769231
1,4,0.0769231
0,2,0.0384615
