switch_id,used_rules,usage
11,2,0.0384615
10,2,0.0384615
9,3,0.0576923
8,2,0.0384615
7,4,0.0769231
6,4,0.0769231
5,6,0.115385
4,7,0.134615
3,3,0.0576923
2,5,0.0961538
1,7,0.134615
0,2,0.0384615
