switch_id,used_rules,usage
11,74,1.42308
10,40,0.769231
9,55,1.05769
8,60,1.15385
7,58,1.11538
6,120,2.30769
5,105,2.01923
4,94,1.80769
3,88,1.69231
2,59,1.13462
1,132,2.53846
0,30,0.576923
