switch_id,used_rules,usage
11,1,0.0192308
10,1,0.0192308
9,2,0.0384615
8,1,0.0192308
7,4,0.0769231
6,4,0.0769231
5,3,0.0576923
4,4,0.0769231
3,3,0.0576923
2,4,0.0769231
1,2,0.0384615
0,0,0
