switch_id,used_rules,usage
11,2,0.0384615
10,0,0
9,0,0
8,1,0.0192308
7,2,0.0384615
6,1,0.0192308
5,2,0.0384615
4,4,0.0769231
3,0,0
2,1,0.0192308
1,4,0.0769231
0,2,0.0384615
