switch_id,used_rules,usage
11,4,0.0769231
10,3,0.0576923
9,3,0.0576923
8,2,0.0384615
7,4,0.0769231
6,6,0.115385
5,5,0.0961538
4,8,0.153846
3,2,0.0384615
2,5,0.0961538
1,9,0.173077
0,3,0.0576923
