switch_id,used_rules,usage
11,1,0.0192308
10,2,0.0384615
9,4,0.0769231
8,0,0
7,8,0.153846
6,4,0.0769231
5,5,0.0961538
4,6,0.115385
3,4,0.0769231
2,4,0.0769231
1,4,0.0769231
0,1,0.0192308
