switch_id,used_rules,usage
11,2,0.0384615
10,1,0.0192308
9,1,0.0192308
8,4,0.0769231
7,1,0.0192308
6,5,0.0961538
5,6,0.115385
4,4,0.0769231
3,2,0.0384615
2,5,0.0961538
1,4,0.0769231
0,0,0
