switch_id,used_rules,usage
11,81,1.55769
10,65,1.25
9,93,1.78846
8,62,1.19231
7,65,1.25
6,152,2.92308
5,118,2.26923
4,105,2.01923
3,125,2.40385
2,57,1.09615
1,153,2.94231
0,40,0.769231
