switch_id,used_rules,usage
11,1,0.0192308
10,0,0
9,2,0.0384615
8,3,0.0576923
7,1,0.0192308
6,3,0.0576923
5,5,0.0961538
4,3,0.0576923
3,3,0.0576923
2,4,0.0769231
1,4,0.0769231
0,2,0.0384615
