switch_id,used_rules,usage
11,68,1.30769
10,56,1.07692
9,83,1.59615
8,53,1.01923
7,63,1.21154
6,130,2.5
5,107,2.05769
4,92,1.76923
3,110,2.11538
2,53,1.01923
1,133,2.55769
0,37,0.711538
