switch_id,used_rules,usage
11,1,0.0192308
10,2,0.0384615
9,2,0.0384615
8,0,0
7,4,0.0769231
6,7,0.134615
5,7,0.134615
4,7,0.134615
3,2,0.0384615
2,4,0.0769231
1,5,0.0961538
0,1,0.0192308
