switch_id,used_rules,usage
11,86,1.65385
10,70,1.34615
9,98,1.88462
8,67,1.28846
7,64,1.23077
6,158,3.03846
5,122,2.34615
4,107,2.05769
3,132,2.53846
2,59,1.13462
1,159,3.05769
0,41,0.788462
