switch_id,used_rules,usage
11,77,1.48077
10,57,1.09615
9,81,1.55769
8,59,1.13462
7,62,1.19231
6,137,2.63462
5,108,2.07692
4,97,1.86538
3,111,2.13462
2,54,1.03846
1,142,2.73077
0,37,0.711538
