switch_id,used_rules,usage
11,2,0.0384615
10,1,0.0192308
9,2,0.0384615
8,0,0
7,3,0.0576923
6,2,0.0384615
5,2,0.0384615
4,4,0.0769231
3,2,0.0384615
2,1,0.0192308
1,4,0.0769231
0,1,0.0192308
