switch_id,used_rules,usage
11,4,0.0769231
10,3,0.0576923
9,4,0.0769231
8,3,0.0576923
7,4,0.0769231
6,6,0.115385
5,7,0.134615
4,7,0.134615
3,6,0.115385
2,6,0.115385
1,7,0.134615
0,1,0.0192308
