switch_id,used_rules,usage
11,64,1.23077
10,41,0.788462
9,53,1.01923
8,48,0.923077
7,57,1.09615
6,107,2.05769
5,94,1.80769
4,83,1.59615
3,81,1.55769
2,49,0.942308
1,118,2.26923
0,28,0.538462
