switch_id,used_rules,usage
11,0,0
10,1,0.0192308
9,3,0.0576923
8,1,0.0192308
7,5,0.0961538
6,4,0.0769231
5,6,0.115385
4,6,0.115385
3,1,0.0192308
2,5,0.0961538
1,7,0.134615
0,2,0.0384615
