switch_id,used_rules,usage
11,64,1.23077
10,53,1.01923
9,75,1.44231
8,49,0.942308
7,59,1.13462
6,123,2.36538
5,101,1.94231
4,90,1.73077
3,103,1.98077
2,47,0.903846
1,130,2.5
0,37,0.711538
