switch_id,used_rules,usage
11,4,0.0769231
10,2,0.0384615
9,4,0.0769231
8,3,0.0576923
7,8,0.153846
6,7,0.134615
5,9,0.173077
4,11,0.211538
3,4,0.0769231
2,7,0.134615
1,10,0.192308
0,2,0.0384615
