switch_id,used_rules,usage
11,1,0.0192308
10,2,0.0384615
9,1,0.0192308
8,2,0.0384615
7,3,0.0576923
6,3,0.0576923
5,4,0.0769231
4,5,0.0961538
3,1,0.0192308
2,4,0.0769231
1,5,0.0961538
0,1,0.0192308
