switch_id,used_rules,usage
11,1,0.0192308
10,0,0
9,3,0.0576923
8,0,0
7,2,0.0384615
6,3,0.0576923
5,4,0.0769231
4,1,0.0192308
3,3,0.0576923
2,3,0.0576923
1,2,0.0384615
0,1,0.0192308
