switch_id,used_rules,usage
11,0,0
10,0,0
9,0,0
8,0,0
7,0,0
6,1,0.0192308
5,0,0
4,2,0.0384615
3,0,0
2,0,0
1,1,0.0192308
0,0,0
