switch_id,used_rules,usage
11,1,0.0192308
10,1,0.0192308
9,2,0.0384615
8,0,0
7,0,0
6,2,0.0384615
5,2,0.0384615
4,1,0.0192308
3,1,0.0192308
2,1,0.0192308
1,1,0.0192308
0,0,0
