switch_id,used_rules,usage
11,2,0.0384615
10,0,0
9,2,0.0384615
8,2,0.0384615
7,7,0.134615
6,3,0.0576923
5,4,0.0769231
4,7,0.134615
3,1,0.0192308
2,3,0.0576923
1,6,0.115385
0,2,0.0384615
