switch_id,used_rules,usage
11,6,0.115385
10,1,0.0192308
9,2,0.0384615
8,3,0.0576923
7,4,0.0769231
6,6,0.115385
5,5,0.0961538
4,5,0.0961538
3,5,0.0961538
2,3,0.0576923
1,6,0.115385
0,1,0.0192308
