switch_id,used_rules,usage
11,0,0
10,3,0.0576923
9,1,0.0192308
8,1,0.0192308
7,3,0.0576923
6,5,0.0961538
5,5,0.0961538
4,5,0.0961538
3,5,0.0961538
2,4,0.0769231
1,4,0.0769231
0,1,0.0192308
