switch_id,used_rules,usage
11,1,0.0192308
10,1,0.0192308
9,2,0.0384615
8,2,0.0384615
7,3,0.0576923
6,4,0.0769231
5,5,0.0961538
4,5,0.0961538
3,1,0.0192308
2,5,0.0961538
1,3,0.0576923
0,1,0.0192308
