switch_id,used_rules,usage
11,5,0.0961538
10,2,0.0384615
9,6,0.115385
8,3,0.0576923
7,7,0.134615
6,3,0.0576923
5,5,0.0961538
4,12,0.230769
3,2,0.0384615
2,2,0.0384615
1,12,0.230769
0,2,0.0384615
