switch_id,used_rules,usage
11,54,1.03846
10,31,0.596154
9,48,0.923077
8,42,0.807692
7,52,1
6,92,1.76923
5,82,1.57692
4,75,1.44231
3,68,1.30769
2,46,0.884615
1,102,1.96154
0,26,0.5
