switch_id,used_rules,usage
11,81,1.55769
10,66,1.26923
9,92,1.76923
8,62,1.19231
7,63,1.21154
6,152,2.92308
5,115,2.21154
4,101,1.94231
3,127,2.44231
2,56,1.07692
1,150,2.88462
0,40,0.769231
