switch_id,used_rules,usage
11,65,1.25
10,36,0.692308
9,51,0.980769
8,49,0.942308
7,54,1.03846
6,100,1.92308
5,89,1.71154
4,79,1.51923
3,75,1.44231
2,48,0.923077
1,115,2.21154
0,28,0.538462
