switch_id,used_rules,usage
11,68,1.30769
10,53,1.01923
9,78,1.5
8,52,1
7,58,1.11538
6,128,2.46154
5,101,1.94231
4,94,1.80769
3,105,2.01923
2,50,0.961538
1,133,2.55769
0,38,0.730769
