switch_id,used_rules,usage
11,82,1.57692
10,44,0.846154
9,67,1.28846
8,66,1.26923
7,65,1.25
6,135,2.59615
5,111,2.13462
4,107,2.05769
3,101,1.94231
2,61,1.17308
1,148,2.84615
0,33,0.634615
