switch_id,used_rules,usage
11,4,0.0769231
10,2,0.0384615
9,5,0.0961538
8,1,0.0192308
7,3,0.0576923
6,4,0.0769231
5,6,0.115385
4,3,0.0576923
3,4,0.0769231
2,2,0.0384615
1,5,0.0961538
0,1,0.0192308
