switch_id,used_rules,usage
11,7,0.134615
10,0,0
9,1,0.0192308
8,5,0.0961538
7,3,0.0576923
6,3,0.0576923
5,5,0.0961538
4,7,0.134615
3,2,0.0384615
2,5,0.0961538
1,9,0.173077
0,2,0.0384615
