switch_id,used_rules,usage
11,2,0.0384615
10,2,0.0384615
9,2,0.0384615
8,5,0.0961538
7,3,0.0576923
6,3,0.0576923
5,4,0.0769231
4,3,0.0576923
3,1,0.0192308
2,4,0.0769231
1,3,0.0576923
0,1,0.0192308
