switch_id,used_rules,usage
11,2,0.0384615
10,0,0
9,2,0.0384615
8,1,0.0192308
7,2,0.0384615
6,2,0.0384615
5,3,0.0576923
4,4,0.0769231
3,1,0.0192308
2,1,0.0192308
1,5,0.0961538
0,1,0.0192308
