switch_id,used_rules,usage
11,4,0.0769231
10,1,0.0192308
9,2,0.0384615
8,2,0.0384615
7,4,0.0769231
6,5,0.0961538
5,5,0.0961538
4,5,0.0961538
3,4,0.0769231
2,5,0.0961538
1,5,0.0961538
0,1,0.0192308
