switch_id,used_rules,usage
11,59,1.13462
10,33,0.634615
9,46,0.884615
8,44,0.846154
7,51,0.980769
6,91,1.75
5,81,1.55769
4,80,1.53846
3,66,1.26923
2,45,0.865385
1,107,2.05769
0,27,0.519231
