switch_id,used_rules,usage
11,1,0.0192308
10,0,0
9,0,0
8,1,0.0192308
7,4,0.0769231
6,3,0.0576923
5,4,0.0769231
4,6,0.115385
3,2,0.0384615
2,2,0.0384615
1,5,0.0961538
0,2,0.0384615
