switch_id,used_rules,usage
11,1,0.0192308
10,4,0.0769231
9,4,0.0769231
8,3,0.0576923
7,6,0.115385
6,5,0.0961538
5,6,0.115385
4,5,0.0961538
3,4,0.0769231
2,5,0.0961538
1,6,0.115385
0,1,0.0192308
