switch_id,used_rules,usage
11,4,0.0769231
10,1,0.0192308
9,1,0.0192308
8,2,0.0384615
7,4,0.0769231
6,4,0.0769231
5,3,0.0576923
4,7,0.134615
3,3,0.0576923
2,3,0.0576923
1,7,0.134615
0,2,0.0384615
