switch_id,used_rules,usage
11,4,0.0769231
10,1,0.0192308
9,1,0.0192308
8,3,0.0576923
7,3,0.0576923
6,4,0.0769231
5,5,0.0961538
4,5,0.0961538
3,2,0.0384615
2,3,0.0576923
1,7,0.134615
0,4,0.0769231
