switch_id,used_rules,usage
11,2,0.0384615
10,0,0
9,0,0
8,2,0.0384615
7,3,0.0576923
6,1,0.0192308
5,1,0.0192308
4,5,0.0961538
3,0,0
2,1,0.0192308
1,5,0.0961538
0,0,0
