switch_id,used_rules,usage
11,69,1.32692
10,45,0.865385
9,70,1.34615
8,56,1.07692
7,57,1.09615
6,127,2.44231
5,102,1.96154
4,93,1.78846
3,100,1.92308
2,50,0.961538
1,134,2.57692
0,38,0.730769
