switch_id,used_rules,usage
11,127,2.44231
10,115,2.21154
9,166,3.19231
8,112,2.15385
7,125,2.40385
6,230,4.42308
5,181,3.48077
4,189,3.63462
3,200,3.84615
2,104,2
1,238,4.57692
0,48,0.923077
