switch_id,used_rules,usage
11,1,0.0192308
10,2,0.0384615
9,2,0.0384615
8,1,0.0192308
7,3,0.0576923
6,1,0.0192308
5,3,0.0576923
4,5,0.0961538
3,0,0
2,2,0.0384615
1,4,0.0769231
0,1,0.0192308
