switch_id,used_rules,usage
11,4,0.0769231
10,1,0.0192308
9,1,0.0192308
8,1,0.0192308
7,3,0.0576923
6,5,0.0961538
5,4,0.0769231
4,6,0.115385
3,2,0.0384615
2,4,0.0769231
1,6,0.115385
0,1,0.0192308
