switch_id,used_rules,usage
10,1,0.0416667
9,2,0.0833333
8,3,0.125
7,1,0.0416667
6,1,0.0416667
5,1,0.0416667
4,1,0.0416667
3,2,0.0833333
2,2,0.0833333
1,5,0.208333
0,1,0.0416667
