switch_id,used_rules,usage
10,20,0.833333
9,20,0.833333
8,28,1.16667
7,28,1.16667
6,20,0.833333
5,17,0.708333
4,20,0.833333
3,11,0.458333
2,16,0.666667
1,34,1.41667
0,14,0.583333
