switch_id,used_rules,usage
10,4,0.166667
9,2,0.0833333
8,6,0.25
7,4,0.166667
6,3,0.125
5,2,0.0833333
4,0,0
3,1,0.0416667
2,1,0.0416667
1,6,0.25
0,1,0.0416667
