switch_id,used_rules,usage
10,6,0.25
9,7,0.291667
8,10,0.416667
7,7,0.291667
6,6,0.25
5,3,0.125
4,5,0.208333
3,4,0.166667
2,5,0.208333
1,10,0.416667
0,5,0.208333
