switch_id,used_rules,usage
10,8,0.333333
9,6,0.25
8,10,0.416667
7,9,0.375
6,5,0.208333
5,3,0.125
4,5,0.208333
3,4,0.166667
2,6,0.25
1,12,0.5
0,4,0.166667
