switch_id,used_rules,usage
10,3,0.125
9,3,0.125
8,7,0.291667
7,3,0.125
6,3,0.125
5,1,0.0416667
4,1,0.0416667
3,3,0.125
2,3,0.125
1,6,0.25
0,2,0.0833333
