switch_id,used_rules,usage
10,3,0.125
9,2,0.0833333
8,3,0.125
7,3,0.125
6,1,0.0416667
5,2,0.0833333
4,2,0.0833333
3,3,0.125
2,3,0.125
1,6,0.25
0,2,0.0833333
