switch_id,used_rules,usage
10,17,0.708333
9,22,0.916667
8,25,1.04167
7,29,1.20833
6,21,0.875
5,18,0.75
4,24,1
3,11,0.458333
2,17,0.708333
1,36,1.5
0,15,0.625
