source,destination,length,path
8,1,1,8,1,20.9434
8,1,2,8,5,1,7.35849
8,1,3,8,0,7,1,1.69811
2,3,1,2,3,17.5472
2,3,2,2,5,3,12.4528
6,7,1,6,7,19.8113
6,7,2,6,0,7,0.566038
6,7,2,6,9,7,2.26415
6,7,2,6,10,7,7.35849
9,2,1,9,2,18.6792
9,2,3,9,6,4,2,6.22642
9,2,3,9,7,4,2,3.96226
9,2,4,9,7,4,3,2,0.566038
9,2,3,9,7,5,2,0.566038
8,10,1,8,10,19.5818
8,10,2,8,7,10,6.52728
8,10,3,8,0,7,10,1.08788
8,10,3,8,5,2,10,1.63182
1,7,1,1,7,15.7742
1,7,2,1,10,7,5.4394
1,7,2,1,9,7,7.61515
1,4,1,1,4,13.7073
1,4,3,1,10,6,4,6.85364
1,4,3,1,9,6,4,2.44773
1,4,3,1,10,7,4,1.46864
1,4,3,1,9,7,4,0.489546
1,4,2,1,7,4,0.979091
0,6,1,0,6,18.7659
0,6,2,0,7,6,6.09892
2,4,1,2,4,17.2837
2,4,2,2,5,4,4.63709
2,4,3,2,10,7,4,0.421553
5,7,1,5,7,18.7659
5,7,3,5,2,10,7,1.56383
5,7,4,5,3,2,10,7,0.390957
0,9,1,0,9,19.9388
0,9,2,0,7,9,0.781913
9,10,1,9,10,19.2453
9,10,2,9,6,10,9.62264
9,10,2,9,1,10,1.13208
4,7,1,4,7,18.7251
4,7,3,4,2,10,7,0.734318
3,4,1,3,4,13.9215
3,4,2,3,5,4,4.99745
8,7,1,8,7,12.9186
8,7,2,8,0,7,5.09943
10,2,1,10,2,16.4916
10,2,3,10,7,4,2,0.336563
10,2,3,10,6,4,2,0.673125
10,2,4,10,6,4,3,2,0.336563
4,5,1,4,5,13.2415
4,5,2,4,3,5,3.87557
1,2,1,1,2,20.9434
1,2,3,1,8,5,2,1.13208
1,2,2,1,5,2,2.83019
1,2,2,1,10,2,1.69811
1,2,2,1,4,2,1.69811
1,2,2,1,9,2,1.69811
10,1,1,10,1,15.283
10,1,2,10,9,1,12.4528
10,1,2,10,7,1,1.13208
10,1,3,10,6,9,1,1.13208
8,9,1,8,9,21.5094
8,9,2,8,7,9,0.566038
8,9,3,8,5,2,9,4.5283
8,9,3,8,0,7,9,1.69811
8,9,2,8,1,9,0.566038
8,9,2,8,10,9,0.566038
8,9,4,8,5,3,2,9,0.566038
0,8,1,0,8,22.0755
0,8,2,0,7,8,3.96226
0,8,2,0,9,8,1.13208
0,8,2,0,6,8,2.26415
0,8,3,0,7,9,8,0.566038
8,6,1,8,6,22.0755
8,6,3,8,5,4,6,3.96226
8,6,2,8,0,6,0.566038
8,6,2,8,7,6,1.13208
8,6,2,8,10,6,1.69811
8,6,4,8,5,2,10,6,0.566038
1,5,1,1,5,18.1132
1,5,2,1,8,5,1.69811
1,5,2,1,7,5,4.5283
1,5,3,1,9,7,5,5.09434
1,5,2,1,3,5,0.566038
1,3,1,1,3,20.9434
1,3,2,1,4,3,5.66038
1,3,4,1,10,6,4,3,2.26415
1,3,4,1,9,6,4,3,0.566038
1,3,4,1,10,7,5,3,0.566038
