switch_id,used_rules,usage
10,6,0.25
9,6,0.25
8,7,0.291667
7,7,0.291667
6,7,0.291667
5,2,0.0833333
4,4,0.166667
3,3,0.125
2,4,0.166667
1,11,0.458333
0,5,0.208333
