switch_id,used_rules,usage
10,17,0.708333
9,16,0.666667
8,21,0.875
7,23,0.958333
6,14,0.583333
5,14,0.583333
4,16,0.666667
3,11,0.458333
2,12,0.5
1,28,1.16667
0,9,0.375
