switch_id,used_rules,usage
10,5,0.208333
9,5,0.208333
8,8,0.333333
7,8,0.333333
6,3,0.125
5,3,0.125
4,5,0.208333
3,3,0.125
2,4,0.166667
1,9,0.375
0,3,0.125
