switch_id,used_rules,usage
10,5,0.208333
9,3,0.125
8,5,0.208333
7,4,0.166667
6,3,0.125
5,2,0.0833333
4,1,0.0416667
3,2,0.0833333
2,4,0.166667
1,8,0.333333
0,2,0.0833333
