switch_id,used_rules,usage
10,17,0.708333
9,15,0.625
8,18,0.75
7,22,0.916667
6,18,0.75
5,16,0.666667
4,18,0.75
3,8,0.333333
2,14,0.583333
1,20,0.833333
0,9,0.375
