switch_id,used_rules,usage
10,7,0.291667
9,5,0.208333
8,7,0.291667
7,5,0.208333
6,4,0.166667
5,1,0.0416667
4,1,0.0416667
3,2,0.0833333
2,5,0.208333
1,7,0.291667
0,2,0.0833333
