switch_id,used_rules,usage
10,20,0.833333
9,22,0.916667
8,22,0.916667
7,28,1.16667
6,17,0.708333
5,19,0.791667
4,20,0.833333
3,11,0.458333
2,18,0.75
1,37,1.54167
0,13,0.541667
