source,destination,length,path
8,1,1,8,1,27.9
8,1,2,8,7,1,8.47893
8,1,2,8,5,1,15.7737
8,1,3,8,7,4,1,3.22103
8,1,3,8,5,2,1,5.2579
2,3,1,2,3,20.3684
2,3,2,2,5,3,13.579
6,7,1,6,7,22.4684
6,7,2,6,0,7,5.2579
6,7,2,6,10,7,4.31051
6,7,2,6,4,7,1.43684
9,2,1,9,2,23.9211
9,2,3,9,6,4,2,7.18421
8,10,1,8,10,20.2105
8,10,2,8,7,10,5.05263
1,7,1,1,7,20.2105
1,7,2,1,9,7,5.05263
1,4,1,1,4,22.7369
0,6,1,0,6,21.7895
2,4,1,2,4,19.579
5,7,1,5,7,18.1579
0,9,1,0,9,18.1579
9,10,1,9,10,26.2895
9,10,2,9,7,10,5.2579
9,10,2,9,1,10,10.5158
9,10,2,9,6,10,10.5158
4,7,1,4,7,17.0526
3,4,1,3,4,13.2632
3,4,2,3,5,4,3.31579
8,7,1,8,7,9.47369
8,7,2,8,0,7,6.31579
10,2,1,10,2,15.6316
4,5,1,4,5,15
1,2,1,1,2,28.0737
1,2,2,1,3,2,3.52105
1,2,2,1,10,2,3.52105
1,2,2,1,5,2,8.77895
10,1,1,10,1,24.1737
10,1,2,10,9,1,9.4263
10,1,2,10,7,1,5.2579
10,1,3,10,6,4,1,3.1421
8,9,1,8,9,29.3369
8,9,2,8,6,9,9.14209
8,9,3,8,0,7,9,3.04736
0,8,1,0,8,26.8105
0,8,2,0,9,8,8.14737
0,8,2,0,7,8,2.88947
0,8,2,0,6,8,2.88947
8,6,1,8,6,20.8579
8,6,3,8,5,4,6,2.5421
8,6,2,8,10,6,7.8
8,6,3,8,0,7,6,7.8
1,5,1,1,5,17.1947
1,5,2,1,8,5,2.22631
1,5,2,1,7,5,5.2579
1,5,3,1,9,7,5,10.5158
1,5,2,1,3,5,2.22631
1,3,1,1,3,22.4526
1,3,2,1,4,3,2.22631
1,3,4,1,9,7,4,3,2.22631
1,3,4,1,10,7,4,3,5.2579
1,3,4,1,10,6,4,3,5.2579
