switch_id,used_rules,usage
10,6,0.25
9,6,0.25
8,9,0.375
7,9,0.375
6,6,0.25
5,3,0.125
4,4,0.166667
3,3,0.125
2,5,0.208333
1,13,0.541667
0,4,0.166667
