switch_id,used_rules,usage
10,15,0.625
9,18,0.75
8,24,1
7,24,1
6,18,0.75
5,14,0.583333
4,17,0.708333
3,10,0.416667
2,13,0.541667
1,30,1.25
0,11,0.458333
