switch_id,used_rules,usage
10,5,0.208333
9,8,0.333333
8,10,0.416667
7,10,0.416667
6,5,0.208333
5,4,0.166667
4,5,0.208333
3,5,0.208333
2,6,0.25
1,13,0.541667
0,5,0.208333
