switch_id,used_rules,usage
10,1,0.0416667
9,2,0.0833333
8,3,0.125
7,0,0
6,0,0
5,1,0.0416667
4,1,0.0416667
3,1,0.0416667
2,3,0.125
1,3,0.125
0,1,0.0416667
