switch_id,used_rules,usage
10,20,0.833333
9,26,1.08333
8,28,1.16667
7,32,1.33333
6,24,1
5,22,0.916667
4,32,1.33333
3,15,0.625
2,19,0.791667
1,44,1.83333
0,16,0.666667
