switch_id,used_rules,usage
10,6,0.25
9,6,0.25
8,8,0.333333
7,5,0.208333
6,6,0.25
5,5,0.208333
4,4,0.166667
3,3,0.125
2,7,0.291667
1,9,0.375
0,4,0.166667
