switch_id,used_rules,usage
10,8,0.333333
9,6,0.25
8,7,0.291667
7,9,0.375
6,5,0.208333
5,2,0.0833333
4,4,0.166667
3,4,0.166667
2,4,0.166667
1,11,0.458333
0,4,0.166667
