switch_id,used_rules,usage
10,36,1.5
9,43,1.79167
8,44,1.83333
7,48,2
6,34,1.41667
5,36,1.5
4,42,1.75
3,20,0.833333
2,31,1.29167
1,62,2.58333
0,19,0.791667
