switch_id,used_rules,usage
10,3,0.125
9,4,0.166667
8,6,0.25
7,3,0.125
6,3,0.125
5,2,0.0833333
4,4,0.166667
3,3,0.125
2,4,0.166667
1,8,0.333333
0,3,0.125
