switch_id,used_rules,usage
10,7,0.291667
9,8,0.333333
8,8,0.333333
7,10,0.416667
6,5,0.208333
5,3,0.125
4,5,0.208333
3,6,0.25
2,7,0.291667
1,11,0.458333
0,5,0.208333
