switch_id,used_rules,usage
10,34,1.41667
9,36,1.5
8,36,1.5
7,47,1.95833
6,28,1.16667
5,34,1.41667
4,40,1.66667
3,25,1.04167
2,32,1.33333
1,56,2.33333
0,20,0.833333
