switch_id,used_rules,usage
10,6,0.25
9,7,0.291667
8,9,0.375
7,5,0.208333
6,6,0.25
5,5,0.208333
4,3,0.125
3,5,0.208333
2,8,0.333333
1,9,0.375
0,4,0.166667
