source,destination,length,path
8,1,1,8,1,29.2663
8,1,2,8,7,1,9.23817
8,1,2,8,5,1,17.2494
8,1,3,8,0,7,1,4.00562
8,1,4,8,10,6,4,1,2.45387
8,1,3,8,5,4,1,1.22694
8,1,2,8,9,1,1.22694
2,3,1,2,3,20.6897
2,3,2,2,5,3,15.5172
6,7,1,6,7,23.312
6,7,2,6,9,7,4.00562
6,7,2,6,10,7,7.28949
6,7,2,6,4,7,1.09462
9,2,1,9,2,25.5012
9,2,3,9,6,4,2,2.93503
9,2,3,9,7,4,2,4.73938
8,10,1,8,10,26.9447
1,7,1,1,7,15.397
1,7,2,1,10,7,7.69848
1,7,3,1,9,0,7,3.84924
1,4,1,1,4,20.7859
1,4,3,1,9,6,4,3.46432
0,6,1,0,6,19.9198
0,6,2,0,7,6,3.31997
2,4,1,2,4,17.899
2,4,2,2,5,4,2.98316
5,7,1,5,7,19.3665
0,9,1,0,9,19.3665
9,10,1,9,10,28.0393
9,10,2,9,6,10,13.5084
9,10,2,9,1,10,9.5028
9,10,2,9,7,10,9.5028
9,10,2,9,2,10,0.745782
4,7,1,4,7,18.1877
3,4,1,3,4,15.1564
3,4,2,3,5,4,2.52606
8,7,1,8,7,12.0289
8,7,2,8,0,7,4.81155
10,2,1,10,2,16.672
4,5,1,4,5,13.7129
4,5,2,4,3,5,2.28549
1,2,1,1,2,28.0754
1,2,2,1,5,2,9.37049
1,2,3,1,7,4,2,2.68243
1,2,3,1,7,5,2,2.68243
1,2,4,1,10,6,4,2,4.00562
10,1,1,10,1,23.9856
10,1,2,10,9,1,10.405
10,1,2,10,2,1,4.00562
10,1,3,10,6,4,1,4.00562
10,1,2,10,7,1,2.39374
8,9,1,8,9,28.6768
8,9,2,8,7,9,2.32157
8,9,2,8,0,9,2.32157
8,9,2,8,6,9,10.9703
0,8,1,0,8,28.4363
0,8,2,0,7,8,8.40818
0,8,2,0,6,8,2.20128
0,8,2,0,9,8,4.40256
8,6,1,8,6,17.8268
8,6,3,8,5,4,6,7.87891
8,6,2,8,0,6,7.87891
8,6,2,8,7,6,4.00562
8,6,3,8,0,7,6,4.00562
1,5,1,1,5,19.4146
1,5,2,1,3,5,5.70169
1,5,2,1,8,5,3.39213
1,5,2,1,7,5,4.00562
1,5,3,1,10,7,5,3.39213
1,5,3,1,9,7,5,4.00562
1,3,1,1,3,22.8067
1,3,2,1,4,3,5.70169
1,3,3,1,7,4,3,1.69607
1,3,4,1,9,7,4,3,5.70169
1,3,4,1,9,6,4,3,4.00562
