source,destination,length,path
8,1,1,8,1,28.2589
8,1,2,8,7,1,3.90303
8,1,2,8,5,1,12.7424
8,1,3,8,5,4,1,2.12373
8,1,3,8,7,4,1,2.77423
8,1,3,8,5,2,1,6.37118
8,1,3,8,0,7,1,5.37625
8,1,3,8,5,3,1,2.12373
2,3,1,2,3,20.7015
2,3,2,2,5,3,12.8252
2,3,2,2,4,3,2.12373
6,7,1,6,7,24.5217
6,7,2,6,0,7,0.580355
6,7,2,6,9,7,2.70408
6,7,2,6,10,7,6.18621
6,7,2,6,4,7,1.16071
9,2,1,9,2,26.6518
9,2,3,9,6,4,2,4.06887
9,2,3,9,7,5,2,0.389028
9,2,3,9,7,4,2,1.16708
9,2,2,9,10,2,0.389028
8,10,1,8,10,26.5306
1,7,1,1,7,10.2041
1,7,2,1,9,7,8.16326
1,7,2,1,10,7,8.16326
1,4,1,1,4,16.5306
1,4,3,1,10,6,4,1.83673
1,4,3,1,9,6,4,1.83673
1,4,2,1,5,4,1.83673
1,4,2,1,2,4,1.83673
0,6,1,0,6,21.1224
0,6,2,0,7,6,1.7602
2,4,1,2,4,15.8163
2,4,2,2,5,4,4.7449
5,7,1,5,7,19.0689
0,9,1,0,9,16.1352
0,9,2,0,7,9,2.93367
9,10,1,9,10,25.4847
9,10,2,9,6,10,12.7424
9,10,2,9,7,10,10.6186
9,10,2,9,1,10,6.37118
4,7,1,4,7,17.9082
3,4,1,3,4,13.3928
3,4,2,3,5,4,4.01785
8,7,1,8,7,11.4796
8,7,2,8,0,7,5.10204
10,2,1,10,2,16.4158
4,5,1,4,5,14.5408
4,5,2,4,3,5,1.21173
1,2,1,1,2,26.2054
1,2,2,1,10,2,2.84438
1,2,2,1,5,2,4.96811
1,2,3,1,7,5,2,1.42219
1,2,2,1,4,2,4.26657
1,2,3,1,7,4,2,1.42219
1,2,4,1,10,7,4,2,1.42219
1,2,2,1,3,2,1.42219
1,2,4,1,10,6,4,2,2.12373
10,1,1,10,1,21.6263
10,1,2,10,9,1,13.1569
10,1,2,10,7,1,3.39286
10,1,3,10,7,4,1,1.26913
10,1,3,10,6,4,1,3.39286
10,1,3,10,6,9,1,1.26913
8,9,1,8,9,28.8393
8,9,2,8,0,9,4.92346
8,9,3,8,0,7,9,3.69259
8,9,2,8,7,9,2.46173
8,9,2,8,6,9,2.46173
8,9,3,8,5,2,9,1.23086
0,8,1,0,8,27.8189
0,8,2,0,7,8,5.83545
0,8,2,0,6,8,4.4579
0,8,2,0,9,8,4.66836
8,6,1,8,6,27.5383
8,6,2,8,10,6,3.08035
8,6,2,8,0,6,1.02678
8,6,3,8,0,7,6,1.02678
8,6,3,8,5,4,6,2.05357
8,6,2,8,7,6,6.23086
1,5,1,1,5,17.5638
1,5,2,1,8,5,1.79846
1,5,2,1,7,5,13.3163
1,5,3,1,10,7,5,0.899232
1,5,2,1,3,5,3.92219
1,5,2,1,4,5,0.899232
1,5,3,1,9,7,5,0.899232
1,3,1,1,3,21.8112
1,3,2,1,4,3,4.49616
1,3,4,1,10,6,4,3,0.899232
1,3,3,1,7,4,3,0.899232
1,3,4,1,9,6,4,3,6.04591
1,3,4,1,9,7,4,3,2.12373
1,3,2,1,5,3,3.02296
