switch_id,used_rules,usage
10,20,0.833333
9,22,0.916667
8,26,1.08333
7,29,1.20833
6,20,0.833333
5,19,0.791667
4,21,0.875
3,12,0.5
2,16,0.666667
1,32,1.33333
0,14,0.583333
