switch_id,used_rules,usage
10,70,2.91667
9,72,3
8,63,2.625
7,75,3.125
6,56,2.33333
5,68,2.83333
4,78,3.25
3,44,1.83333
2,70,2.91667
1,116,4.83333
0,26,1.08333
