source,destination,length,path
8,1,1,8,1,20
8,1,2,8,5,1,9
8,1,2,8,7,1,1
2,3,1,2,3,18
2,3,2,2,5,3,12
6,7,1,6,7,20
6,7,2,6,0,7,1
6,7,2,6,9,7,4
6,7,2,6,10,7,5
9,2,1,9,2,16
9,2,3,9,6,4,2,8
9,2,3,9,7,4,2,3
9,2,3,9,7,5,2,2
9,2,4,9,6,4,3,2,1
8,10,1,8,10,15.3754
8,10,2,8,7,10,4.8048
8,10,3,8,0,7,10,3.84384
8,10,3,8,5,2,10,3.84384
8,10,2,8,6,10,0.96096
1,7,1,1,7,14.4144
1,7,2,1,10,7,7.68768
1,7,2,1,9,7,6.72672
1,4,1,1,4,16.4324
1,4,3,1,10,6,4,4.32432
1,4,3,1,9,7,4,1.72973
1,4,2,1,5,4,2.59459
1,4,2,1,7,4,0.864864
0,6,1,0,6,18.2342
0,6,2,0,7,6,5.8018
0,6,3,0,7,4,6,0.828828
2,4,1,2,4,17.1291
2,4,2,2,5,4,4.46846
2,4,3,2,10,7,4,0.744744
5,7,1,5,7,18.6486
5,7,3,5,2,10,7,1.38138
5,7,4,5,3,2,10,7,0.69069
0,9,1,0,9,20.03
0,9,2,0,6,9,0.69069
9,10,1,9,10,19
9,10,2,9,6,10,9
9,10,2,9,1,10,2
4,7,1,4,7,18.1621
4,7,3,4,2,10,7,1.2973
3,4,1,3,4,14.5045
3,4,2,3,5,4,4.41441
8,7,1,8,7,13.2132
8,7,2,8,0,7,4.8048
10,2,1,10,2,17.8378
4,5,1,4,5,14.2642
4,5,2,4,3,5,2.85285
1,2,1,1,2,21
1,2,2,1,5,2,3
1,2,2,1,9,2,5
1,2,4,1,9,7,4,2,1
10,1,1,10,1,16
10,1,2,10,9,1,12
10,1,2,10,7,1,2
8,9,1,8,9,22
8,9,2,8,7,9,1
8,9,2,8,1,9,1
8,9,3,8,5,2,9,3
8,9,2,8,10,9,1
8,9,3,8,10,6,9,1
8,9,2,8,6,9,1
0,8,1,0,8,22
0,8,2,0,7,8,4
0,8,2,0,6,8,2
0,8,3,0,7,9,8,1
0,8,2,0,9,8,1
8,6,1,8,6,20
8,6,3,8,5,4,6,3
8,6,2,8,0,6,1
8,6,2,8,7,6,1
8,6,2,8,10,6,5
1,5,1,1,5,16
1,5,2,1,8,5,3
1,5,3,1,9,7,5,1
1,5,3,1,10,7,5,1
1,5,2,1,7,5,5
1,5,2,1,3,5,4
1,3,1,1,3,18
1,3,4,1,10,6,4,3,5
1,3,3,1,7,4,3,1
1,3,2,1,4,3,5
1,3,4,1,9,7,5,3,1
