switch_id,used_rules,usage
10,2,0.0833333
9,2,0.0833333
8,3,0.125
7,0,0
6,1,0.0416667
5,2,0.0833333
4,1,0.0416667
3,2,0.0833333
2,1,0.0416667
1,4,0.166667
0,2,0.0833333
