switch_id,used_rules,usage
10,5,0.208333
9,5,0.208333
8,5,0.208333
7,4,0.166667
6,4,0.166667
5,3,0.125
4,4,0.166667
3,3,0.125
2,5,0.208333
1,8,0.333333
0,3,0.125
