switch_id,used_rules,usage
10,22,0.916667
9,18,0.75
8,21,0.875
7,28,1.16667
6,19,0.791667
5,19,0.791667
4,22,0.916667
3,10,0.416667
2,16,0.666667
1,26,1.08333
0,11,0.458333
