switch_id,used_rules,usage
10,17,0.708333
9,19,0.791667
8,24,1
7,26,1.08333
6,18,0.75
5,13,0.541667
4,17,0.708333
3,9,0.375
2,13,0.541667
1,30,1.25
0,14,0.583333
