switch_id,used_rules,usage
10,16,0.666667
9,16,0.666667
8,21,0.875
7,20,0.833333
6,15,0.625
5,12,0.5
4,14,0.583333
3,8,0.333333
2,11,0.458333
1,26,1.08333
0,11,0.458333
