switch_id,used_rules,usage
10,5,0.208333
9,4,0.166667
8,6,0.25
7,4,0.166667
6,3,0.125
5,3,0.125
4,3,0.125
3,3,0.125
2,3,0.125
1,7,0.291667
0,1,0.0416667
