switch_id,used_rules,usage
10,4,0.166667
9,6,0.25
8,7,0.291667
7,8,0.333333
6,4,0.166667
5,4,0.166667
4,5,0.208333
3,4,0.166667
2,4,0.166667
1,9,0.375
0,4,0.166667
