source,destination,length,path
8,1,1,8,1,27.5681
8,1,2,8,7,1,13.5596
8,1,2,8,5,1,11.0265
8,1,3,8,5,4,1,2.75663
8,1,3,8,0,7,1,1.68873
8,1,3,8,5,2,1,2.75663
8,1,3,8,0,9,1,0.844366
8,1,3,8,10,2,1,0.844366
8,1,4,8,0,7,4,1,1.68873
2,3,1,2,3,20.5546
2,3,2,2,5,3,15.0414
6,7,1,6,7,23.5596
6,7,2,6,0,7,0.753309
6,7,2,6,9,7,2.75663
6,7,2,6,10,7,6.52317
6,7,2,6,4,7,1.50662
9,2,1,9,2,26.3245
9,2,3,9,6,4,2,4.77648
9,2,3,9,7,4,2,1.51489
8,10,1,8,10,26.4901
1,7,1,1,7,13.245
1,7,2,1,9,7,5.29802
1,7,2,1,10,7,7.94702
1,4,1,1,4,19.0729
1,4,3,1,9,6,4,2.38411
1,4,3,1,10,7,4,2.38411
0,6,1,0,6,18.2782
0,6,2,0,7,6,4.56954
2,4,1,2,4,18.4768
2,4,2,2,5,4,2.05298
5,7,1,5,7,19.0397
0,9,1,0,9,15.2318
0,9,2,0,7,9,3.80795
9,10,1,9,10,24.8096
9,10,2,9,6,10,13.7831
9,10,2,9,7,10,11.0265
9,10,2,9,1,10,5.51325
4,7,1,4,7,17.8808
3,4,1,3,4,15.6457
3,4,2,3,5,4,1.73841
8,7,1,8,7,9.93378
8,7,2,8,0,7,6.62252
10,2,1,10,2,14.7517
10,2,3,10,6,4,2,1.63907
4,5,1,4,5,14.1556
4,5,2,4,3,5,1.57285
1,2,1,1,2,27.5681
1,2,2,1,10,2,4.60265
1,2,2,1,5,2,6.44868
1,2,3,1,7,4,2,1.84602
1,2,2,1,4,2,1.84602
1,2,2,1,3,2,1.84602
1,2,3,1,7,5,2,1.84602
10,1,1,10,1,22.5579
10,1,2,10,9,1,15.4305
10,1,3,10,6,4,1,6.05132
8,9,1,8,9,29.1639
8,9,2,8,0,9,6.39072
8,9,3,8,0,7,9,1.59768
8,9,2,8,6,9,4.79304
8,9,3,8,5,2,9,1.59768
0,8,1,0,8,27.8394
0,8,2,0,7,8,4.5447
0,8,2,0,6,8,7.30132
0,8,2,0,9,8,3.0298
8,6,1,8,6,24.4295
8,6,2,8,7,6,3.99834
8,6,2,8,10,6,1.88812
8,6,3,8,5,4,6,8.26988
8,6,2,8,0,6,1.33278
1,5,1,1,5,21.1194
1,5,2,1,8,5,2.33443
1,5,3,1,10,7,5,2.75663
1,5,2,1,7,5,7.84769
1,5,2,1,3,5,2.33443
1,5,3,1,9,7,5,2.33443
1,3,1,1,3,23.3877
1,3,2,1,4,3,6.64924
1,3,4,1,9,7,4,3,2.33443
1,3,3,1,7,4,3,1.16722
1,3,4,1,10,6,4,3,1.16722
1,3,4,1,9,6,4,3,2.75663
