switch_id,used_rules,usage
10,6,0.25
9,8,0.333333
8,9,0.375
7,10,0.416667
6,4,0.166667
5,4,0.166667
4,4,0.166667
3,2,0.0833333
2,4,0.166667
1,11,0.458333
0,5,0.208333
