switch_id,used_rules,usage
10,4,0.166667
9,4,0.166667
8,6,0.25
7,4,0.166667
6,3,0.125
5,1,0.0416667
4,3,0.125
3,3,0.125
2,3,0.125
1,5,0.208333
0,2,0.0833333
