source,destination,length,path
8,1,1,8,1,28.3656
8,1,2,8,7,1,7.25347
8,1,2,8,5,1,13.4939
8,1,3,8,7,4,1,5.87572
8,1,3,8,10,2,1,1.37775
8,1,3,8,5,2,1,4.49798
8,1,3,8,10,9,1,1.37775
2,3,1,2,3,18.7348
2,3,2,2,5,3,16.1144
6,7,1,6,7,23.719
6,7,2,6,9,7,4.49798
6,7,2,6,0,7,1.22917
6,7,2,6,10,7,3.68751
6,7,2,6,4,7,1.22917
9,2,1,9,2,24.1378
9,2,3,9,6,4,2,6.14587
9,2,3,9,7,4,2,1.6479
8,10,1,8,10,25.9342
1,7,1,1,7,8.64475
1,7,2,1,10,7,8.64475
1,7,2,1,9,7,8.64475
1,4,1,1,4,15.5605
1,4,2,1,7,4,3.89014
1,4,3,1,10,6,4,3.89014
0,6,1,0,6,14.9122
0,6,2,0,7,6,7.4561
2,4,1,2,4,20.099
5,7,1,5,7,18.6402
0,9,1,0,9,18.6402
9,10,1,9,10,26.9879
9,10,2,9,6,10,12.3458
9,10,2,9,1,10,8.99595
9,10,2,9,7,10,10.6709
4,7,1,4,7,17.5056
3,4,1,3,4,14.1828
3,4,2,3,5,4,2.83656
8,7,1,8,7,10.8059
8,7,2,8,0,7,5.40297
10,2,1,10,2,16.0468
4,5,1,4,5,15.3985
1,2,1,1,2,30
1,2,2,1,5,2,9.03645
1,2,2,1,9,2,3.01215
1,2,2,1,10,2,3.01215
10,1,1,10,1,23.3678
10,1,2,10,9,1,9.87392
10,1,3,10,6,4,1,4.49798
10,1,2,10,7,1,5.37594
8,9,1,8,9,29.5948
8,9,2,8,0,9,5.21385
8,9,3,8,0,7,9,2.60693
8,9,2,8,6,9,5.21385
0,8,1,0,8,25.4075
0,8,2,0,7,8,9.44168
0,8,2,0,6,8,6.96983
8,6,1,8,6,24.516
8,6,3,8,5,4,6,8.84735
8,6,2,8,7,6,2.17469
8,6,2,8,0,6,4.49798
1,5,1,1,5,16.6141
1,5,2,1,3,5,4.49798
1,5,2,1,8,5,1.90454
1,5,2,1,7,5,15.3985
1,3,1,1,3,23.7055
1,3,2,1,4,3,10.2116
1,3,4,1,9,6,4,3,4.49798
