source,destination,length,path
8,1,1,8,1,28.6885
8,1,2,8,7,1,5.94261
8,1,2,8,5,1,15.041
8,1,3,8,0,7,1,9.09836
8,1,3,8,7,4,1,1.39343
8,1,3,8,5,2,1,1.39343
8,1,4,8,0,7,4,1,1.39343
2,3,1,2,3,18.9481
2,3,2,2,5,3,16.2978
6,7,1,6,7,23.9891
6,7,2,6,9,7,4.54918
6,7,2,6,10,7,4.97266
6,7,2,6,4,7,1.24316
9,2,1,9,2,24.4126
9,2,3,9,6,4,2,6.21584
9,2,3,9,7,5,2,0.833328
9,2,3,9,7,4,2,0.833328
8,10,1,8,10,26.2295
1,7,1,1,7,17.4863
1,7,2,1,10,7,8.74316
1,4,1,1,4,11.8033
1,4,2,1,7,4,3.93442
1,4,3,1,10,7,4,7.86885
0,6,1,0,6,22.6229
2,4,1,2,4,20.3279
5,7,1,5,7,18.8524
0,9,1,0,9,18.8524
9,10,1,9,10,27.2951
9,10,2,9,1,10,4.54918
9,10,2,9,6,10,9.09836
9,10,2,9,7,10,13.6475
4,7,1,4,7,17.7049
3,4,1,3,4,14.3443
3,4,2,3,5,4,2.86885
8,7,1,8,7,8.19672
8,7,2,8,0,7,8.19672
10,2,1,10,2,16.2295
4,5,1,4,5,15.5738
1,2,1,1,2,28.8388
1,2,2,1,3,2,3.04644
1,2,4,1,9,6,4,2,3.04644
1,2,2,1,5,2,10.6421
10,1,1,10,1,21.8033
10,1,2,10,9,1,14.5355
10,1,3,10,6,4,1,4.54918
10,1,2,10,2,1,2.71857
8,9,1,8,9,28.0191
8,9,3,8,5,2,9,2.63661
8,9,2,8,7,9,2.63661
8,9,2,8,6,9,9.82239
0,8,1,0,8,27.7459
0,8,2,0,7,8,4.99999
0,8,2,0,9,8,7.04918
0,8,2,0,6,8,2.49999
8,6,1,8,6,18.0464
8,6,2,8,7,6,11.2978
8,6,3,8,5,4,6,8.94808
8,6,2,8,10,6,2.19945
1,5,1,1,5,15.5738
1,5,3,1,9,7,5,6.47541
1,5,2,1,3,5,10.3279
1,5,2,1,7,5,6.47541
1,3,1,1,3,14.1803
1,3,2,1,4,3,18.1967
1,3,4,1,9,6,4,3,4.54918
1,3,3,1,10,2,3,1.92622
