switch_id,used_rules,usage
10,1,0.0416667
9,2,0.0833333
8,2,0.0833333
7,2,0.0833333
6,3,0.125
5,3,0.125
4,1,0.0416667
3,2,0.0833333
2,2,0.0833333
1,3,0.125
0,1,0.0416667
