switch_id,used_rules,usage
10,18,0.75
9,24,1
8,26,1.08333
7,29,1.20833
6,20,0.833333
5,21,0.875
4,22,0.916667
3,13,0.541667
2,16,0.666667
1,36,1.5
0,14,0.583333
