switch_id,used_rules,usage
10,20,0.833333
9,16,0.666667
8,20,0.833333
7,23,0.958333
6,20,0.833333
5,16,0.666667
4,19,0.791667
3,8,0.333333
2,15,0.625
1,24,1
0,10,0.416667
