switch_id,used_rules,usage
10,17,0.708333
9,14,0.583333
8,16,0.666667
7,22,0.916667
6,16,0.666667
5,15,0.625
4,18,0.75
3,8,0.333333
2,13,0.541667
1,23,0.958333
0,10,0.416667
