switch_id,used_rules,usage
10,5,0.208333
9,2,0.0833333
8,7,0.291667
7,6,0.25
6,2,0.0833333
5,3,0.125
4,5,0.208333
3,3,0.125
2,4,0.166667
1,9,0.375
0,1,0.0416667
