switch_id,used_rules,usage
10,3,0.125
9,2,0.0833333
8,4,0.166667
7,1,0.0416667
6,1,0.0416667
5,1,0.0416667
4,1,0.0416667
3,2,0.0833333
2,0,0
1,4,0.166667
0,1,0.0416667
