switch_id,used_rules,usage
10,3,0.125
9,5,0.208333
8,7,0.291667
7,3,0.125
6,3,0.125
5,4,0.166667
4,4,0.166667
3,3,0.125
2,4,0.166667
1,7,0.291667
0,3,0.125
