switch_id,used_rules,usage
10,14,0.583333
9,16,0.666667
8,21,0.875
7,21,0.875
6,14,0.583333
5,13,0.541667
4,15,0.625
3,10,0.416667
2,12,0.5
1,26,1.08333
0,9,0.375
