source,destination,length,path
8,1,1,8,1,27.6721
8,1,2,8,7,1,9.70772
8,1,2,8,5,1,15.9717
8,1,3,8,5,4,1,3.00994
8,1,4,8,0,7,4,1,0.921958
8,1,3,8,7,4,1,3.00994
8,1,3,8,5,2,1,0.921958
8,1,3,8,0,7,1,0.921958
2,3,1,2,3,21.5667
2,3,2,2,5,3,13.4137
6,7,1,6,7,22.7147
6,7,2,6,9,7,2.4676
6,7,2,6,10,7,6.84242
6,7,2,6,0,7,0.822533
6,7,2,6,4,7,1.64507
9,2,1,9,2,23.2751
9,2,3,9,6,4,2,7.12262
9,2,3,9,7,4,2,1.6541
8,10,1,8,10,23.1395
8,10,3,8,0,7,10,2.89244
1,7,1,1,7,23.1395
1,7,2,1,9,7,2.89244
1,4,1,1,4,13.016
1,4,3,1,9,7,4,2.60319
1,4,3,1,10,6,4,2.60319
1,4,3,1,9,6,4,5.20638
0,6,1,0,6,17.4631
0,6,2,0,7,6,4.98945
2,4,1,2,4,17.9331
2,4,2,2,5,4,2.24164
5,7,1,5,7,18.7104
0,9,1,0,9,16.6315
0,9,2,0,7,9,2.07894
9,10,1,9,10,27.0895
9,10,2,9,6,10,11.2714
9,10,2,9,1,10,8.2615
9,10,2,9,7,10,12.6002
4,7,1,4,7,17.5715
3,4,1,3,4,13.2871
3,4,2,3,5,4,3.79632
8,7,1,8,7,10.8466
8,7,2,8,0,7,5.42332
10,2,1,10,2,16.1072
4,5,1,4,5,13.7391
4,5,2,4,3,5,1.71738
1,2,1,1,2,27.6721
1,2,2,1,5,2,10.0783
1,2,2,1,9,2,2.01566
1,2,2,1,3,2,5.02561
10,1,1,10,1,23.4559
10,1,2,10,7,1,1.79873
10,1,2,10,2,1,4.80867
10,1,3,10,6,4,1,1.79873
10,1,2,10,9,1,9.61735
10,1,3,10,6,9,1,1.79873
8,9,1,8,9,28.8106
8,9,3,8,0,7,9,1.7445
8,9,2,8,0,9,5.23349
8,9,2,8,10,9,1.7445
8,9,3,8,5,2,9,1.7445
8,9,2,8,7,9,1.7445
8,9,3,8,10,6,9,1.7445
0,8,1,0,8,27.3878
0,8,2,0,7,8,6.31816
0,8,2,0,6,8,4.96233
0,8,2,0,9,8,3.30822
8,6,1,8,6,28.8106
8,6,2,8,0,6,2.91051
8,6,3,8,5,4,6,2.91051
8,6,2,8,7,6,2.91051
8,6,2,8,10,6,1.45525
1,5,1,1,5,15.8632
1,5,2,1,8,5,3.00994
1,5,3,1,9,7,5,2.54895
1,5,3,1,10,7,5,12.0398
1,5,2,1,4,5,1.27448
1,5,2,1,3,5,2.54895
1,5,2,1,7,5,1.27448
1,3,1,1,3,20.0975
1,3,2,1,4,3,11.5788
1,3,3,1,7,4,3,3.00994
1,3,2,1,5,3,1.27448
1,3,4,1,10,6,4,3,1.27448
