switch_id,used_rules,usage
10,16,0.666667
9,20,0.833333
8,26,1.08333
7,28,1.16667
6,19,0.791667
5,16,0.666667
4,20,0.833333
3,10,0.416667
2,15,0.625
1,32,1.33333
0,14,0.583333
