switch_id,used_rules,usage
10,3,0.125
9,2,0.0833333
8,5,0.208333
7,3,0.125
6,2,0.0833333
5,2,0.0833333
4,3,0.125
3,2,0.0833333
2,2,0.0833333
1,5,0.208333
0,3,0.125
