switch_id,used_rules,usage
10,5,0.208333
9,4,0.166667
8,6,0.25
7,2,0.0833333
6,4,0.166667
5,1,0.0416667
4,2,0.0833333
3,3,0.125
2,5,0.208333
1,7,0.291667
0,2,0.0833333
