switch_id,used_rules,usage
10,17,0.708333
9,20,0.833333
8,23,0.958333
7,25,1.04167
6,18,0.75
5,16,0.666667
4,20,0.833333
3,9,0.375
2,16,0.666667
1,30,1.25
0,14,0.583333
