switch_id,used_rules,usage
10,3,0.125
9,2,0.0833333
8,3,0.125
7,3,0.125
6,2,0.0833333
5,2,0.0833333
4,2,0.0833333
3,3,0.125
2,3,0.125
1,5,0.208333
0,0,0
