source,destination,length,path
8,1,1,8,1,26.1793
8,1,2,8,7,1,10.0471
8,1,2,8,5,1,15.7076
8,1,3,8,0,9,1,1.60376
8,1,3,8,5,2,1,5.23585
8,1,4,8,0,7,4,1,1.60376
2,3,1,2,3,20.283
2,3,2,2,5,3,13.522
6,7,1,6,7,22.3742
6,7,2,6,0,7,5.23585
6,7,2,6,10,7,5.72325
9,2,1,9,2,22.8616
9,2,3,9,6,4,2,7.15408
9,2,3,9,7,4,2,0.959114
8,10,1,8,10,25.1572
1,7,1,1,7,20.1258
1,7,2,1,10,7,5.03144
1,4,1,1,4,9.0566
1,4,2,1,7,4,4.5283
1,4,3,1,10,6,4,4.5283
1,4,3,1,9,6,4,4.5283
0,6,1,0,6,17.3585
0,6,2,0,7,6,4.33962
2,4,1,2,4,19.4968
5,7,1,5,7,18.0817
0,9,1,0,9,18.0817
9,10,1,9,10,26.1793
9,10,2,9,7,10,10.4717
9,10,2,9,1,10,5.23585
9,10,2,9,6,10,10.4717
4,7,1,4,7,16.9811
3,4,1,3,4,13.2075
3,4,2,3,5,4,3.30188
8,7,1,8,7,9.43396
8,7,2,8,0,7,6.2893
10,2,1,10,2,15.566
4,5,1,4,5,14.9371
1,2,1,1,2,27.956
1,2,2,1,3,2,3.50628
1,2,2,1,5,2,12.2484
10,1,1,10,1,21.9654
10,1,3,10,6,4,1,3.12892
10,1,2,10,9,1,13.6006
10,1,2,10,2,1,3.12892
8,9,1,8,9,29.2138
8,9,2,8,6,9,3.03458
8,9,3,8,0,7,9,3.03458
8,9,2,8,0,9,3.03458
8,9,2,8,7,9,3.03458
0,8,1,0,8,26.6981
0,8,2,0,7,8,2.87735
0,8,2,0,6,8,8.1132
0,8,2,0,9,8,2.87735
8,6,1,8,6,26.0063
8,6,3,8,5,4,6,7.76729
8,6,2,8,10,6,2.53144
8,6,2,8,7,6,2.53144
1,5,1,1,5,12.6887
1,5,3,1,9,7,5,12.6887
1,5,2,1,3,5,6.65092
1,5,3,1,10,7,5,5.23585
1,3,1,1,3,16.3207
1,3,2,1,4,3,20.4008
