switch_id,used_rules,usage
10,18,0.75
9,17,0.708333
8,25,1.04167
7,26,1.08333
6,18,0.75
5,17,0.708333
4,18,0.75
3,10,0.416667
2,14,0.583333
1,31,1.29167
0,13,0.541667
