switch_id,used_rules,usage
10,4,0.166667
9,5,0.208333
8,4,0.166667
7,3,0.125
6,4,0.166667
5,2,0.0833333
4,3,0.125
3,3,0.125
2,5,0.208333
1,6,0.25
0,3,0.125
