switch_id,used_rules,usage
10,5,0.208333
9,6,0.25
8,9,0.375
7,8,0.333333
6,5,0.208333
5,7,0.291667
4,3,0.125
3,3,0.125
2,7,0.291667
1,11,0.458333
0,5,0.208333
