switch_id,used_rules,usage
10,6,0.25
9,3,0.125
8,6,0.25
7,5,0.208333
6,3,0.125
5,2,0.0833333
4,2,0.0833333
3,3,0.125
2,4,0.166667
1,7,0.291667
0,1,0.0416667
