source,destination,length,path
8,1,1,8,1,28.0263
8,1,2,8,7,1,11.5834
8,1,2,8,5,1,12.6454
8,1,3,8,5,4,1,2.7415
8,1,3,8,0,7,1,1.67946
8,1,3,8,5,2,1,2.7415
8,1,3,8,0,9,1,0.839731
8,1,3,8,7,4,1,2.7415
2,3,1,2,3,19.6433
2,3,2,2,5,3,13.0159
2,3,2,2,4,3,2.7415
6,7,1,6,7,23.4303
6,7,2,6,0,7,0.749174
6,7,2,6,9,7,2.7415
6,7,2,6,10,7,6.48736
6,7,2,6,4,7,1.49835
9,2,1,9,2,26.18
9,2,3,9,6,4,2,5.25246
9,2,3,9,7,4,2,0.502193
9,2,2,9,10,2,0.502193
8,10,1,8,10,26.3447
1,7,1,1,7,10.5379
1,7,2,1,9,7,7.9034
1,7,2,1,10,7,7.9034
1,4,1,1,4,16.5971
1,4,3,1,9,6,4,7.11306
0,6,1,0,6,18.1778
0,6,2,0,7,6,4.54446
2,4,1,2,4,16.3337
2,4,2,2,5,4,4.08342
5,7,1,5,7,18.9352
0,9,1,0,9,15.1482
0,9,2,0,7,9,3.78705
9,10,1,9,10,24.6735
9,10,2,9,6,10,10.966
9,10,2,9,7,10,13.7075
9,10,2,9,1,10,5.48299
4,7,1,4,7,17.7827
3,4,1,3,4,15.5598
3,4,2,3,5,4,1.72887
8,7,1,8,7,9.87925
8,7,2,8,0,7,6.58617
10,2,1,10,2,16.3008
4,5,1,4,5,14.0779
4,5,2,4,3,5,1.56421
1,2,1,1,2,27.4396
1,2,2,1,10,2,4.57739
1,2,2,1,5,2,6.41328
1,2,3,1,7,4,2,3.67178
1,2,2,1,4,2,1.83589
1,2,4,1,10,7,5,2,1.83589
10,1,1,10,1,22.4341
10,1,2,10,9,1,15.3458
10,1,3,10,6,4,1,6.01811
8,9,1,8,9,29.0039
8,9,2,8,0,9,6.35564
8,9,3,8,0,7,9,3.17782
8,9,2,8,6,9,4.76673
0,8,1,0,8,27.6866
0,8,2,0,7,8,4.51975
0,8,2,0,6,8,7.26124
0,8,2,0,9,8,3.01317
8,6,1,8,6,23.1669
8,6,2,8,7,6,3.97639
8,6,2,8,10,6,2.65093
8,6,3,8,5,4,6,6.80845
8,6,2,8,0,6,1.32546
8,6,4,8,5,2,10,6,2.7415
1,5,1,1,5,21.5121
1,5,2,1,8,5,1.77907
1,5,3,1,10,7,5,2.7415
1,5,2,1,7,5,7.80461
1,5,2,1,3,5,3.48243
1,5,2,1,4,5,1.16081
1,3,1,1,3,24.5439
1,3,2,1,4,3,7.38473
1,3,4,1,9,7,4,3,1.16081
1,3,3,1,7,4,3,3.9023
1,3,4,1,10,7,5,3,1.16081
