switch_id,used_rules,usage
10,16,0.666667
9,18,0.75
8,22,0.916667
7,22,0.916667
6,16,0.666667
5,12,0.5
4,14,0.583333
3,10,0.416667
2,13,0.541667
1,23,0.958333
0,11,0.458333
