switch_id,used_rules,usage
10,16,0.666667
9,22,0.916667
8,26,1.08333
7,29,1.20833
6,20,0.833333
5,18,0.75
4,19,0.791667
3,9,0.375
2,17,0.708333
1,31,1.29167
0,15,0.625
