switch_id,used_rules,usage
10,6,0.25
9,5,0.208333
8,10,0.416667
7,8,0.333333
6,4,0.166667
5,4,0.166667
4,4,0.166667
3,4,0.166667
2,6,0.25
1,12,0.5
0,3,0.125
