source,destination,length,path
8,1,1,8,1,27.154
8,1,2,8,7,1,8.27006
8,1,2,8,5,1,11.1496
8,1,3,8,7,4,1,1.13839
8,1,3,8,5,4,1,3.71652
8,1,3,8,10,2,1,1.13839
8,1,3,8,5,2,1,3.71652
8,1,4,8,0,7,4,1,3.71652
2,3,1,2,3,19.1964
2,3,2,2,5,3,14.3973
6,7,1,6,7,23.3148
6,7,2,6,9,7,3.71652
6,7,2,6,0,7,1.01562
6,7,2,6,10,7,3.04686
6,7,2,6,4,7,2.03124
9,2,1,9,2,20.625
9,2,3,9,6,4,2,9.47544
9,2,3,9,7,4,2,0.6808
8,10,1,8,10,21.4286
8,10,2,8,6,10,3.57143
1,7,1,1,7,21.4286
1,7,2,1,9,7,3.57143
1,4,1,1,4,16.0714
1,4,3,1,10,6,4,3.21429
1,4,2,1,5,4,3.21429
0,6,1,0,6,15.4018
0,6,2,0,7,6,6.16071
2,4,1,2,4,19.375
5,7,1,5,7,17.9687
0,9,1,0,9,17.9687
9,10,1,9,10,26.0157
9,10,2,9,6,10,12.5335
9,10,2,9,1,10,8.125
9,10,2,9,7,10,9.50891
9,10,2,9,2,10,0.691957
4,7,1,4,7,16.875
3,4,1,3,4,14.0625
3,4,2,3,5,4,2.34375
8,7,1,8,7,13.3929
8,7,2,8,0,7,2.23214
10,2,1,10,2,15.4687
4,5,1,4,5,14.8437
1,2,1,1,2,27.2768
1,2,2,1,5,2,7.46651
1,2,2,1,9,2,2.48884
1,2,2,1,10,2,2.48884
1,2,2,1,3,2,3.71652
10,1,1,10,1,20.8036
10,1,2,10,9,1,11.1049
10,1,2,10,7,1,7.43304
10,1,3,10,7,4,1,2.22098
8,9,1,8,9,28.1697
8,9,2,8,0,9,2.15401
8,9,3,8,0,7,9,2.15401
8,9,2,8,6,9,6.46204
8,9,3,8,5,2,9,2.15401
0,8,1,0,8,26.3839
0,8,2,0,7,8,7.80134
0,8,2,0,9,8,4.08481
0,8,2,0,6,8,2.04241
8,6,1,8,6,16.5402
8,6,3,8,5,4,6,3.59374
8,6,2,8,7,6,1.79687
8,6,2,8,0,6,7.43304
8,6,2,8,10,6,6.44083
8,6,3,8,0,7,6,1.79687
1,5,1,1,5,15.8705
1,5,2,1,3,5,5.29018
1,5,2,1,8,5,1.57366
1,5,3,1,9,7,5,6.86384
1,5,3,1,10,7,5,3.71652
1,5,2,1,7,5,3.71652
1,3,1,1,3,19.0196
1,3,2,1,4,3,9.0067
1,3,4,1,10,6,4,3,5.29018
1,3,4,1,10,7,4,3,1.57366
1,3,3,1,7,4,3,1.57366
