switch_id,used_rules,usage
10,6,0.25
9,4,0.166667
8,7,0.291667
7,5,0.208333
6,4,0.166667
5,3,0.125
4,2,0.0833333
3,3,0.125
2,5,0.208333
1,10,0.416667
0,2,0.0833333
