switch_id,used_rules,usage
10,7,0.291667
9,8,0.333333
8,9,0.375
7,8,0.333333
6,5,0.208333
5,5,0.208333
4,4,0.166667
3,2,0.0833333
2,5,0.208333
1,13,0.541667
0,4,0.166667
