switch_id,used_rules,usage
10,5,0.208333
9,7,0.291667
8,7,0.291667
7,4,0.166667
6,5,0.208333
5,4,0.166667
4,1,0.0416667
3,4,0.166667
2,5,0.208333
1,8,0.333333
0,5,0.208333
