source,destination,length,path
8,1,1,8,1,26.9176
8,1,2,8,7,1,5.02082
8,1,2,8,5,1,13.8833
8,1,3,8,5,4,1,1.98332
8,1,4,8,0,7,4,1,1.215
8,1,3,8,5,2,1,5.94997
8,1,3,8,7,4,1,3.19832
8,1,3,8,0,7,1,3.19832
8,1,3,8,0,9,1,0.6075
2,3,1,2,3,19.9107
2,3,2,2,5,3,15.944
6,7,1,6,7,24.8839
6,7,2,6,0,7,0.541987
6,7,2,6,9,7,1.98332
6,7,2,6,10,7,6.31922
6,7,2,6,4,7,1.62596
9,2,1,9,2,23.6331
9,2,3,9,6,4,2,3.43656
9,2,3,9,7,4,2,5.41989
9,2,3,9,7,5,2,0.363309
8,10,1,8,10,22.8707
8,10,2,8,7,10,1.9059
8,10,3,8,0,7,10,1.9059
1,7,1,1,7,19.059
1,7,2,1,9,7,3.81179
1,7,2,1,10,7,3.81179
1,4,1,1,4,15.4378
1,4,3,1,10,6,4,5.14592
1,4,2,1,7,4,1.71531
1,4,3,1,10,7,4,1.71531
0,6,1,0,6,18.0822
0,6,2,0,7,6,4.9315
2,4,1,2,4,19.2019
2,4,2,2,5,4,1.47707
5,7,1,5,7,19.1781
0,9,1,0,9,17.8082
0,9,2,0,7,9,1.36986
9,10,1,9,10,25.7832
9,10,2,9,6,10,13.8833
9,10,2,9,7,10,7.9333
9,10,2,9,1,10,5.94997
9,10,2,9,2,10,1.98332
4,7,1,4,7,18.0107
3,4,1,3,4,12.5074
3,4,2,3,5,4,5.00297
8,7,1,8,7,13.103
8,7,2,8,0,7,3.57355
10,2,1,10,2,14.1513
10,2,3,10,6,4,2,2.35855
4,5,1,4,5,14.7111
4,5,2,4,3,5,1.13163
1,2,1,1,2,26.9176
1,2,2,1,10,2,4.63966
1,2,2,1,5,2,4.63966
1,2,3,1,7,5,2,1.32817
1,2,2,1,4,2,2.65634
1,2,2,1,3,2,2.65634
1,2,4,1,9,7,5,2,1.32817
1,2,2,1,9,2,1.32817
10,1,1,10,1,22.1799
10,1,2,10,9,1,14.6575
10,1,2,10,7,1,5.15188
10,1,3,10,6,4,1,1.18523
10,1,2,10,2,1,1.18523
8,9,1,8,9,28.3056
8,9,2,8,0,9,3.44847
8,9,3,8,0,7,9,4.59796
8,9,2,8,6,9,2.29898
8,9,2,8,10,9,1.14949
8,9,3,8,0,6,9,1.14949
8,9,3,8,10,6,9,1.14949
8,9,3,8,5,2,9,1.14949
0,8,1,0,8,27.9631
0,8,2,0,7,8,5.44966
0,8,2,0,6,8,5.25312
0,8,2,0,9,8,4.35973
8,6,1,8,6,26.0067
8,6,2,8,10,6,3.13592
8,6,2,8,7,6,3.83561
8,6,2,8,0,6,1.9178
8,6,3,8,5,4,6,3.90113
1,5,1,1,5,22.2779
1,5,2,1,8,5,1.67957
1,5,2,1,7,5,3.66289
1,5,3,1,9,7,5,3.66289
1,5,2,1,4,5,2.82311
1,5,3,1,10,7,5,2.82311
1,5,2,1,3,5,0.839783
1,5,3,1,4,3,5,0.839783
1,5,5,1,9,6,4,3,5,0.839783
1,3,1,1,3,23.4215
1,3,2,1,4,3,5.0387
1,3,4,1,9,7,4,3,0.839783
1,3,4,1,9,6,4,3,5.94997
1,3,3,1,7,4,3,0.839783
1,3,4,1,10,7,4,3,0.839783
1,3,4,1,9,7,5,3,0.839783
