source,destination,length,path
8,1,1,8,1,26.7857
8,1,2,8,7,1,6.84947
8,1,2,8,5,1,12.7424
8,1,3,8,7,4,1,2.60202
8,1,3,8,5,2,1,4.24745
8,1,4,8,0,7,4,1,1.30101
8,1,3,8,5,4,1,4.24745
2,3,1,2,3,17.6913
2,3,2,2,5,3,15.2168
6,7,1,6,7,22.398
6,7,2,6,0,7,4.24745
6,7,2,6,10,7,3.48213
6,7,2,6,9,7,1.16071
6,7,2,6,4,7,1.16071
9,2,1,9,2,23.5714
9,2,3,9,6,4,2,5.80356
9,2,2,9,1,2,0.778057
8,10,1,8,10,24.4898
1,7,1,1,7,20.4082
1,7,2,1,9,7,4.08163
1,4,1,1,4,22.0408
0,6,1,0,6,21.1224
2,4,1,2,4,18.9796
5,7,1,5,7,17.602
0,9,1,0,9,17.602
9,10,1,9,10,25.4847
9,10,2,9,7,10,8.4949
9,10,2,9,1,10,4.24745
9,10,2,9,6,10,12.7424
4,7,1,4,7,16.5306
3,4,1,3,4,13.3928
3,4,2,3,5,4,2.67857
8,7,1,8,7,10.2041
8,7,2,8,0,7,5.10204
10,2,1,10,2,15.1531
4,5,1,4,5,14.5408
1,2,1,1,2,24.0816
1,2,2,1,3,2,2.84438
1,2,2,1,10,2,2.84438
1,2,2,1,5,2,9.93621
1,2,4,1,10,6,4,2,2.84438
10,1,1,10,1,19.5281
10,1,2,10,9,1,12.6913
10,1,2,10,7,1,4.24745
10,1,3,10,6,4,1,4.24745
8,9,1,8,9,27.9464
8,9,2,8,6,9,2.46173
8,9,3,8,0,7,9,7.38519
8,9,2,8,7,9,2.46173
0,8,1,0,8,25.9056
0,8,2,0,9,8,6.58163
0,8,2,0,7,8,2.33418
0,8,2,0,6,8,4.66836
8,6,1,8,6,27.5383
8,6,3,8,5,4,6,4.10713
8,6,2,8,10,6,2.05357
8,6,2,8,7,6,2.05357
8,6,3,8,0,7,6,2.05357
1,5,1,1,5,13.8903
1,5,2,1,8,5,1.79846
1,5,2,1,7,5,4.24745
1,5,3,1,10,7,5,12.7424
1,5,2,1,3,5,3.59693
1,3,1,1,3,19.9362
1,3,2,1,4,3,1.79846
1,3,4,1,9,7,4,3,10.2934
1,3,4,1,9,6,4,3,4.24745
