switch_id,used_rules,usage
10,5,0.208333
9,5,0.208333
8,6,0.25
7,7,0.291667
6,3,0.125
5,2,0.0833333
4,2,0.0833333
3,3,0.125
2,3,0.125
1,8,0.333333
0,2,0.0833333
