source,destination,length,path
8,1,1,8,1,20
8,1,2,8,5,1,5
8,1,2,8,7,1,5
2,3,1,2,3,20
2,3,2,2,5,3,10
6,7,1,6,7,15
6,7,2,6,0,7,5
6,7,2,6,9,7,5
6,7,2,6,10,7,5
9,2,1,9,2,20
9,2,3,9,6,4,2,5
9,2,3,9,7,4,2,5
8,10,1,8,10,24.024
8,10,2,8,7,10,4.8048
1,7,1,1,7,24.024
1,7,2,1,10,7,4.8048
1,4,1,1,4,21.6216
1,4,3,1,9,7,4,4.32432
0,6,1,0,6,20.7207
0,6,2,0,7,6,4.14414
2,4,1,2,4,14.8949
2,4,2,2,5,4,3.72372
2,4,3,2,10,6,4,3.72372
5,7,1,5,7,20.7207
0,9,1,0,9,17.2672
0,9,2,0,7,9,3.45345
9,10,1,9,10,20
9,10,2,9,1,10,5
9,10,2,9,6,10,5
4,7,1,4,7,16.2162
4,7,2,4,6,7,3.24324
3,4,1,3,4,15.7657
3,4,2,3,5,4,3.15315
8,7,1,8,7,12.012
8,7,2,8,0,7,6.006
10,2,1,10,2,17.8378
4,5,1,4,5,14.2642
4,5,2,4,3,5,2.85285
1,2,1,1,2,25
1,2,2,1,5,2,5
10,1,1,10,1,15
10,1,2,10,7,1,5
10,1,2,10,9,1,10
8,9,1,8,9,25
8,9,3,8,5,2,9,5
0,8,1,0,8,20
0,8,2,0,7,8,5
0,8,2,0,9,8,5
8,6,1,8,6,25
8,6,3,8,5,4,6,5
1,5,1,1,5,20
1,5,2,1,8,5,5
1,5,3,1,9,7,5,5
1,3,1,1,3,25
1,3,4,1,10,6,4,3,5
