switch_id,used_rules,usage
10,2,0.0833333
9,2,0.0833333
8,2,0.0833333
7,2,0.0833333
6,1,0.0416667
5,1,0.0416667
4,3,0.125
3,2,0.0833333
2,2,0.0833333
1,4,0.166667
0,1,0.0416667
