switch_id,used_rules,usage
10,9,0.375
9,9,0.375
8,10,0.416667
7,10,0.416667
6,5,0.208333
5,5,0.208333
4,6,0.25
3,4,0.166667
2,6,0.25
1,15,0.625
0,4,0.166667
