switch_id,used_rules,usage
10,19,0.791667
9,21,0.875
8,26,1.08333
7,29,1.20833
6,22,0.916667
5,19,0.791667
4,25,1.04167
3,11,0.458333
2,18,0.75
1,34,1.41667
0,13,0.541667
