switch_id,used_rules,usage
10,27,1.125
9,27,1.125
8,33,1.375
7,35,1.45833
6,25,1.04167
5,21,0.875
4,28,1.16667
3,14,0.583333
2,25,1.04167
1,45,1.875
0,17,0.708333
