switch_id,used_rules,usage
10,19,0.791667
9,25,1.04167
8,26,1.08333
7,31,1.29167
6,19,0.791667
5,20,0.833333
4,24,1
3,12,0.5
2,19,0.791667
1,36,1.5
0,16,0.666667
