switch_id,used_rules,usage
10,9,0.375
9,7,0.291667
8,8,0.333333
7,9,0.375
6,7,0.291667
5,2,0.0833333
4,3,0.125
3,2,0.0833333
2,5,0.208333
1,10,0.416667
0,4,0.166667
