switch_id,used_rules,usage
10,4,0.166667
9,4,0.166667
8,5,0.208333
7,2,0.0833333
6,3,0.125
5,2,0.0833333
4,5,0.208333
3,3,0.125
2,4,0.166667
1,7,0.291667
0,2,0.0833333
