switch_id,used_rules,usage
10,17,0.708333
9,19,0.791667
8,20,0.833333
7,24,1
6,18,0.75
5,18,0.75
4,18,0.75
3,9,0.375
2,17,0.708333
1,24,1
0,10,0.416667
