switch_id,used_rules,usage
10,21,0.875
9,24,1
8,28,1.16667
7,32,1.33333
6,18,0.75
5,20,0.833333
4,22,0.916667
3,12,0.5
2,19,0.791667
1,37,1.54167
0,15,0.625
