switch_id,used_rules,usage
10,4,0.166667
9,3,0.125
8,8,0.333333
7,5,0.208333
6,3,0.125
5,1,0.0416667
4,2,0.0833333
3,1,0.0416667
2,3,0.125
1,8,0.333333
0,2,0.0833333
