switch_id,used_rules,usage
10,3,0.125
9,4,0.166667
8,6,0.25
7,2,0.0833333
6,4,0.166667
5,1,0.0416667
4,1,0.0416667
3,1,0.0416667
2,2,0.0833333
1,7,0.291667
0,4,0.166667
