switch_id,used_rules,usage
10,3,0.125
9,3,0.125
8,5,0.208333
7,2,0.0833333
6,2,0.0833333
5,1,0.0416667
4,2,0.0833333
3,2,0.0833333
2,3,0.125
1,4,0.166667
0,1,0.0416667
