source,destination,length,path
8,1,1,8,1,28.481
8,1,2,8,7,1,5.89963
8,1,2,8,5,1,11.7993
8,1,3,8,0,7,1,5.89963
8,1,3,8,7,4,1,1.38335
8,1,3,8,5,2,1,4.51628
8,1,4,8,0,6,4,1,4.51628
2,3,1,2,3,22.0118
2,3,2,2,5,3,11.6636
2,3,2,2,4,3,1.31555
6,7,1,6,7,23.8156
6,7,2,6,9,7,4.51628
6,7,2,6,10,7,6.17086
9,2,1,9,2,24.236
9,2,3,9,6,4,2,6.17088
9,2,3,9,7,5,2,0.827301
9,2,3,9,7,4,2,0.827301
8,10,1,8,10,26.0398
1,7,1,1,7,13.0199
1,7,2,1,10,7,8.67993
1,7,2,1,9,7,4.33996
1,4,1,1,4,15.6239
1,4,2,1,7,4,3.90597
1,4,3,1,10,7,4,3.90597
0,6,1,0,6,14.9729
0,6,2,0,7,6,7.48644
2,4,1,2,4,16.8174
2,4,2,2,5,4,3.36347
5,7,1,5,7,18.7161
0,9,1,0,9,18.7161
9,10,1,9,10,27.0977
9,10,2,9,1,10,4.51628
9,10,2,9,6,10,9.03256
9,10,2,9,7,10,13.5488
4,7,1,4,7,17.5768
3,4,1,3,4,14.2405
3,4,2,3,5,4,2.8481
8,7,1,8,7,10.8499
8,7,2,8,0,7,5.42495
10,2,1,10,2,16.1121
4,5,1,4,5,15.4611
1,2,1,1,2,28.6302
1,2,2,1,3,2,3.02441
1,2,4,1,9,6,4,2,3.02441
1,2,2,1,10,2,3.02441
1,2,3,1,7,5,2,4.51628
1,2,3,1,7,4,2,3.02441
10,1,1,10,1,22.5271
10,1,2,10,9,1,16.2477
10,1,3,10,6,4,1,4.51628
8,9,1,8,9,27.8165
8,9,3,8,5,2,9,2.61754
8,9,2,8,7,9,2.61754
8,9,2,8,6,9,9.75135
0,8,1,0,8,27.5452
0,8,2,0,7,8,6.99819
0,8,2,0,9,8,4.96382
0,8,2,0,6,8,2.48191
8,6,1,8,6,20.2487
8,6,2,8,7,6,4.36708
8,6,3,8,5,4,6,8.88336
8,6,2,8,0,6,4.51628
8,6,2,8,10,6,2.18354
1,5,1,1,5,29.01
1,5,3,1,9,7,5,1.91229
1,5,2,1,3,5,3.82458
1,5,2,1,7,5,1.91229
1,5,3,1,10,7,5,1.91229
1,3,1,1,3,19.2857
1,3,2,1,4,3,10.9448
1,3,4,1,9,6,4,3,1.91229
1,3,4,1,9,2,5,3,4.51628
1,3,4,1,10,6,4,3,1.91229
