switch_id,used_rules,usage
10,23,0.958333
9,20,0.833333
8,28,1.16667
7,35,1.45833
6,22,0.916667
5,19,0.791667
4,27,1.125
3,11,0.458333
2,18,0.75
1,37,1.54167
0,14,0.583333
