switch_id,used_rules,usage
10,4,0.166667
9,5,0.208333
8,4,0.166667
7,2,0.0833333
6,2,0.0833333
5,2,0.0833333
4,1,0.0416667
3,2,0.0833333
2,4,0.166667
1,7,0.291667
0,2,0.0833333
