switch_id,used_rules,usage
10,18,0.75
9,17,0.708333
8,20,0.833333
7,23,0.958333
6,21,0.875
5,16,0.666667
4,20,0.833333
3,10,0.416667
2,17,0.708333
1,25,1.04167
0,10,0.416667
