switch_id,used_rules,usage
10,3,0.125
9,3,0.125
8,5,0.208333
7,2,0.0833333
6,3,0.125
5,2,0.0833333
4,0,0
3,0,0
2,2,0.0833333
1,4,0.166667
0,2,0.0833333
