source,destination,length,path
8,1,1,8,1,29.1259
8,1,2,8,7,1,9.11455
8,1,2,8,5,1,14.9958
8,1,3,8,5,4,1,2.82603
8,1,3,8,5,2,1,6.51768
8,1,3,8,7,4,1,0.865624
8,1,3,8,0,9,1,0.865624
8,1,3,8,0,7,1,0.865624
2,3,1,2,3,21.0721
2,3,2,2,5,3,15.4201
6,7,1,6,7,24.1528
6,7,2,6,0,7,0.772274
6,7,2,6,9,7,3.5983
6,7,2,6,10,7,5.14285
6,7,2,6,4,7,2.31682
9,2,1,9,2,26.9873
9,2,3,9,6,4,2,5.41442
9,2,3,9,7,5,2,0.517678
9,2,3,9,7,4,2,0.517678
8,10,1,8,10,24.4413
8,10,3,8,0,7,10,2.7157
1,7,1,1,7,13.5785
1,7,2,1,9,7,8.1471
1,7,2,1,10,7,5.4314
1,4,1,1,4,14.6648
1,4,3,1,9,7,4,4.88826
1,4,2,1,7,4,4.88826
0,6,1,0,6,18.7383
0,6,2,0,7,6,4.68458
2,4,1,2,4,18.942
2,4,2,2,5,4,2.10467
5,7,1,5,7,19.5191
0,9,1,0,9,13.6634
0,9,2,0,7,9,5.85573
9,10,1,9,10,28.2603
9,10,2,9,6,10,14.1301
9,10,2,9,7,10,8.47809
9,10,2,9,1,10,5.65206
4,7,1,4,7,18.331
3,4,1,3,4,14.2574
3,4,2,3,5,4,3.56436
8,7,1,8,7,13.5785
8,7,2,8,0,7,3.39463
10,2,1,10,2,16.8034
4,5,1,4,5,12.8996
4,5,2,4,3,5,3.22489
1,2,1,1,2,29.2193
1,2,2,1,10,2,3.785
1,2,2,1,5,2,6.61103
1,2,3,1,7,4,2,1.8925
1,2,2,1,4,2,1.8925
1,2,2,1,3,2,1.8925
1,2,4,1,9,6,4,2,1.8925
10,1,1,10,1,23.1598
10,1,2,10,9,1,14.0962
10,1,3,10,6,4,1,5.06647
10,1,2,10,7,1,2.82603
8,9,1,8,9,29.8982
8,9,2,8,0,9,9.82742
8,9,2,8,6,9,4.91371
0,8,1,0,8,28.5403
0,8,2,0,7,8,7.76519
0,8,2,0,6,8,5.93211
0,8,2,0,9,8,1.55304
8,6,1,8,6,23.8812
8,6,2,8,7,6,4.19236
8,6,2,8,10,6,5.5587
8,6,3,8,5,4,6,4.099
8,6,2,8,0,6,4.19236
1,5,1,1,5,21.7426
1,5,2,1,8,5,1.1966
1,5,3,1,10,7,5,8.04526
1,5,2,1,7,5,6.84866
1,5,4,1,9,6,4,5,1.1966
1,5,2,1,3,5,1.1966
1,3,1,1,3,25.7652
1,3,2,1,4,3,12.0679
1,3,4,1,9,6,4,3,1.1966
1,3,4,1,10,6,4,3,1.1966
