switch_id,used_rules,usage
10,2,0.0833333
9,3,0.125
8,5,0.208333
7,4,0.166667
6,3,0.125
5,2,0.0833333
4,0,0
3,2,0.0833333
2,3,0.125
1,6,0.25
0,2,0.0833333
