switch_id,used_rules,usage
10,4,0.166667
9,2,0.0833333
8,3,0.125
7,2,0.0833333
6,2,0.0833333
5,1,0.0416667
4,1,0.0416667
3,1,0.0416667
2,4,0.166667
1,6,0.25
0,0,0
