source,destination,length,path
8,1,1,8,1,21.6667
8,1,2,8,5,1,6.66667
8,1,3,8,0,7,1,1.66667
2,3,1,2,3,16.6667
2,3,2,2,5,3,13.3333
6,7,1,6,7,18.3333
6,7,2,6,0,7,1.66667
6,7,2,6,9,7,5
6,7,2,6,10,7,5
9,2,1,9,2,21.6667
9,2,3,9,6,4,2,6.66667
9,2,3,9,7,4,2,1.66667
8,10,1,8,10,17.6176
8,10,2,8,7,10,4.8048
8,10,2,8,6,10,1.6016
8,10,3,8,5,2,10,3.2032
8,10,3,8,0,7,10,1.6016
1,7,1,1,7,12.8128
1,7,2,1,10,7,6.4064
1,7,2,1,9,7,9.6096
1,4,1,1,4,17.2973
1,4,3,1,10,7,4,2.88288
1,4,3,1,9,7,4,1.44144
1,4,3,1,9,6,4,1.44144
1,4,3,1,10,6,4,1.44144
1,4,2,1,5,4,1.44144
0,6,1,0,6,19.3393
0,6,2,0,7,6,5.52552
2,4,1,2,4,17.3774
2,4,2,2,5,4,2.48248
2,4,3,2,10,6,4,2.48248
5,7,1,5,7,18.4184
5,7,2,5,4,7,2.3023
0,9,1,0,9,16.1161
0,9,2,0,7,9,3.45345
0,9,2,0,6,9,1.15115
9,10,1,9,10,20
9,10,2,9,6,10,8.33333
9,10,2,9,1,10,1.66667
4,7,1,4,7,16.2162
4,7,2,4,6,7,2.16216
4,7,3,4,2,10,7,1.08108
3,4,1,3,4,14.7147
3,4,2,3,5,4,4.2042
8,7,1,8,7,16.016
8,7,2,8,0,7,2.002
10,2,1,10,2,17.8378
4,5,1,4,5,13.3133
4,5,2,4,3,5,3.8038
1,2,1,1,2,21.6667
1,2,2,1,5,2,5
1,2,3,1,8,5,2,1.66667
1,2,4,1,10,6,4,2,1.66667
10,1,1,10,1,16.6667
10,1,2,10,9,1,11.6667
10,1,2,10,7,1,1.66667
8,9,1,8,9,21.6667
8,9,3,8,5,2,9,3.33333
8,9,2,8,0,9,3.33333
8,9,2,8,10,9,1.66667
0,8,1,0,8,21.6667
0,8,2,0,7,8,5
0,8,2,0,6,8,1.66667
0,8,2,0,9,8,1.66667
8,6,1,8,6,21.6667
8,6,3,8,0,7,6,1.66667
8,6,3,8,5,4,6,3.33333
8,6,2,8,10,6,3.33333
1,5,1,1,5,15
1,5,2,1,8,5,3.33333
1,5,2,1,7,5,8.33333
1,5,3,1,9,7,5,1.66667
1,5,2,1,3,5,1.66667
1,3,1,1,3,20
1,3,4,1,10,6,4,3,3.33333
1,3,2,1,4,3,3.33333
1,3,4,1,10,7,4,3,1.66667
1,3,4,1,9,6,4,3,1.66667
