switch_id,used_rules,usage
10,7,0.291667
9,7,0.291667
8,8,0.333333
7,8,0.333333
6,2,0.0833333
5,5,0.208333
4,3,0.125
3,5,0.208333
2,5,0.208333
1,10,0.416667
0,3,0.125
