source,destination,length,path
8,1,1,8,1,28.8891
8,1,2,8,7,1,6.66539
8,1,2,8,5,1,13.2118
8,1,3,8,5,4,1,1.8874
8,1,4,8,0,7,4,1,3.04364
8,1,3,8,5,2,1,4.93104
8,1,2,8,9,1,1.15624
8,1,3,8,0,7,1,4.35292
8,1,3,8,10,9,1,0.578118
8,1,3,8,7,4,1,0.578118
2,3,1,2,3,19.4975
2,3,2,2,5,3,16.5105
2,3,2,2,4,3,0.549781
6,7,1,6,7,24.1961
6,7,2,6,9,7,1.03155
6,7,2,6,0,7,1.8874
6,7,2,6,10,7,6.86944
6,7,2,6,4,7,2.06309
9,2,1,9,2,25.9192
9,2,3,9,6,4,2,3.96183
9,2,3,9,7,5,2,2.57888
9,2,3,9,7,4,2,1.03721
8,10,1,8,10,27.2057
1,7,1,1,7,19.9509
1,7,2,1,10,7,3.62743
1,7,2,1,9,7,3.62743
1,4,1,1,4,14.6911
1,4,2,1,7,4,1.63234
1,4,3,1,10,6,4,3.26469
1,4,3,1,9,6,4,1.63234
1,4,2,1,5,4,1.63234
1,4,3,1,10,7,4,1.63234
0,6,1,0,6,21.9006
0,6,2,0,7,6,1.56433
2,4,1,2,4,19.6788
2,4,2,2,5,4,1.40563
5,7,1,5,7,19.5541
0,9,1,0,9,18.2505
0,9,2,0,7,9,1.30361
9,10,1,9,10,28.311
9,10,2,9,6,10,13.4328
9,10,2,9,1,10,7.06782
9,10,2,9,7,10,12.73
9,10,2,9,2,10,0.351404
4,7,1,4,7,18.3639
3,4,1,3,4,14.283
3,4,2,3,5,4,3.57075
8,7,1,8,7,12.4693
8,7,2,8,0,7,4.53429
10,2,1,10,2,16.8336
4,5,1,4,5,13.9996
4,5,2,4,3,5,2.15379
1,2,1,1,2,28.328
1,2,2,1,5,2,2.52786
1,2,2,1,10,2,4.41526
1,2,4,1,10,6,4,2,1.26393
1,2,2,1,9,2,1.26393
1,2,2,1,4,2,3.7918
1,2,4,1,9,6,4,2,2.52786
1,2,4,1,9,7,5,2,1.8874
1,2,3,1,7,4,2,1.26393
10,1,1,10,1,22.6034
10,1,2,10,7,1,3.0153
10,1,2,10,9,1,13.5802
10,1,3,10,7,4,1,3.7748
10,1,3,10,6,4,1,2.25581
8,9,1,8,9,28.6114
8,9,2,8,0,9,2.18779
8,9,3,8,0,7,9,3.28169
8,9,2,8,6,9,8.45078
8,9,3,8,5,2,9,1.0939
8,9,3,8,0,6,9,1.0939
0,8,1,0,8,28.498
0,8,2,0,7,8,6.2233
0,8,2,0,6,8,3.11165
0,8,2,0,9,8,6.03627
8,6,1,8,6,21.5492
8,6,2,8,10,6,1.82505
8,6,2,8,7,6,8.39977
8,6,3,8,5,4,6,5.59985
8,6,3,8,0,7,6,2.79992
8,6,2,8,0,6,1.82505
1,5,1,1,5,23.9581
1,5,2,1,8,5,2.68657
1,5,3,1,9,7,5,3.19667
1,5,3,1,10,7,5,2.3975
1,5,3,1,4,3,5,0.799167
1,5,2,1,7,5,3.7748
1,5,2,1,4,5,0.799167
1,5,2,1,3,5,2.68657
1,3,1,1,3,26.9337
1,3,2,1,4,3,6.6824
1,3,4,1,9,6,4,3,2.68657
1,3,4,1,10,6,4,3,1.59833
1,3,4,1,9,7,4,3,0.799167
1,3,3,1,7,4,3,0.799167
1,3,3,1,7,5,3,0.799167
