switch_id,used_rules,usage
10,6,0.25
9,8,0.333333
8,9,0.375
7,6,0.25
6,6,0.25
5,3,0.125
4,3,0.125
3,4,0.166667
2,6,0.25
1,8,0.333333
0,4,0.166667
