switch_id,used_rules,usage
10,18,0.75
9,15,0.625
8,17,0.708333
7,24,1
6,16,0.666667
5,16,0.666667
4,18,0.75
3,8,0.333333
2,14,0.583333
1,22,0.916667
0,9,0.375
