switch_id,used_rules,usage
10,3,0.125
9,4,0.166667
8,6,0.25
7,5,0.208333
6,2,0.0833333
5,2,0.0833333
4,2,0.0833333
3,2,0.0833333
2,5,0.208333
1,8,0.333333
0,2,0.0833333
