switch_id,used_rules,usage
10,7,0.291667
9,6,0.25
8,7,0.291667
7,5,0.208333
6,4,0.166667
5,5,0.208333
4,5,0.208333
3,5,0.208333
2,7,0.291667
1,8,0.333333
0,3,0.125
