switch_id,used_rules,usage
10,6,0.25
9,6,0.25
8,7,0.291667
7,8,0.333333
6,3,0.125
5,4,0.166667
4,4,0.166667
3,5,0.208333
2,7,0.291667
1,11,0.458333
0,3,0.125
