switch_id,used_rules,usage
10,7,0.291667
9,8,0.333333
8,9,0.375
7,9,0.375
6,7,0.291667
5,6,0.25
4,4,0.166667
3,3,0.125
2,5,0.208333
1,13,0.541667
0,5,0.208333
