switch_id,used_rules,usage
10,5,0.208333
9,7,0.291667
8,10,0.416667
7,10,0.416667
6,4,0.166667
5,5,0.208333
4,4,0.166667
3,5,0.208333
2,4,0.166667
1,11,0.458333
0,4,0.166667
