switch_id,used_rules,usage
10,15,0.625
9,14,0.583333
8,16,0.666667
7,21,0.875
6,12,0.5
5,15,0.625
4,16,0.666667
3,7,0.291667
2,13,0.541667
1,21,0.875
0,9,0.375
