switch_id,used_rules,usage
10,7,0.291667
9,6,0.25
8,6,0.25
7,6,0.25
6,4,0.166667
5,4,0.166667
4,5,0.208333
3,4,0.166667
2,4,0.166667
1,10,0.416667
0,4,0.166667
