switch_id,used_rules,usage
10,15,0.625
9,14,0.583333
8,14,0.583333
7,22,0.916667
6,13,0.541667
5,13,0.541667
4,16,0.666667
3,8,0.333333
2,12,0.5
1,20,0.833333
0,10,0.416667
