switch_id,used_rules,usage
10,3,0.125
9,3,0.125
8,5,0.208333
7,3,0.125
6,2,0.0833333
5,2,0.0833333
4,2,0.0833333
3,2,0.0833333
2,1,0.0416667
1,4,0.166667
0,3,0.125
