source,destination,length,path
8,1,1,8,1,21.4286
8,1,2,8,5,1,4.28571
8,1,2,8,7,1,4.28571
2,3,1,2,3,17.1429
2,3,2,2,5,3,12.8571
6,7,1,6,7,17.1429
6,7,2,6,0,7,4.28571
6,7,2,6,10,7,8.57143
9,2,1,9,2,17.1429
9,2,3,9,6,4,2,8.57143
9,2,3,9,7,5,2,4.28571
8,10,1,8,10,20.592
8,10,2,8,7,10,4.1184
8,10,3,8,5,2,10,4.1184
1,7,1,1,7,16.4736
1,7,2,1,10,7,8.2368
1,7,2,1,9,7,4.1184
1,4,1,1,4,18.5328
1,4,2,1,7,4,3.70656
1,4,3,1,9,7,4,3.70656
0,6,1,0,6,17.7606
0,6,2,0,7,6,7.10424
2,4,1,2,4,15.9588
2,4,2,2,5,4,3.19176
2,4,3,2,10,6,4,3.19176
5,7,1,5,7,17.7606
5,7,2,5,4,7,2.9601
0,9,1,0,9,20.7207
9,10,1,9,10,17.1429
9,10,2,9,7,10,4.28571
9,10,2,9,6,10,4.28571
9,10,2,9,1,10,4.28571
4,7,1,4,7,13.8996
4,7,3,4,6,9,7,2.77992
4,7,2,4,6,7,2.77992
3,4,1,3,4,13.5135
3,4,2,3,5,4,5.4054
8,7,1,8,7,12.87
8,7,2,8,0,7,5.148
10,2,1,10,2,17.8378
4,5,1,4,5,12.2265
4,5,2,4,3,5,4.8906
1,2,1,1,2,21.4286
1,2,2,1,5,2,4.28571
1,2,2,1,9,2,4.28571
10,1,1,10,1,17.1429
10,1,2,10,9,1,12.8571
8,9,1,8,9,25.7143
8,9,3,8,5,1,9,4.28571
0,8,1,0,8,25.7143
0,8,2,0,7,8,4.28571
8,6,1,8,6,25.7143
8,6,2,8,0,6,4.28571
1,5,1,1,5,17.1429
1,5,2,1,8,5,8.57143
1,5,2,1,7,5,4.28571
1,3,1,1,3,21.4286
1,3,4,1,10,6,4,3,4.28571
1,3,2,1,4,3,4.28571
