switch_id,used_rules,usage
10,2,0.0833333
9,2,0.0833333
8,4,0.166667
7,2,0.0833333
6,0,0
5,2,0.0833333
4,1,0.0416667
3,0,0
2,1,0.0416667
1,3,0.125
0,1,0.0416667
