switch_id,used_rules,usage
10,7,0.291667
9,5,0.208333
8,8,0.333333
7,7,0.291667
6,5,0.208333
5,3,0.125
4,4,0.166667
3,4,0.166667
2,5,0.208333
1,8,0.333333
0,3,0.125
