switch_id,used_rules,usage
10,1,0.0416667
9,3,0.125
8,4,0.166667
7,3,0.125
6,2,0.0833333
5,2,0.0833333
4,0,0
3,0,0
2,2,0.0833333
1,4,0.166667
0,1,0.0416667
