switch_id,used_rules,usage
10,4,0.166667
9,5,0.208333
8,9,0.375
7,8,0.333333
6,5,0.208333
5,5,0.208333
4,4,0.166667
3,4,0.166667
2,5,0.208333
1,9,0.375
0,4,0.166667
