switch_id,used_rules,usage
10,3,0.125
9,2,0.0833333
8,4,0.166667
7,2,0.0833333
6,1,0.0416667
5,1,0.0416667
4,2,0.0833333
3,0,0
2,2,0.0833333
1,3,0.125
0,2,0.0833333
