switch_id,used_rules,usage
10,2,0.0833333
9,3,0.125
8,3,0.125
7,1,0.0416667
6,0,0
5,1,0.0416667
4,2,0.0833333
3,2,0.0833333
2,1,0.0416667
1,5,0.208333
0,2,0.0833333
