switch_id,used_rules,usage
10,16,0.666667
9,17,0.708333
8,18,0.75
7,24,1
6,17,0.708333
5,16,0.666667
4,21,0.875
3,8,0.333333
2,14,0.583333
1,23,0.958333
0,12,0.5
