switch_id,used_rules,usage
10,5,0.208333
9,7,0.291667
8,9,0.375
7,5,0.208333
6,4,0.166667
5,6,0.25
4,5,0.208333
3,5,0.208333
2,6,0.25
1,9,0.375
0,3,0.125
