switch_id,used_rules,usage
10,14,0.583333
9,18,0.75
8,17,0.708333
7,21,0.875
6,15,0.625
5,14,0.583333
4,16,0.666667
3,8,0.333333
2,14,0.583333
1,21,0.875
0,10,0.416667
