source,destination,length,path
8,1,1,8,1,22.1053
8,1,2,8,5,1,7.89474
2,3,1,2,3,17.3684
2,3,2,2,5,3,12.6316
6,7,1,6,7,18.9474
6,7,2,6,0,7,1.57895
6,7,2,6,9,7,4.73684
6,7,2,6,10,7,4.73684
9,2,1,9,2,17.3684
9,2,3,9,6,4,2,7.89474
9,2,3,9,7,4,2,3.15789
9,2,3,9,7,5,2,1.57895
8,10,1,8,10,16.6904
8,10,2,8,7,10,4.55192
8,10,3,8,0,7,10,3.03461
8,10,3,8,5,2,10,4.55192
1,7,1,1,7,13.6557
1,7,2,1,10,7,6.06922
1,7,2,1,9,7,9.10383
1,4,1,1,4,16.3869
1,4,3,1,10,7,4,2.73115
1,4,3,1,10,6,4,4.09672
1,4,2,1,7,4,1.36557
1,4,2,1,5,4,1.36557
0,6,1,0,6,18.3215
0,6,2,0,7,6,6.54338
2,4,1,2,4,17.6387
2,4,2,2,5,4,3.52773
2,4,3,2,10,6,4,1.17591
5,7,1,5,7,18.5396
5,7,3,5,2,10,7,1.09056
5,7,4,5,3,2,10,7,1.09056
0,9,1,0,9,16.3584
0,9,2,0,7,9,4.36225
9,10,1,9,10,18.9474
9,10,2,9,6,10,9.47368
9,10,2,9,1,10,1.57895
4,7,1,4,7,18.4353
4,7,2,4,6,7,1.02418
3,4,1,3,4,13.9402
3,4,2,3,5,4,4.97866
8,7,1,8,7,16.1214
8,7,2,8,0,7,1.89663
10,2,1,10,2,16.899
10,2,3,10,6,4,2,0.938833
4,5,1,4,5,13.5135
4,5,2,4,3,5,3.6036
1,2,1,1,2,22.1053
1,2,2,1,5,2,3.15789
1,2,3,1,8,5,2,1.57895
1,2,2,1,9,2,3.15789
10,1,1,10,1,15.7895
10,1,2,10,9,1,12.6316
10,1,2,10,7,1,1.57895
8,9,1,8,9,22.1053
8,9,3,8,5,2,9,1.57895
8,9,2,8,0,9,1.57895
8,9,3,8,5,1,9,1.57895
8,9,3,8,0,7,9,1.57895
8,9,2,8,10,9,1.57895
0,8,1,0,8,22.1053
0,8,2,0,7,8,3.15789
0,8,2,0,9,8,3.15789
0,8,2,0,6,8,1.57895
8,6,1,8,6,22.1053
8,6,2,8,0,6,1.57895
8,6,3,8,5,4,6,1.57895
8,6,2,8,10,6,4.73684
1,5,1,1,5,17.3684
1,5,2,1,8,5,3.15789
1,5,2,1,7,5,4.73684
1,5,3,1,9,7,5,1.57895
1,5,3,1,10,7,5,1.57895
1,5,2,1,3,5,1.57895
1,3,1,1,3,20.5263
1,3,4,1,10,6,4,3,3.15789
1,3,3,1,7,4,3,1.57895
1,3,2,1,4,3,4.73684
