source,destination,length,path
8,1,1,8,1,22.5
8,1,2,8,5,1,7.5
2,3,1,2,3,18.75
2,3,2,2,5,3,11.25
6,7,1,6,7,18.75
6,7,2,6,0,7,3.75
6,7,2,6,10,7,3.75
6,7,2,6,9,7,3.75
9,2,1,9,2,22.5
9,2,3,9,6,4,2,7.5
8,10,1,8,10,21.6216
8,10,2,8,7,10,7.2072
1,7,1,1,7,14.4144
1,7,2,1,10,7,3.6036
1,7,2,1,9,7,10.8108
1,4,1,1,4,16.2162
1,4,2,1,7,4,3.24324
1,4,3,1,10,6,4,3.24324
1,4,3,1,9,6,4,3.24324
0,6,1,0,6,15.5405
0,6,2,0,7,6,9.32432
2,4,1,2,4,16.7567
2,4,2,2,5,4,2.79279
2,4,3,2,10,6,4,2.79279
5,7,1,5,7,18.1306
5,7,3,5,2,10,7,2.59009
0,9,1,0,9,20.7207
9,10,1,9,10,18.75
9,10,2,9,7,10,3.75
9,10,2,9,1,10,3.75
9,10,2,9,6,10,3.75
4,7,1,4,7,19.4594
3,4,1,3,4,14.1892
3,4,2,3,5,4,4.72973
8,7,1,8,7,13.5135
8,7,2,8,0,7,4.5045
10,2,1,10,2,17.8378
4,5,1,4,5,12.8378
4,5,2,4,3,5,4.27928
1,2,1,1,2,22.5
1,2,2,1,5,2,3.75
1,2,2,1,4,2,3.75
10,1,1,10,1,15
10,1,2,10,9,1,11.25
10,1,2,10,7,1,3.75
8,9,1,8,9,22.5
8,9,2,8,6,9,3.75
8,9,3,8,5,2,9,3.75
0,8,1,0,8,22.5
0,8,2,0,7,8,3.75
0,8,2,0,6,8,3.75
8,6,1,8,6,18.75
8,6,2,8,0,6,3.75
8,6,3,8,5,4,6,3.75
8,6,2,8,10,6,3.75
1,5,1,1,5,18.75
1,5,2,1,8,5,7.5
1,5,3,1,10,7,5,3.75
1,3,1,1,3,22.5
1,3,3,1,7,4,3,3.75
1,3,2,1,4,3,3.75
