source,destination,length,path
8,1,1,8,1,27.495
8,1,2,8,7,1,2.02782
8,1,2,8,5,1,14.2545
8,1,3,8,7,4,1,4.32405
8,1,3,8,5,2,1,3.31014
8,1,3,8,0,7,1,6.35187
8,1,3,8,5,4,1,3.31014
2,3,1,2,3,20.4075
2,3,2,2,5,3,12.8231
2,3,2,2,4,3,0.964211
6,7,1,6,7,21.67
6,7,2,6,9,7,3.31014
6,7,2,6,0,7,0.904569
6,7,2,6,4,7,1.80914
6,7,2,6,10,7,6.02385
9,2,1,9,2,24.3837
9,2,3,9,6,4,2,4.52286
9,2,3,9,7,4,2,2.42543
8,10,1,8,10,25.4473
1,7,1,1,7,19.0855
1,7,2,1,9,7,3.18091
1,7,2,1,10,7,3.18091
1,4,1,1,4,11.4513
1,4,3,1,10,6,4,5.72564
1,4,3,1,9,7,4,2.86282
1,4,3,1,9,6,4,2.86282
0,6,1,0,6,16.4612
0,6,2,0,7,6,5.48707
2,4,1,2,4,17.2564
2,4,2,2,5,4,2.46521
5,7,1,5,7,18.2902
0,9,1,0,9,16.004
0,9,2,0,7,9,2.28628
9,10,1,9,10,26.4811
9,10,2,9,6,10,11.7793
9,10,2,9,1,10,7.23658
9,10,2,9,7,10,11.163
9,10,2,9,2,10,1.23259
4,7,1,4,7,17.1769
3,4,1,3,4,14.6123
3,4,2,3,5,4,2.08747
8,7,1,8,7,13.9165
8,7,2,8,0,7,1.98807
10,2,1,10,2,15.7455
4,5,1,4,5,15.1093
1,2,1,1,2,27.6044
1,2,2,1,5,2,7.74353
1,2,2,1,10,2,2.2167
1,2,4,1,9,7,5,2,2.2167
1,2,4,1,9,6,4,2,2.2167
1,2,2,1,3,2,2.2167
10,1,1,10,1,21.839
10,1,2,10,7,1,5.93438
10,1,2,10,9,1,12.5547
10,1,2,10,2,1,1.97813
8,9,1,8,9,28.3996
8,9,3,8,0,7,9,1.91848
8,9,2,8,0,9,3.83697
8,9,2,8,6,9,1.91848
8,9,2,8,7,9,1.91848
8,9,3,8,0,6,9,1.91848
8,9,4,8,5,4,6,9,1.91848
0,8,1,0,8,26.8091
0,8,2,0,7,8,5.12922
0,8,2,0,6,8,3.63816
0,8,2,0,9,8,5.45724
8,6,1,8,6,27.0893
8,6,3,8,5,4,6,1.60039
8,6,2,8,0,6,3.20079
8,6,2,8,10,6,3.20079
8,6,2,8,7,6,3.20079
1,5,1,1,5,18.8469
1,5,2,1,3,5,3.31014
1,5,2,1,8,5,1.40159
1,5,3,1,10,7,5,4.71173
1,5,3,1,4,3,5,3.31014
1,5,2,1,7,5,6.11331
1,3,1,1,3,22.157
1,3,2,1,4,3,12.7336
1,3,4,1,9,6,4,3,1.40159
1,3,3,1,8,5,3,1.40159
