source,destination,length,path
8,1,1,8,1,27.1844
8,1,2,8,7,1,8.2793
8,1,2,8,5,1,11.162
8,1,3,8,7,4,1,3.72067
8,1,3,8,5,2,1,3.72067
8,1,4,8,0,7,4,1,2.27931
8,1,3,8,5,4,1,3.72067
2,3,1,2,3,19.2179
2,3,2,2,5,3,14.4134
6,7,1,6,7,20.6369
6,7,2,6,0,7,3.72067
6,7,2,6,10,7,4.73743
6,7,2,6,9,7,3.05027
6,7,2,6,4,7,1.01676
9,2,1,9,2,20.648
9,2,3,9,6,4,2,2.04468
9,2,3,9,7,5,2,3.72067
9,2,3,9,7,4,2,4.40223
8,10,1,8,10,25.0279
1,7,1,1,7,25.0279
1,4,1,1,4,16.0894
1,4,3,1,10,6,4,3.21788
1,4,3,1,9,7,4,3.21788
0,6,1,0,6,18.5028
0,6,2,0,7,6,3.0838
2,4,1,2,4,19.3966
5,7,1,5,7,17.9888
0,9,1,0,9,15.419
0,9,2,0,7,9,2.56983
9,10,1,9,10,26.0447
9,10,2,9,7,10,7.44134
9,10,2,9,1,10,3.72067
9,10,2,9,6,10,14.8827
4,7,1,4,7,16.8938
3,4,1,3,4,14.0782
3,4,2,3,5,4,2.34637
8,7,1,8,7,8.93854
8,7,2,8,0,7,4.46927
8,7,2,8,5,7,2.23464
10,2,1,10,2,15.486
4,5,1,4,5,12.7374
4,5,2,4,3,5,2.1229
1,2,1,1,2,27.3073
1,2,2,1,3,2,2.49161
1,2,2,1,10,2,2.49161
1,2,4,1,10,6,4,2,3.72067
1,2,2,1,9,2,2.49161
1,2,2,1,5,2,4.98323
10,1,1,10,1,21.5531
10,1,2,10,7,1,4.44692
10,1,2,10,9,1,15.6089
8,9,1,8,9,28.2011
8,9,2,8,0,9,4.31284
8,9,2,8,6,9,2.15642
8,9,3,8,0,7,9,2.15642
8,9,2,8,7,9,2.15642
8,9,3,8,0,6,9,2.15642
0,8,1,0,8,26.4134
0,8,2,0,7,8,4.08938
0,8,2,0,6,8,4.08938
0,8,2,0,9,8,5.76536
8,6,1,8,6,27.0661
8,6,3,8,5,4,6,3.59776
8,6,2,8,10,6,1.79888
8,6,2,8,7,6,3.59776
8,6,3,8,0,7,6,1.79888
1,5,1,1,5,20.1788
1,5,2,1,8,5,1.57541
1,5,3,1,9,7,5,1.57541
1,5,3,1,10,7,5,10.5922
1,5,2,1,3,5,3.15083
1,3,1,1,3,21.1843
1,3,2,1,4,3,10.5922
1,3,4,1,9,6,4,3,5.29609
