switch_id,used_rules,usage
10,3,0.125
9,4,0.166667
8,6,0.25
7,5,0.208333
6,3,0.125
5,3,0.125
4,4,0.166667
3,2,0.0833333
2,2,0.0833333
1,8,0.333333
0,3,0.125
