switch_id,used_rules,usage
10,8,0.333333
9,7,0.291667
8,8,0.333333
7,9,0.375
6,6,0.25
5,5,0.208333
4,5,0.208333
3,4,0.166667
2,6,0.25
1,10,0.416667
0,6,0.25
