switch_id,used_rules,usage
10,16,0.666667
9,16,0.666667
8,21,0.875
7,23,0.958333
6,15,0.625
5,15,0.625
4,14,0.583333
3,9,0.375
2,13,0.541667
1,26,1.08333
0,9,0.375
