switch_id,used_rules,usage
10,16,0.666667
9,16,0.666667
8,17,0.708333
7,24,1
6,19,0.791667
5,16,0.666667
4,20,0.833333
3,9,0.375
2,13,0.541667
1,23,0.958333
0,10,0.416667
