switch_id,used_rules,usage
10,6,0.25
9,6,0.25
8,7,0.291667
7,7,0.291667
6,6,0.25
5,2,0.0833333
4,5,0.208333
3,4,0.166667
2,6,0.25
1,10,0.416667
0,4,0.166667
