switch_id,used_rules,usage
10,3,0.125
9,3,0.125
8,5,0.208333
7,4,0.166667
6,1,0.0416667
5,0,0
4,4,0.166667
3,2,0.0833333
2,2,0.0833333
1,5,0.208333
0,1,0.0416667
