switch_id,used_rules,usage
10,19,0.791667
9,21,0.875
8,26,1.08333
7,30,1.25
6,21,0.875
5,18,0.75
4,23,0.958333
3,11,0.458333
2,17,0.708333
1,34,1.41667
0,13,0.541667
