switch_id,used_rules,usage
10,5,0.208333
9,5,0.208333
8,6,0.25
7,4,0.166667
6,4,0.166667
5,2,0.0833333
4,5,0.208333
3,2,0.0833333
2,3,0.125
1,7,0.291667
0,3,0.125
