switch_id,used_rules,usage
10,24,1
9,27,1.125
8,28,1.16667
7,35,1.45833
6,22,0.916667
5,22,0.916667
4,23,0.958333
3,13,0.541667
2,20,0.833333
1,31,1.29167
0,14,0.583333
