switch_id,used_rules,usage
10,3,0.125
9,3,0.125
8,3,0.125
7,2,0.0833333
6,1,0.0416667
5,1,0.0416667
4,2,0.0833333
3,2,0.0833333
2,5,0.208333
1,5,0.208333
0,1,0.0416667
