switch_id,used_rules,usage
10,5,0.208333
9,3,0.125
8,7,0.291667
7,5,0.208333
6,3,0.125
5,2,0.0833333
4,3,0.125
3,2,0.0833333
2,5,0.208333
1,9,0.375
0,2,0.0833333
