switch_id,used_rules,usage
10,5,0.208333
9,5,0.208333
8,7,0.291667
7,5,0.208333
6,4,0.166667
5,3,0.125
4,1,0.0416667
3,3,0.125
2,4,0.166667
1,7,0.291667
0,6,0.25
