switch_id,used_rules,usage
10,5,0.208333
9,6,0.25
8,10,0.416667
7,9,0.375
6,4,0.166667
5,5,0.208333
4,3,0.125
3,2,0.0833333
2,4,0.166667
1,10,0.416667
0,4,0.166667
