switch_id,used_rules,usage
10,13,0.541667
9,15,0.625
8,15,0.625
7,20,0.833333
6,13,0.541667
5,13,0.541667
4,15,0.625
3,7,0.291667
2,12,0.5
1,18,0.75
0,9,0.375
