source,destination,length,path
8,1,1,8,1,20.7692
8,1,2,8,5,1,6.92308
8,1,2,8,7,1,2.30769
2,3,1,2,3,18.4615
2,3,2,2,5,3,11.5385
6,7,1,6,7,18.4615
6,7,2,6,0,7,2.30769
6,7,2,6,9,7,4.61538
6,7,2,6,10,7,4.61538
9,2,1,9,2,18.4615
9,2,3,9,6,4,2,4.61538
9,2,3,9,7,4,2,4.61538
9,2,4,9,6,4,3,2,2.30769
8,10,1,8,10,19.9584
8,10,2,8,7,10,4.4352
8,10,3,8,0,7,10,4.4352
1,7,1,1,7,15.5232
1,7,2,1,10,7,11.088
1,7,2,1,9,7,2.2176
1,4,1,1,4,17.9626
1,4,2,1,7,4,3.99168
1,4,3,1,10,6,4,1.99584
1,4,3,1,9,6,4,1.99584
0,6,1,0,6,17.2141
0,6,2,0,7,6,7.65072
2,4,1,2,4,17.1864
2,4,2,2,5,4,3.43728
2,4,3,2,10,6,4,1.71864
5,7,1,5,7,19.1268
5,7,3,5,2,10,7,1.5939
0,9,1,0,9,20.7207
9,10,1,9,10,18.4615
9,10,2,9,6,10,9.23077
9,10,2,9,1,10,2.30769
4,7,1,4,7,17.9626
4,7,2,4,6,7,1.49688
3,4,1,3,4,14.553
3,4,2,3,5,4,4.3659
8,7,1,8,7,15.246
8,7,2,8,0,7,2.772
10,2,1,10,2,16.4657
10,2,3,10,6,4,2,1.37214
4,5,1,4,5,13.167
4,5,2,4,3,5,3.9501
1,2,1,1,2,23.0769
1,2,3,1,8,5,2,2.30769
1,2,2,1,9,2,2.30769
1,2,2,1,5,2,2.30769
10,1,1,10,1,16.1538
10,1,2,10,9,1,11.5385
10,1,2,10,7,1,2.30769
8,9,1,8,9,23.0769
8,9,3,8,5,2,9,4.61538
8,9,2,8,6,9,2.30769
0,8,1,0,8,23.0769
0,8,2,0,7,8,4.61538
0,8,2,0,6,8,2.30769
8,6,1,8,6,20.7692
8,6,2,8,0,6,2.30769
8,6,3,8,5,4,6,4.61538
8,6,2,8,10,6,2.30769
1,5,1,1,5,18.4615
1,5,3,1,9,7,5,9.23077
1,5,2,1,7,5,2.30769
1,3,1,1,3,23.0769
1,3,4,1,10,6,4,3,2.30769
1,3,2,1,4,3,2.30769
1,3,3,1,8,5,3,2.30769
