source,destination,length,path
8,1,1,8,1,28.5307
8,1,2,8,7,1,7.02367
8,1,2,8,5,1,16.1303
8,1,3,8,7,4,1,4.94076
8,1,3,8,5,2,1,5.37675
2,3,1,2,3,20.8288
2,3,2,2,5,3,13.8859
6,7,1,6,7,22.9763
6,7,2,6,0,7,5.37675
6,7,2,6,10,7,5.87726
9,2,1,9,2,23.4769
9,2,3,9,6,4,2,7.3466
9,2,3,9,7,5,2,0.984924
8,10,1,8,10,25.8342
1,7,1,1,7,25.8342
1,4,1,1,4,23.2508
0,6,1,0,6,22.282
2,4,1,2,4,20.0215
5,7,1,5,7,18.5683
0,9,1,0,9,18.5683
9,10,1,9,10,26.8838
9,10,2,9,7,10,10.7535
9,10,2,9,1,10,5.37675
9,10,2,9,6,10,10.7535
4,7,1,4,7,17.4381
3,4,1,3,4,13.563
3,4,2,3,5,4,3.39074
8,7,1,8,7,9.68783
8,7,2,8,0,7,6.45855
10,2,1,10,2,15.9849
4,5,1,4,5,15.3391
1,2,1,1,2,28.7083
1,2,2,1,3,2,3.60064
1,2,2,1,10,2,5.37675
1,2,4,1,10,6,4,2,3.60064
1,2,4,1,10,7,5,2,3.60064
10,1,1,10,1,24.7201
10,1,2,10,9,1,12.8525
10,1,2,10,7,1,5.37675
8,9,1,8,9,30
8,9,2,8,6,9,3.11625
8,9,2,8,7,9,3.11625
8,9,3,8,0,7,9,3.11625
8,9,2,8,0,9,3.11625
0,8,1,0,8,27.4166
0,8,2,0,9,8,2.95478
0,8,2,0,7,8,8.33153
0,8,2,0,6,8,2.95478
8,6,1,8,6,26.7061
8,6,3,8,5,4,6,5.37675
8,6,2,8,10,6,2.59956
8,6,3,8,0,7,6,2.59956
8,6,2,8,7,6,2.59956
1,5,1,1,5,29.1604
1,5,3,1,9,7,5,6.8299
1,5,3,1,10,7,5,2.27663
1,3,1,1,3,26.0603
1,3,2,1,4,3,2.27663
1,3,4,1,9,7,4,3,2.27663
1,3,4,1,9,6,4,3,5.37675
1,3,4,1,10,6,4,3,2.27663
