switch_id,used_rules,usage
10,6,0.25
9,6,0.25
8,10,0.416667
7,8,0.333333
6,5,0.208333
5,5,0.208333
4,3,0.125
3,2,0.0833333
2,6,0.25
1,11,0.458333
0,2,0.0833333
