source,destination,length,path
8,1,1,8,1,21.8182
8,1,2,8,5,1,8.18182
2,3,1,2,3,16.3636
2,3,2,2,5,3,13.6364
6,7,1,6,7,16.3636
6,7,2,6,0,7,2.72727
6,7,2,6,9,7,5.45455
6,7,2,6,10,7,5.45455
9,2,1,9,2,16.3636
9,2,3,9,6,4,2,5.45455
9,2,3,9,7,5,2,2.72727
9,2,3,9,7,4,2,2.72727
9,2,4,9,6,4,3,2,2.72727
8,10,1,8,10,20.9664
8,10,2,8,7,10,5.2416
8,10,3,8,5,2,10,2.6208
1,7,1,1,7,18.3456
1,7,2,1,10,7,5.2416
1,7,2,1,9,7,5.2416
1,4,1,1,4,18.8698
1,4,3,1,9,7,4,2.35872
1,4,3,1,10,6,4,2.35872
1,4,3,1,9,6,4,2.35872
0,6,1,0,6,18.0835
0,6,2,0,7,6,6.78132
2,4,1,2,4,18.2801
2,4,2,2,5,4,2.03112
2,4,3,2,10,7,4,2.03112
5,7,1,5,7,18.837
5,7,2,5,4,7,1.8837
0,9,1,0,9,20.7207
9,10,1,9,10,19.0909
9,10,2,9,6,10,5.45455
9,10,2,9,1,10,5.45455
4,7,1,4,7,15.9214
4,7,2,4,6,7,3.53808
3,4,1,3,4,13.7592
3,4,2,3,5,4,5.1597
8,7,1,8,7,13.104
8,7,2,8,0,7,4.914
10,2,1,10,2,16.2162
10,2,3,10,6,4,2,1.62162
4,5,1,4,5,14.0049
4,5,2,4,3,5,3.1122
1,2,1,1,2,21.8182
1,2,2,1,5,2,5.45455
1,2,2,1,9,2,2.72727
10,1,1,10,1,16.3636
10,1,2,10,9,1,10.9091
10,1,2,10,7,1,2.72727
8,9,1,8,9,21.8182
8,9,2,8,7,9,2.72727
8,9,3,8,0,7,9,2.72727
8,9,3,8,5,2,9,2.72727
0,8,1,0,8,21.8182
0,8,2,0,7,8,5.45455
0,8,2,0,6,8,2.72727
8,6,1,8,6,21.8182
8,6,2,8,0,6,2.72727
8,6,3,8,5,4,6,2.72727
8,6,2,8,10,6,2.72727
1,5,1,1,5,16.3636
1,5,2,1,8,5,5.45455
1,5,3,1,10,7,5,2.72727
1,5,2,1,7,5,2.72727
1,5,3,1,9,7,5,2.72727
1,3,1,1,3,24.5455
1,3,4,1,10,6,4,3,2.72727
1,3,2,1,4,3,2.72727
