switch_id,used_rules,usage
10,29,1.20833
9,37,1.54167
8,34,1.41667
7,46,1.91667
6,28,1.16667
5,29,1.20833
4,37,1.54167
3,20,0.833333
2,28,1.16667
1,55,2.29167
0,19,0.791667
