source,destination,length,path
8,1,1,8,1,22
8,1,2,8,5,1,8
2,3,1,2,3,18
2,3,2,2,5,3,12
6,7,1,6,7,18
6,7,2,6,0,7,2
6,7,2,6,9,7,4
6,7,2,6,10,7,6
9,2,1,9,2,22
9,2,3,9,6,4,2,6
9,2,3,9,7,4,2,2
8,10,1,8,10,17.2973
8,10,2,8,7,10,7.68768
8,10,3,8,0,7,10,1.92192
8,10,3,8,5,2,10,1.92192
1,7,1,1,7,13.4534
1,7,2,1,10,7,9.6096
1,7,2,1,9,7,5.76576
1,4,1,1,4,15.5676
1,4,2,1,7,4,3.45946
1,4,3,1,10,6,4,5.18918
1,4,3,1,9,6,4,1.72973
0,6,1,0,6,19.8919
0,6,2,0,7,6,4.97297
2,4,1,2,4,16.3844
2,4,2,2,5,4,4.46846
2,4,3,2,10,6,4,1.48949
5,7,1,5,7,19.3393
5,7,3,5,2,10,7,1.38138
0,9,1,0,9,20.7207
9,10,1,9,10,20
9,10,2,9,6,10,8
9,10,2,9,1,10,2
4,7,1,4,7,18.1621
4,7,2,4,6,7,1.2973
3,4,1,3,4,13.8739
3,4,2,3,5,4,5.04504
8,7,1,8,7,13.2132
8,7,2,8,0,7,4.8048
10,2,1,10,2,16.6486
10,2,3,10,6,4,2,1.18919
4,5,1,4,5,13.6937
4,5,2,4,3,5,3.42342
1,2,1,1,2,22
1,2,3,1,8,5,2,2
1,2,2,1,5,2,6
10,1,1,10,1,16
10,1,2,10,9,1,12
10,1,2,10,7,1,2
8,9,1,8,9,22
8,9,3,8,5,2,9,2
8,9,3,8,0,7,9,2
8,9,4,8,5,3,2,9,2
8,9,2,8,10,9,2
0,8,1,0,8,24
0,8,2,0,7,8,4
0,8,2,0,6,8,2
8,6,1,8,6,22
8,6,3,8,0,7,6,2
8,6,3,8,5,4,6,4
8,6,2,8,10,6,2
1,5,1,1,5,16
1,5,3,1,9,7,5,8
1,5,2,1,8,5,2
1,5,2,1,7,5,4
1,3,1,1,3,22
1,3,2,1,4,3,6
1,3,4,1,10,6,4,3,2
