switch_id,used_rules,usage
10,2,0.0833333
9,2,0.0833333
8,5,0.208333
7,4,0.166667
6,2,0.0833333
5,2,0.0833333
4,3,0.125
3,2,0.0833333
2,1,0.0416667
1,5,0.208333
0,2,0.0833333
