switch_id,used_rules,usage
10,23,0.958333
9,28,1.16667
8,27,1.125
7,37,1.54167
6,25,1.04167
5,22,0.916667
4,34,1.41667
3,16,0.666667
2,20,0.833333
1,44,1.83333
0,16,0.666667
