switch_id,used_rules,usage
10,7,0.291667
9,8,0.333333
8,10,0.416667
7,7,0.291667
6,5,0.208333
5,3,0.125
4,5,0.208333
3,3,0.125
2,7,0.291667
1,10,0.416667
0,4,0.166667
