switch_id,used_rules,usage
10,2,0.0833333
9,2,0.0833333
8,3,0.125
7,1,0.0416667
6,2,0.0833333
5,2,0.0833333
4,1,0.0416667
3,1,0.0416667
2,2,0.0833333
1,6,0.25
0,2,0.0833333
