switch_id,used_rules,usage
10,14,0.583333
9,15,0.625
8,16,0.666667
7,20,0.833333
6,13,0.541667
5,14,0.583333
4,13,0.541667
3,7,0.291667
2,12,0.5
1,18,0.75
0,10,0.416667
