switch_id,used_rules,usage
10,19,0.791667
9,16,0.666667
8,20,0.833333
7,22,0.916667
6,19,0.791667
5,18,0.75
4,19,0.791667
3,9,0.375
2,17,0.708333
1,24,1
0,10,0.416667
