source,destination,length,path
8,1,1,8,1,21.1765
8,1,2,8,5,1,7.05882
8,1,2,8,7,1,1.76471
2,3,1,2,3,17.6471
2,3,2,2,5,3,12.3529
6,7,1,6,7,19.4118
6,7,2,6,0,7,1.76471
6,7,2,6,9,7,5.29412
6,7,2,6,10,7,3.52941
9,2,1,9,2,21.1765
9,2,3,9,6,4,2,5.29412
9,2,3,9,7,4,2,3.52941
8,10,1,8,10,20.3497
8,10,2,8,7,10,5.08744
8,10,3,8,5,2,10,1.69581
8,10,3,8,0,7,10,1.69581
1,7,1,1,7,11.8707
1,7,2,1,10,7,6.78325
1,7,2,1,9,7,10.1749
1,4,1,1,4,16.7885
1,4,3,1,10,7,4,1.52623
1,4,3,1,9,6,4,3.05246
1,4,2,1,7,4,3.05246
1,4,3,1,10,6,4,1.52623
0,6,1,0,6,17.5517
0,6,2,0,7,6,5.85055
0,6,3,0,7,10,6,1.46264
2,4,1,2,4,17.0853
2,4,2,2,5,4,2.62851
2,4,3,2,10,6,4,2.62851
5,7,1,5,7,18.283
5,7,2,5,4,7,2.43773
0,9,1,0,9,20.7207
9,10,1,9,10,19.4118
9,10,2,9,6,10,8.82353
9,10,2,9,1,10,1.76471
4,7,1,4,7,16.0254
4,7,2,4,6,7,1.14467
4,7,3,4,2,10,7,2.28935
3,4,1,3,4,13.3545
3,4,2,3,5,4,5.56438
8,7,1,8,7,12.7186
8,7,2,8,0,7,5.29941
10,2,1,10,2,17.8378
4,5,1,4,5,13.0895
4,5,2,4,3,5,4.02755
1,2,1,1,2,21.1765
1,2,2,1,5,2,5.29412
1,2,3,1,8,5,2,1.76471
1,2,4,1,10,6,4,2,1.76471
10,1,1,10,1,15.8824
10,1,2,10,9,1,12.3529
10,1,2,10,7,1,1.76471
8,9,1,8,9,22.9412
8,9,3,8,5,2,9,3.52941
8,9,2,8,6,9,1.76471
8,9,4,8,5,3,2,9,1.76471
0,8,1,0,8,22.9412
0,8,2,0,7,8,3.52941
0,8,2,0,6,8,3.52941
8,6,1,8,6,21.1765
8,6,3,8,0,7,6,1.76471
8,6,3,8,5,4,6,1.76471
8,6,2,8,7,6,1.76471
8,6,2,8,0,6,1.76471
8,6,2,8,10,6,1.76471
1,5,1,1,5,15.8824
1,5,2,1,8,5,3.52941
1,5,2,1,7,5,7.05882
1,5,3,1,9,7,5,1.76471
1,5,3,1,10,7,5,1.76471
1,3,1,1,3,22.9412
1,3,4,1,10,6,4,3,3.52941
1,3,2,1,4,3,3.52941
