switch_id,used_rules,usage
10,3,0.125
9,2,0.0833333
8,3,0.125
7,1,0.0416667
6,2,0.0833333
5,1,0.0416667
4,1,0.0416667
3,1,0.0416667
2,3,0.125
1,4,0.166667
0,1,0.0416667
