switch_id,used_rules,usage
10,2,0.0833333
9,1,0.0416667
8,3,0.125
7,0,0
6,1,0.0416667
5,1,0.0416667
4,3,0.125
3,2,0.0833333
2,2,0.0833333
1,6,0.25
0,1,0.0416667
