switch_id,used_rules,usage
10,6,0.25
9,7,0.291667
8,9,0.375
7,7,0.291667
6,4,0.166667
5,4,0.166667
4,3,0.125
3,3,0.125
2,6,0.25
1,9,0.375
0,4,0.166667
