switch_id,used_rules,usage
10,17,0.708333
9,25,1.04167
8,26,1.08333
7,29,1.20833
6,23,0.958333
5,17,0.708333
4,23,0.958333
3,11,0.458333
2,18,0.75
1,32,1.33333
0,15,0.625
