switch_id,used_rules,usage
10,2,0.0833333
9,3,0.125
8,5,0.208333
7,3,0.125
6,2,0.0833333
5,1,0.0416667
4,2,0.0833333
3,1,0.0416667
2,3,0.125
1,5,0.208333
0,1,0.0416667
