switch_id,used_rules,usage
10,3,0.125
9,1,0.0416667
8,2,0.0833333
7,1,0.0416667
6,2,0.0833333
5,0,0
4,1,0.0416667
3,2,0.0833333
2,1,0.0416667
1,3,0.125
0,2,0.0833333
