switch_id,used_rules,usage
10,20,0.833333
9,25,1.04167
8,29,1.20833
7,30,1.25
6,21,0.875
5,20,0.833333
4,23,0.958333
3,12,0.5
2,15,0.625
1,37,1.54167
0,16,0.666667
