switch_id,used_rules,usage
10,7,0.291667
9,5,0.208333
8,8,0.333333
7,7,0.291667
6,5,0.208333
5,5,0.208333
4,4,0.166667
3,4,0.166667
2,6,0.25
1,10,0.416667
0,5,0.208333
