switch_id,used_rules,usage
10,5,0.208333
9,4,0.166667
8,6,0.25
7,5,0.208333
6,4,0.166667
5,2,0.0833333
4,4,0.166667
3,3,0.125
2,4,0.166667
1,7,0.291667
0,2,0.0833333
