switch_id,used_rules,usage
10,2,0.0833333
9,3,0.125
8,3,0.125
7,0,0
6,1,0.0416667
5,1,0.0416667
4,0,0
3,1,0.0416667
2,2,0.0833333
1,5,0.208333
0,0,0
