switch_id,used_rules,usage
10,16,0.666667
9,15,0.625
8,15,0.625
7,23,0.958333
6,15,0.625
5,15,0.625
4,19,0.791667
3,8,0.333333
2,12,0.5
1,22,0.916667
0,10,0.416667
