switch_id,used_rules,usage
10,14,0.583333
9,16,0.666667
8,21,0.875
7,21,0.875
6,15,0.625
5,12,0.5
4,15,0.625
3,9,0.375
2,13,0.541667
1,25,1.04167
0,10,0.416667
