switch_id,used_rules,usage
10,22,0.916667
9,30,1.25
8,30,1.25
7,35,1.45833
6,25,1.04167
5,21,0.875
4,32,1.33333
3,15,0.625
2,22,0.916667
1,48,2
0,17,0.708333
