switch_id,used_rules,usage
10,2,0.0833333
9,2,0.0833333
8,4,0.166667
7,1,0.0416667
6,1,0.0416667
5,1,0.0416667
4,0,0
3,1,0.0416667
2,2,0.0833333
1,5,0.208333
0,1,0.0416667
