switch_id,used_rules,usage
10,27,1.125
9,29,1.20833
8,31,1.29167
7,37,1.54167
6,27,1.125
5,25,1.04167
4,34,1.41667
3,17,0.708333
2,18,0.75
1,49,2.04167
0,19,0.791667
