source,destination,length,path
8,1,1,8,1,27.6721
8,1,2,8,7,1,6.45315
8,1,2,8,5,1,15.2947
8,1,3,8,5,4,1,2.54912
8,1,3,8,10,7,1,0.780806
8,1,3,8,7,4,1,0.780806
8,1,3,8,5,2,1,5.87905
8,1,3,8,0,7,1,4.11073
2,3,1,2,3,19.7499
2,3,2,2,5,3,16.4583
6,7,1,6,7,24.3353
6,7,2,6,0,7,0.696604
6,7,2,6,9,7,2.54912
6,7,2,6,10,7,3.48302
6,7,2,6,4,7,3.94233
6,7,4,6,4,2,10,7,0.696604
9,2,1,9,2,26.8921
9,2,3,9,6,4,2,4.41694
9,2,3,9,7,4,2,1.86781
8,10,1,8,10,24.496
8,10,2,8,7,10,2.4496
1,7,1,1,7,9.79842
1,7,2,1,9,7,12.248
1,7,2,1,10,7,4.89921
1,4,1,1,4,15.4325
1,4,3,1,10,6,4,2.20464
1,4,3,1,9,7,4,4.40929
1,4,3,1,9,6,4,2.20464
0,6,1,0,6,21.1278
0,6,2,0,7,6,2.11278
2,4,1,2,4,18.9844
2,4,2,2,5,4,1.89844
5,7,1,5,7,19.3672
0,9,1,0,9,15.8459
0,9,2,0,7,9,3.52131
9,10,1,9,10,25.4912
9,10,2,9,6,10,17.8439
9,10,2,9,7,10,5.09824
9,10,2,9,1,10,7.64737
4,7,1,4,7,16.5348
4,7,3,4,2,10,7,1.65348
3,4,1,3,4,12.8604
3,4,2,3,5,4,4.82266
8,7,1,8,7,7.65501
8,7,2,8,0,7,7.65501
8,7,2,8,5,7,1.531
10,2,1,10,2,15.1569
10,2,3,10,7,4,2,1.51569
4,5,1,4,5,14.5445
4,5,2,4,3,5,1.45445
1,2,1,1,2,27.6721
1,2,2,1,10,2,5.1212
1,2,2,1,5,2,5.96325
1,2,3,1,7,5,2,1.70707
1,2,2,1,4,2,1.70707
1,2,2,1,3,2,4.25619
10,1,1,10,1,22.9115
10,1,2,10,9,1,13.2432
10,1,3,10,6,4,1,4.57004
10,1,2,10,7,1,2.54912
10,1,3,10,7,4,1,1.52335
8,9,1,8,9,29.0078
8,9,2,8,0,9,5.90966
8,9,2,8,6,9,5.90966
8,9,2,8,7,9,1.47742
8,9,3,8,0,6,9,1.47742
0,8,1,0,8,29.0078
0,8,2,0,7,8,8.40519
0,8,2,0,9,8,4.20259
0,8,2,0,6,8,1.40086
8,6,1,8,6,23.0981
8,6,2,8,7,6,8.79561
8,6,2,8,0,6,2.46491
8,6,3,8,5,4,6,2.46491
8,6,2,8,10,6,3.73093
1,5,1,1,5,21.7088
1,5,2,1,8,5,1.28897
1,5,2,1,7,5,11.2758
1,5,3,1,10,7,5,2.15871
1,5,2,1,4,5,1.07935
1,5,2,1,3,5,1.07935
1,3,1,1,3,22.3365
1,3,2,1,4,3,8.33631
1,3,3,1,7,4,3,4.89073
1,3,4,1,10,6,4,3,2.15871
