switch_id,used_rules,usage
10,3,0.125
9,1,0.0416667
8,4,0.166667
7,1,0.0416667
6,3,0.125
5,2,0.0833333
4,2,0.0833333
3,2,0.0833333
2,3,0.125
1,5,0.208333
0,2,0.0833333
