switch_id,used_rules,usage
10,3,0.125
9,4,0.166667
8,4,0.166667
7,1,0.0416667
6,2,0.0833333
5,1,0.0416667
4,4,0.166667
3,3,0.125
2,5,0.208333
1,6,0.25
0,3,0.125
