switch_id,used_rules,usage
10,7,0.291667
9,7,0.291667
8,10,0.416667
7,8,0.333333
6,6,0.25
5,5,0.208333
4,4,0.166667
3,4,0.166667
2,4,0.166667
1,10,0.416667
0,4,0.166667
