switch_id,used_rules,usage
10,2,0.0833333
9,3,0.125
8,4,0.166667
7,1,0.0416667
6,2,0.0833333
5,2,0.0833333
4,3,0.125
3,2,0.0833333
2,3,0.125
1,7,0.291667
0,3,0.125
