switch_id,used_rules,usage
10,2,0.0833333
9,2,0.0833333
8,2,0.0833333
7,1,0.0416667
6,2,0.0833333
5,1,0.0416667
4,1,0.0416667
3,2,0.0833333
2,3,0.125
1,3,0.125
0,1,0.0416667
