switch_id,used_rules,usage
10,4,0.166667
9,4,0.166667
8,6,0.25
7,5,0.208333
6,5,0.208333
5,2,0.0833333
4,3,0.125
3,2,0.0833333
2,5,0.208333
1,8,0.333333
0,3,0.125
