switch_id,used_rules,usage
10,17,0.708333
9,22,0.916667
8,23,0.958333
7,26,1.08333
6,19,0.791667
5,18,0.75
4,24,1
3,13,0.541667
2,16,0.666667
1,35,1.45833
0,14,0.583333
