switch_id,used_rules,usage
10,7,0.291667
9,6,0.25
8,8,0.333333
7,6,0.25
6,4,0.166667
5,5,0.208333
4,5,0.208333
3,4,0.166667
2,4,0.166667
1,12,0.5
0,2,0.0833333
