switch_id,used_rules,usage
10,7,0.291667
9,9,0.375
8,9,0.375
7,6,0.25
6,7,0.291667
5,4,0.166667
4,4,0.166667
3,3,0.125
2,5,0.208333
1,10,0.416667
0,4,0.166667
