switch_id,used_rules,usage
10,3,0.125
9,5,0.208333
8,6,0.25
7,3,0.125
6,2,0.0833333
5,3,0.125
4,3,0.125
3,2,0.0833333
2,4,0.166667
1,7,0.291667
0,3,0.125
