switch_id,used_rules,usage
10,6,0.25
9,7,0.291667
8,9,0.375
7,6,0.25
6,6,0.25
5,5,0.208333
4,3,0.125
3,3,0.125
2,7,0.291667
1,11,0.458333
0,2,0.0833333
