switch_id,used_rules,usage
10,3,0.125
9,3,0.125
8,5,0.208333
7,3,0.125
6,3,0.125
5,1,0.0416667
4,4,0.166667
3,3,0.125
2,5,0.208333
1,7,0.291667
0,2,0.0833333
