switch_id,used_rules,usage
10,15,0.625
9,17,0.708333
8,24,1
7,23,0.958333
6,16,0.666667
5,14,0.583333
4,15,0.625
3,8,0.333333
2,11,0.458333
1,30,1.25
0,12,0.5
