switch_id,used_rules,usage
10,1,0.0416667
9,3,0.125
8,4,0.166667
7,2,0.0833333
6,3,0.125
5,1,0.0416667
4,2,0.0833333
3,1,0.0416667
2,1,0.0416667
1,5,0.208333
0,3,0.125
