switch_id,used_rules,usage
10,3,0.125
9,5,0.208333
8,5,0.208333
7,4,0.166667
6,4,0.166667
5,3,0.125
4,3,0.125
3,2,0.0833333
2,4,0.166667
1,5,0.208333
0,3,0.125
