switch_id,used_rules,usage
10,1,0.0416667
9,3,0.125
8,3,0.125
7,2,0.0833333
6,2,0.0833333
5,2,0.0833333
4,2,0.0833333
3,2,0.0833333
2,2,0.0833333
1,5,0.208333
0,0,0
