switch_id,used_rules,usage
10,17,0.708333
9,22,0.916667
8,24,1
7,28,1.16667
6,20,0.833333
5,17,0.708333
4,22,0.916667
3,11,0.458333
2,15,0.625
1,34,1.41667
0,13,0.541667
