switch_id,used_rules,usage
10,22,0.916667
9,26,1.08333
8,28,1.16667
7,35,1.45833
6,24,1
5,24,1
4,31,1.29167
3,16,0.666667
2,23,0.958333
1,46,1.91667
0,15,0.625
