switch_id,used_rules,usage
10,19,0.791667
9,29,1.20833
8,30,1.25
7,35,1.45833
6,25,1.04167
5,24,1
4,29,1.20833
3,17,0.708333
2,19,0.791667
1,42,1.75
0,16,0.666667
