switch_id,used_rules,usage
10,20,0.833333
9,22,0.916667
8,25,1.04167
7,28,1.16667
6,23,0.958333
5,18,0.75
4,22,0.916667
3,12,0.5
2,23,0.958333
1,34,1.41667
0,12,0.5
