switch_id,used_rules,usage
10,20,0.833333
9,17,0.708333
8,22,0.916667
7,24,1
6,19,0.791667
5,18,0.75
4,19,0.791667
3,9,0.375
2,17,0.708333
1,23,0.958333
0,11,0.458333
