switch_id,used_rules,usage
10,6,0.25
9,6,0.25
8,9,0.375
7,9,0.375
6,5,0.208333
5,3,0.125
4,6,0.25
3,4,0.166667
2,5,0.208333
1,12,0.5
0,4,0.166667
