switch_id,used_rules,usage
10,50,2.08333
9,52,2.16667
8,47,1.95833
7,57,2.375
6,43,1.79167
5,45,1.875
4,56,2.33333
3,31,1.29167
2,42,1.75
1,86,3.58333
0,22,0.916667
