switch_id,used_rules,usage
10,15,0.625
9,23,0.958333
8,27,1.125
7,28,1.16667
6,20,0.833333
5,17,0.708333
4,19,0.791667
3,10,0.416667
2,15,0.625
1,29,1.20833
0,15,0.625
