switch_id,used_rules,usage
10,7,0.291667
9,7,0.291667
8,8,0.333333
7,9,0.375
6,7,0.291667
5,3,0.125
4,5,0.208333
3,2,0.0833333
2,4,0.166667
1,10,0.416667
0,5,0.208333
