switch_id,used_rules,usage
10,5,0.208333
9,5,0.208333
8,8,0.333333
7,5,0.208333
6,4,0.166667
5,2,0.0833333
4,4,0.166667
3,3,0.125
2,4,0.166667
1,8,0.333333
0,2,0.0833333
