switch_id,used_rules,usage
10,6,0.25
9,9,0.375
8,10,0.416667
7,11,0.458333
6,5,0.208333
5,6,0.25
4,6,0.25
3,5,0.208333
2,5,0.208333
1,12,0.5
0,5,0.208333
