switch_id,used_rules,usage
10,2,0.0833333
9,3,0.125
8,6,0.25
7,4,0.166667
6,2,0.0833333
5,3,0.125
4,3,0.125
3,3,0.125
2,3,0.125
1,6,0.25
0,2,0.0833333
