switch_id,used_rules,usage
10,4,0.166667
9,3,0.125
8,6,0.25
7,4,0.166667
6,3,0.125
5,2,0.0833333
4,2,0.0833333
3,3,0.125
2,4,0.166667
1,6,0.25
0,2,0.0833333
