source,destination,length,path
8,1,1,8,1,28.0115
8,1,2,8,7,1,13.8837
8,1,2,8,5,1,15.0497
8,1,3,8,5,2,1,2.76587
8,1,3,8,7,4,1,0.921958
8,1,3,8,0,7,1,0.921958
8,1,4,8,0,7,4,1,0.921958
2,3,1,2,3,20.69
2,3,2,2,5,3,11.2805
2,3,2,2,4,3,3.00994
6,7,1,6,7,22.7147
6,7,2,6,0,7,0.822533
6,7,2,6,9,7,3.83248
6,7,2,6,10,7,4.11267
6,7,2,6,4,7,3.00994
9,2,1,9,2,25.7337
9,2,3,9,6,4,2,4.66405
9,2,3,9,7,4,2,1.10273
9,2,3,9,7,5,2,0.551367
8,10,1,8,10,26.0319
1,7,1,1,7,11.5697
1,7,2,1,9,7,5.78487
1,7,2,1,10,7,8.67731
1,4,1,1,4,18.2223
1,4,3,1,10,6,4,2.60319
1,4,2,1,7,4,2.60319
0,6,1,0,6,19.9578
0,6,2,0,7,6,2.49473
2,4,1,2,4,15.6915
2,4,2,2,5,4,4.48327
5,7,1,5,7,18.7104
0,9,1,0,9,16.6315
0,9,2,0,7,9,2.07894
9,10,1,9,10,27.0895
9,10,2,9,6,10,15.0497
9,10,2,9,7,10,9.02983
9,10,2,9,1,10,3.00994
4,7,1,4,7,17.5715
3,4,1,3,4,13.2871
3,4,2,3,5,4,3.79632
8,7,1,8,7,9.03886
8,7,2,8,0,7,7.23109
10,2,1,10,2,14.3176
10,2,3,10,6,4,2,1.78969
4,5,1,4,5,13.7391
4,5,2,4,3,5,1.71738
1,2,1,1,2,28.1109
1,2,2,1,10,2,5.02561
1,2,2,1,5,2,4.03133
1,2,3,1,7,4,2,2.01566
1,2,3,1,7,5,2,2.01566
1,2,2,1,4,2,2.01566
1,2,2,1,3,2,2.01566
10,1,1,10,1,21.6209
10,1,2,10,9,1,13.8385
10,1,3,10,6,4,1,1.79873
10,1,3,10,7,4,1,3.00994
10,1,3,10,6,9,1,3.00994
8,9,1,8,9,28.834
8,9,2,8,0,9,6.97799
8,9,3,8,5,2,9,1.7445
8,9,3,8,0,7,9,3.48899
8,9,4,8,5,3,2,9,1.7445
0,8,1,0,8,27.3878
0,8,2,0,7,8,6.61643
0,8,2,0,6,8,6.31816
0,8,2,0,9,8,1.65411
8,6,1,8,6,30
8,6,3,8,5,4,6,4.36576
8,6,2,8,10,6,2.91051
8,6,2,8,7,6,2.91051
1,5,1,1,5,23.1576
1,5,2,1,8,5,1.27448
1,5,3,1,10,7,5,4.28442
1,5,2,1,7,5,5.5589
1,5,2,1,4,5,1.27448
1,5,3,1,9,7,5,3.00994
1,3,1,1,3,26.1675
1,3,2,1,4,3,3.82343
1,3,4,1,9,6,4,3,4.28442
1,3,3,1,7,4,3,1.27448
1,3,4,1,9,7,4,3,3.00994
