switch_id,used_rules,usage
10,6,0.25
9,6,0.25
8,7,0.291667
7,6,0.25
6,3,0.125
5,5,0.208333
4,3,0.125
3,4,0.166667
2,5,0.208333
1,11,0.458333
0,4,0.166667
