switch_id,used_rules,usage
10,4,0.166667
9,5,0.208333
8,5,0.208333
7,3,0.125
6,4,0.166667
5,2,0.0833333
4,1,0.0416667
3,2,0.0833333
2,3,0.125
1,7,0.291667
0,3,0.125
