source,destination,length,path
8,1,1,8,1,21
8,1,2,8,5,1,9
2,3,1,2,3,18
2,3,2,2,5,3,12
6,7,1,6,7,18
6,7,2,6,0,7,3
6,7,2,6,9,7,6
6,7,2,6,10,7,3
9,2,1,9,2,21
9,2,3,9,6,4,2,9
8,10,1,8,10,20.1802
8,10,2,8,7,10,8.64864
1,7,1,1,7,14.4144
1,7,2,1,10,7,5.76576
1,7,2,1,9,7,8.64864
1,4,1,1,4,15.5676
1,4,2,1,7,4,5.18918
1,4,3,1,10,7,4,2.59459
1,4,3,1,10,6,4,2.59459
0,6,1,0,6,17.4054
0,6,2,0,7,6,7.45945
2,4,1,2,4,17.8739
2,4,2,2,5,4,2.23423
2,4,3,2,10,6,4,2.23423
5,7,1,5,7,18.6486
5,7,3,5,2,10,7,2.07207
0,9,1,0,9,18.6486
0,9,2,0,7,9,2.07207
9,10,1,9,10,18
9,10,2,9,6,10,9
9,10,2,9,1,10,3
4,7,1,4,7,17.5135
4,7,2,4,6,7,1.94594
3,4,1,3,4,13.2432
3,4,2,3,5,4,5.67567
8,7,1,8,7,14.4144
8,7,2,8,0,7,3.6036
10,2,1,10,2,17.8378
4,5,1,4,5,13.6937
4,5,2,4,3,5,3.42342
1,2,1,1,2,21
1,2,2,1,5,2,6
1,2,2,1,4,2,3
10,1,1,10,1,15
10,1,2,10,9,1,12
10,1,2,10,7,1,3
8,9,1,8,9,24
8,9,3,8,5,2,9,3
8,9,2,8,0,9,3
0,8,1,0,8,24
0,8,2,0,7,8,6
8,6,1,8,6,21
8,6,2,8,0,6,3
8,6,3,8,5,4,6,3
8,6,2,8,10,6,3
1,5,1,1,5,15
1,5,2,1,8,5,6
1,5,3,1,9,7,5,6
1,5,2,1,7,5,3
1,3,1,1,3,24
1,3,4,1,10,6,4,3,3
1,3,2,1,4,3,3
