source,destination,length,path
8,1,1,8,1,27.2845
8,1,2,8,7,1,8.98946
8,1,2,8,5,1,11.6933
8,1,3,8,0,7,1,6.28559
8,1,3,8,10,9,1,2.38781
8,1,3,8,0,9,1,1.19391
8,1,3,8,5,4,1,1.19391
8,1,3,8,7,4,1,3.89778
2,3,1,2,3,20.1327
2,3,2,2,5,3,15.0995
6,7,1,6,7,22.6844
6,7,2,6,9,7,3.89778
6,7,2,6,10,7,6.02809
6,7,2,6,0,7,1.06515
6,7,2,6,4,7,1.06515
9,2,1,9,2,24.8147
9,2,3,9,6,4,2,2.14201
9,2,3,9,7,4,2,4.61178
9,2,2,9,10,2,0.714003
8,10,1,8,10,26.2193
1,7,1,1,7,14.9824
1,7,2,1,10,7,11.2368
1,4,1,1,4,20.2263
1,4,3,1,9,6,4,3.37105
0,6,1,0,6,19.3835
0,6,2,0,7,6,3.23059
2,4,1,2,4,20.3199
5,7,1,5,7,18.8451
0,9,1,0,9,18.8451
9,10,1,9,10,27.2845
9,10,2,9,6,10,13.8705
9,10,2,9,1,10,7.79556
9,10,2,9,7,10,9.97267
9,10,2,9,2,10,0.725704
4,7,1,4,7,17.698
3,4,1,3,4,14.7483
3,4,2,3,5,4,2.45806
8,7,1,8,7,11.705
8,7,2,8,0,7,4.68201
10,2,1,10,2,16.2232
4,5,1,4,5,15.5677
1,2,1,1,2,27.3196
1,2,2,1,5,2,15.6262
1,2,2,1,3,2,2.61022
10,1,1,10,1,24.1475
10,1,3,10,6,4,1,6.98789
10,1,2,10,9,1,10.1249
10,1,2,10,2,1,2.3293
8,9,1,8,9,27.9048
8,9,2,8,7,9,2.25907
8,9,2,8,6,9,10.675
8,9,2,8,0,9,2.25907
0,8,1,0,8,27.6707
0,8,2,0,7,8,6.0398
0,8,2,0,6,8,4.28403
0,8,3,0,7,9,8,2.14202
0,8,2,0,9,8,2.14202
8,6,1,8,6,17.3469
8,6,3,8,5,4,6,11.5646
8,6,2,8,0,6,3.89778
8,6,3,8,0,7,6,1.88451
8,6,4,8,5,2,10,6,3.89778
8,6,2,8,7,6,1.88451
1,5,1,1,5,11.0964
1,5,2,1,3,5,7.19859
1,5,2,1,8,5,0.872967
1,5,2,1,7,5,9.44596
1,5,3,1,10,7,5,5.54818
1,5,3,1,9,7,5,3.89778
1,3,1,1,3,18.295
1,3,2,1,4,3,5.54818
1,3,4,1,9,7,4,3,5.54818
1,3,3,1,7,4,3,3.89778
1,3,4,1,9,6,4,3,5.54818
