switch_id,used_rules,usage
10,1,0.0416667
9,3,0.125
8,3,0.125
7,3,0.125
6,1,0.0416667
5,3,0.125
4,2,0.0833333
3,2,0.0833333
2,4,0.166667
1,5,0.208333
0,1,0.0416667
