source,destination,length,path
8,1,1,8,1,29.0097
8,1,2,8,7,1,9.90323
8,1,2,8,5,1,8.74217
8,1,3,8,5,4,1,1.89528
8,1,4,8,0,7,4,1,3.05634
8,1,3,8,5,2,1,2.47581
8,1,2,8,9,1,3.05634
8,1,3,8,0,7,1,2.47581
8,1,3,8,7,4,1,3.79056
8,1,3,8,10,2,1,0.580531
8,1,2,8,10,1,0.580531
2,3,1,2,3,20.922
2,3,2,2,5,3,15.2362
2,3,2,2,4,3,0.552075
6,7,1,6,7,24.2971
6,7,2,6,0,7,0.517926
6,7,2,6,9,7,2.4132
6,7,2,6,10,7,6.89811
6,7,2,6,4,7,1.55378
6,7,4,6,4,2,10,7,0.517926
9,2,1,9,2,24.1321
9,2,3,9,6,4,2,5.52646
9,2,3,9,7,5,2,0.347181
9,2,3,9,7,4,2,3.284
9,2,2,9,10,2,0.347181
8,10,1,8,10,25.498
8,10,3,8,0,7,10,1.82129
1,7,1,1,7,12.749
1,7,2,1,9,7,7.28514
1,7,2,1,10,7,7.28514
1,4,1,1,4,16.3916
1,4,2,1,7,4,1.63916
1,4,3,1,10,6,4,4.91747
1,4,3,1,9,6,4,1.63916
0,6,1,0,6,20.4212
0,6,2,0,7,6,3.14172
2,4,1,2,4,19.761
2,4,2,2,5,4,1.4115
5,7,1,5,7,19.6357
0,9,1,0,9,18.3267
0,9,2,0,7,9,1.30905
9,10,1,9,10,26.5339
9,10,2,9,6,10,15.1622
9,10,2,9,7,10,9.47639
9,10,2,9,1,10,5.68583
4,7,1,4,7,18.4405
3,4,1,3,4,15.5378
3,4,2,3,5,4,2.39044
8,7,1,8,7,10.2447
8,7,2,8,0,7,6.82982
10,2,1,10,2,16.9038
4,5,1,4,5,15.1394
4,5,2,4,3,5,1.08139
1,2,1,1,2,28.4462
1,2,2,1,10,2,2.53841
1,2,2,1,5,2,8.86738
1,2,2,1,9,2,2.53841
1,2,2,1,4,2,1.26921
1,2,2,1,3,2,1.26921
1,2,3,1,7,4,2,1.26921
1,2,4,1,10,7,4,2,1.26921
10,1,1,10,1,22.3278
10,1,2,10,9,1,12.1116
10,1,2,10,7,1,4.1605
10,1,3,10,6,4,1,3.02789
10,1,3,10,6,9,1,1.89528
10,1,2,10,2,1,1.89528
8,9,1,8,9,26.0387
8,9,2,8,0,9,3.29538
8,9,3,8,0,7,9,2.19692
8,9,2,8,6,9,11.1781
8,9,3,8,5,2,9,1.09846
8,9,2,8,10,9,1.09846
0,8,1,0,8,28.617
0,8,2,0,7,8,5.20773
0,8,2,0,6,8,5.01992
0,8,2,0,9,8,5.20773
8,6,1,8,6,17.8486
8,6,2,8,10,6,1.83267
8,6,2,8,7,6,4.64428
8,6,2,8,0,6,2.749
8,6,3,8,5,4,6,12.288
8,6,4,8,5,2,10,6,1.89528
8,6,3,8,0,7,6,0.916333
1,5,1,1,5,17.2795
1,5,2,1,8,5,1.605
1,5,3,1,10,7,5,2.69778
1,5,2,1,7,5,9.98862
1,5,3,1,9,7,5,3.50028
1,5,2,1,3,5,5.39556
1,3,1,1,3,21.8725
1,3,2,1,4,3,9.69834
1,3,3,1,7,4,3,1.605
1,3,4,1,10,6,4,3,1.605
1,3,4,1,9,6,4,3,3.79056
1,3,2,1,5,3,1.89528
