switch_id,used_rules,usage
10,3,0.125
9,4,0.166667
8,3,0.125
7,1,0.0416667
6,0,0
5,1,0.0416667
4,2,0.0833333
3,3,0.125
2,3,0.125
1,5,0.208333
0,1,0.0416667
