switch_id,used_rules,usage
10,17,0.708333
9,24,1
8,27,1.125
7,27,1.125
6,20,0.833333
5,15,0.625
4,18,0.75
3,11,0.458333
2,14,0.583333
1,31,1.29167
0,15,0.625
