switch_id,used_rules,usage
10,2,0.0833333
9,2,0.0833333
8,4,0.166667
7,4,0.166667
6,3,0.125
5,3,0.125
4,1,0.0416667
3,0,0
2,1,0.0416667
1,5,0.208333
0,3,0.125
