switch_id,used_rules,usage
10,8,0.333333
9,6,0.25
8,10,0.416667
7,12,0.5
6,5,0.208333
5,6,0.25
4,5,0.208333
3,3,0.125
2,7,0.291667
1,13,0.541667
0,5,0.208333
