switch_id,used_rules,usage
10,6,0.25
9,4,0.166667
8,5,0.208333
7,2,0.0833333
6,3,0.125
5,2,0.0833333
4,3,0.125
3,3,0.125
2,5,0.208333
1,6,0.25
0,1,0.0416667
