switch_id,used_rules,usage
10,9,0.375
9,9,0.375
8,9,0.375
7,8,0.333333
6,6,0.25
5,4,0.166667
4,1,0.0416667
3,2,0.0833333
2,6,0.25
1,12,0.5
0,5,0.208333
