switch_id,used_rules,usage
10,8,0.333333
9,7,0.291667
8,8,0.333333
7,10,0.416667
6,5,0.208333
5,5,0.208333
4,5,0.208333
3,3,0.125
2,5,0.208333
1,14,0.583333
0,3,0.125
