switch_id,used_rules,usage
10,2,0.0833333
9,2,0.0833333
8,4,0.166667
7,2,0.0833333
6,1,0.0416667
5,1,0.0416667
4,3,0.125
3,1,0.0416667
2,2,0.0833333
1,3,0.125
0,1,0.0416667
