switch_id,used_rules,usage
10,8,0.333333
9,8,0.333333
8,8,0.333333
7,7,0.291667
6,5,0.208333
5,4,0.166667
4,4,0.166667
3,4,0.166667
2,5,0.208333
1,11,0.458333
0,4,0.166667
