switch_id,used_rules,usage
10,3,0.125
9,2,0.0833333
8,4,0.166667
7,3,0.125
6,2,0.0833333
5,1,0.0416667
4,2,0.0833333
3,1,0.0416667
2,2,0.0833333
1,5,0.208333
0,1,0.0416667
