switch_id,used_rules,usage
10,23,0.958333
9,21,0.875
8,24,1
7,29,1.20833
6,18,0.75
5,23,0.958333
4,21,0.875
3,11,0.458333
2,19,0.791667
1,29,1.20833
0,14,0.583333
