switch_id,used_rules,usage
10,16,0.666667
9,16,0.666667
8,21,0.875
7,22,0.916667
6,13,0.541667
5,14,0.583333
4,14,0.583333
3,10,0.416667
2,12,0.5
1,27,1.125
0,10,0.416667
