switch_id,used_rules,usage
10,5,0.208333
9,7,0.291667
8,8,0.333333
7,8,0.333333
6,5,0.208333
5,4,0.166667
4,4,0.166667
3,4,0.166667
2,4,0.166667
1,11,0.458333
0,4,0.166667
