switch_id,used_rules,usage
10,6,0.25
9,5,0.208333
8,8,0.333333
7,7,0.291667
6,4,0.166667
5,5,0.208333
4,5,0.208333
3,5,0.208333
2,6,0.25
1,13,0.541667
0,3,0.125
