source,destination,length,path
8,1,1,8,1,22.5
8,1,2,8,5,1,7.5
2,3,1,2,3,17.5
2,3,2,2,5,3,12.5
6,7,1,6,7,20
6,7,2,6,0,7,2.5
6,7,2,6,9,7,2.5
6,7,2,6,10,7,5
9,2,1,9,2,17.5
9,2,3,9,6,4,2,7.5
9,2,3,9,7,4,2,2.5
9,2,3,9,7,5,2,2.5
8,10,1,8,10,19.2192
8,10,2,8,7,10,7.2072
8,10,3,8,0,7,10,2.4024
1,7,1,1,7,12.012
1,7,2,1,10,7,7.2072
1,7,2,1,9,7,7.2072
1,7,2,1,8,7,2.4024
1,4,1,1,4,19.4594
1,4,2,1,7,4,4.32432
1,4,3,1,10,6,4,2.16216
0,6,1,0,6,16.5766
0,6,2,0,7,6,8.28828
2,4,1,2,4,16.7567
2,4,2,2,5,4,3.72372
2,4,3,2,10,6,4,1.86186
5,7,1,5,7,18.994
5,7,3,5,2,10,7,1.72672
0,9,1,0,9,20.7207
9,10,1,9,10,20
9,10,2,9,6,10,7.5
9,10,2,9,1,10,2.5
4,7,1,4,7,17.8378
4,7,3,4,2,10,7,1.62162
3,4,1,3,4,14.1892
3,4,2,3,5,4,4.72972
8,7,1,8,7,13.5135
8,7,2,8,0,7,4.5045
10,2,1,10,2,17.8378
4,5,1,4,5,12.8378
4,5,2,4,3,5,4.27927
1,2,1,1,2,22.5
1,2,3,1,8,5,2,2.5
1,2,2,1,9,2,2.5
1,2,2,1,5,2,2.5
10,1,1,10,1,17.5
10,1,2,10,9,1,10
10,1,2,10,7,1,2.5
8,9,1,8,9,22.5
8,9,3,8,5,2,9,5
8,9,2,8,6,9,2.5
0,8,1,0,8,22.5
0,8,2,0,7,8,5
0,8,2,0,6,8,2.5
8,6,1,8,6,20
8,6,2,8,0,6,2.5
8,6,3,8,5,4,6,5
8,6,2,8,10,6,2.5
1,5,1,1,5,20
1,5,3,1,9,7,5,5
1,5,2,1,7,5,5
1,3,1,1,3,22.5
1,3,4,1,10,6,4,3,5
1,3,2,1,4,3,2.5
