switch_id,used_rules,usage
10,7,0.291667
9,10,0.416667
8,10,0.416667
7,11,0.458333
6,6,0.25
5,5,0.208333
4,5,0.208333
3,2,0.0833333
2,4,0.166667
1,13,0.541667
0,6,0.25
