switch_id,used_rules,usage
10,18,0.75
9,24,1
8,26,1.08333
7,30,1.25
6,20,0.833333
5,20,0.833333
4,22,0.916667
3,12,0.5
2,16,0.666667
1,36,1.5
0,15,0.625
