switch_id,used_rules,usage
10,34,1.41667
9,40,1.66667
8,37,1.54167
7,49,2.04167
6,34,1.41667
5,35,1.45833
4,45,1.875
3,23,0.958333
2,36,1.5
1,63,2.625
0,18,0.75
