switch_id,used_rules,usage
10,21,0.875
9,25,1.04167
8,27,1.125
7,31,1.29167
6,21,0.875
5,18,0.75
4,24,1
3,11,0.458333
2,16,0.666667
1,36,1.5
0,15,0.625
