switch_id,used_rules,usage
10,6,0.25
9,7,0.291667
8,9,0.375
7,7,0.291667
6,5,0.208333
5,7,0.291667
4,3,0.125
3,6,0.25
2,7,0.291667
1,12,0.5
0,3,0.125
