switch_id,used_rules,usage
10,14,0.583333
9,15,0.625
8,15,0.625
7,22,0.916667
6,13,0.541667
5,15,0.625
4,17,0.708333
3,8,0.333333
2,13,0.541667
1,22,0.916667
0,8,0.333333
