switch_id,used_rules,usage
10,1,0.0416667
9,3,0.125
8,4,0.166667
7,1,0.0416667
6,2,0.0833333
5,1,0.0416667
4,1,0.0416667
3,1,0.0416667
2,2,0.0833333
1,2,0.0833333
0,2,0.0833333
