switch_id,used_rules,usage
10,22,0.916667
9,26,1.08333
8,29,1.20833
7,36,1.5
6,22,0.916667
5,22,0.916667
4,29,1.20833
3,15,0.625
2,21,0.875
1,42,1.75
0,18,0.75
