switch_id,used_rules,usage
10,6,0.272727
9,3,0.136364
8,7,0.318182
7,5,0.227273
6,5,0.227273
5,5,0.227273
4,4,0.181818
3,2,0.0909091
2,5,0.227273
1,1,0.0454545
0,8,0.363636
