switch_id,used_rules,usage
10,26,1.18182
9,28,1.27273
8,17,0.772727
7,33,1.5
6,28,1.27273
5,24,1.09091
4,26,1.18182
3,31,1.40909
2,30,1.36364
1,26,1.18182
0,32,1.45455
