switch_id,used_rules,usage
10,6,0.272727
9,5,0.227273
8,7,0.318182
7,6,0.272727
6,9,0.409091
5,4,0.181818
4,6,0.272727
3,4,0.181818
2,6,0.272727
1,3,0.136364
0,7,0.318182
