switch_id,used_rules,usage
10,5,0.227273
9,4,0.181818
8,4,0.181818
7,4,0.181818
6,3,0.136364
5,4,0.181818
4,1,0.0454545
3,3,0.136364
2,5,0.227273
1,1,0.0454545
0,4,0.181818
