switch_id,used_rules,usage
10,28,1.27273
9,26,1.18182
8,22,1
7,32,1.45455
6,30,1.36364
5,21,0.954545
4,24,1.09091
3,24,1.09091
2,27,1.22727
1,27,1.22727
0,33,1.5
