switch_id,used_rules,usage
10,5,0.227273
9,6,0.272727
8,5,0.227273
7,7,0.318182
6,10,0.454545
5,4,0.181818
4,7,0.318182
3,2,0.0909091
2,6,0.272727
1,3,0.136364
0,6,0.272727
