switch_id,used_rules,usage
10,7,0.318182
9,3,0.136364
8,8,0.363636
7,4,0.181818
6,6,0.272727
5,2,0.0909091
4,6,0.272727
3,3,0.136364
2,5,0.227273
1,2,0.0909091
0,7,0.318182
