switch_id,used_rules,usage
10,2,0.0909091
9,2,0.0909091
8,2,0.0909091
7,2,0.0909091
6,3,0.136364
5,0,0
4,0,0
3,0,0
2,2,0.0909091
1,1,0.0454545
0,1,0.0454545
