switch_id,used_rules,usage
10,24,1.09091
9,26,1.18182
8,21,0.954545
7,29,1.31818
6,27,1.22727
5,23,1.04545
4,29,1.31818
3,24,1.09091
2,28,1.27273
1,23,1.04545
0,38,1.72727
