switch_id,used_rules,usage
10,4,0.181818
9,1,0.0454545
8,1,0.0454545
7,2,0.0909091
6,4,0.181818
5,1,0.0454545
4,2,0.0909091
3,0,0
2,3,0.136364
1,0,0
0,3,0.136364
