switch_id,used_rules,usage
10,6,0.272727
9,5,0.227273
8,8,0.363636
7,5,0.227273
6,8,0.363636
5,5,0.227273
4,8,0.363636
3,3,0.136364
2,7,0.318182
1,1,0.0454545
0,8,0.363636
