switch_id,used_rules,usage
10,5,0.227273
9,3,0.136364
8,6,0.272727
7,5,0.227273
6,6,0.272727
5,4,0.181818
4,6,0.272727
3,2,0.0909091
2,3,0.136364
1,2,0.0909091
0,7,0.318182
