switch_id,used_rules,usage
10,17,0.772727
9,19,0.863636
8,15,0.681818
7,21,0.954545
6,23,1.04545
5,18,0.818182
4,19,0.863636
3,18,0.818182
2,24,1.09091
1,20,0.909091
0,24,1.09091
