switch_id,used_rules,usage
10,68,3.09091
9,68,3.09091
8,47,2.13636
7,98,4.45455
6,65,2.95455
5,61,2.77273
4,72,3.27273
3,84,3.81818
2,82,3.72727
1,85,3.86364
0,77,3.5
