switch_id,used_rules,usage
10,23,1.04545
9,22,1
8,20,0.909091
7,23,1.04545
6,22,1
5,18,0.818182
4,19,0.863636
3,21,0.954545
2,20,0.909091
1,18,0.818182
0,29,1.31818
