switch_id,used_rules,usage
10,1,0.0454545
9,3,0.136364
8,1,0.0454545
7,2,0.0909091
6,1,0.0454545
5,0,0
4,0,0
3,0,0
2,1,0.0454545
1,1,0.0454545
0,2,0.0909091
