switch_id,used_rules,usage
10,4,0.181818
9,5,0.227273
8,6,0.272727
7,4,0.181818
6,4,0.181818
5,3,0.136364
4,4,0.181818
3,3,0.136364
2,6,0.272727
1,2,0.0909091
0,4,0.181818
