switch_id,used_rules,usage
10,6,0.272727
9,3,0.136364
8,7,0.318182
7,4,0.181818
6,6,0.272727
5,3,0.136364
4,3,0.136364
3,3,0.136364
2,5,0.227273
1,1,0.0454545
0,3,0.136364
