switch_id,used_rules,usage
10,9,0.409091
9,5,0.227273
8,6,0.272727
7,6,0.272727
6,9,0.409091
5,4,0.181818
4,6,0.272727
3,7,0.318182
2,5,0.227273
1,3,0.136364
0,5,0.227273
