switch_id,used_rules,usage
10,6,0.272727
9,4,0.181818
8,6,0.272727
7,3,0.136364
6,6,0.272727
5,3,0.136364
4,4,0.181818
3,4,0.181818
2,4,0.181818
1,2,0.0909091
0,6,0.272727
