switch_id,used_rules,usage
10,9,0.409091
9,6,0.272727
8,6,0.272727
7,6,0.272727
6,10,0.454545
5,6,0.272727
4,6,0.272727
3,3,0.136364
2,8,0.363636
1,3,0.136364
0,8,0.363636
