switch_id,used_rules,usage
10,5,0.227273
9,5,0.227273
8,6,0.272727
7,5,0.227273
6,6,0.272727
5,5,0.227273
4,4,0.181818
3,2,0.0909091
2,5,0.227273
1,2,0.0909091
0,7,0.318182
