switch_id,used_rules,usage
10,7,0.318182
9,7,0.318182
8,7,0.318182
7,7,0.318182
6,8,0.363636
5,6,0.272727
4,5,0.227273
3,4,0.181818
2,7,0.318182
1,4,0.181818
0,6,0.272727
