switch_id,used_rules,usage
10,8,0.363636
9,7,0.318182
8,5,0.227273
7,7,0.318182
6,10,0.454545
5,5,0.227273
4,4,0.181818
3,5,0.227273
2,7,0.318182
1,4,0.181818
0,6,0.272727
