switch_id,used_rules,usage
10,7,0.318182
9,6,0.272727
8,6,0.272727
7,7,0.318182
6,11,0.5
5,5,0.227273
4,7,0.318182
3,4,0.181818
2,8,0.363636
1,2,0.0909091
0,7,0.318182
