switch_id,used_rules,usage
10,7,0.318182
9,2,0.0909091
8,5,0.227273
7,5,0.227273
6,3,0.136364
5,4,0.181818
4,3,0.136364
3,3,0.136364
2,4,0.181818
1,1,0.0454545
0,6,0.272727
