switch_id,used_rules,usage
10,25,1.13636
9,23,1.04545
8,21,0.954545
7,28,1.27273
6,28,1.27273
5,21,0.954545
4,22,1
3,25,1.13636
2,27,1.22727
1,22,1
0,28,1.27273
