switch_id,used_rules,usage
10,9,0.409091
9,5,0.227273
8,8,0.363636
7,5,0.227273
6,7,0.318182
5,2,0.0909091
4,5,0.227273
3,4,0.181818
2,7,0.318182
1,3,0.136364
0,6,0.272727
