switch_id,used_rules,usage
10,6,0.272727
9,2,0.0909091
8,5,0.227273
7,3,0.136364
6,8,0.363636
5,3,0.136364
4,6,0.272727
3,2,0.0909091
2,5,0.227273
1,1,0.0454545
0,6,0.272727
