switch_id,used_rules,usage
10,7,0.318182
9,5,0.227273
8,6,0.272727
7,5,0.227273
6,7,0.318182
5,5,0.227273
4,5,0.227273
3,3,0.136364
2,5,0.227273
1,4,0.181818
0,6,0.272727
