switch_id,used_rules,usage
10,7,0.318182
9,4,0.181818
8,5,0.227273
7,3,0.136364
6,4,0.181818
5,4,0.181818
4,4,0.181818
3,3,0.136364
2,6,0.272727
1,1,0.0454545
0,3,0.136364
