source,destination,length,path
0,1,1,0,1,0.7
0,1,2,0,9,1,0.2
0,4,2,0,7,4,0.1
0,4,2,0,2,4,0.45
0,4,2,0,8,4,0.35
0,4,2,0,6,4,0.15
0,4,2,0,1,4,0.05
0,4,3,0,9,7,4,0.05
0,4,3,0,2,1,4,0.1
0,4,3,0,9,5,4,0.1
0,5,2,0,9,5,0.25
0,5,2,0,10,5,0.05
0,5,2,0,2,5,0.1
0,5,3,0,9,3,5,0.1
0,5,2,0,7,5,0.1
0,5,3,0,2,1,5,0.2
0,5,3,0,8,3,5,0.1
0,5,3,0,10,7,5,0.05
0,5,3,0,6,3,5,0.2
0,5,3,0,10,2,5,0.05
0,5,3,0,8,9,5,0.1
0,5,4,0,6,4,1,5,0.05
0,7,1,0,7,0.71152
0,7,2,0,6,7,0.1
0,7,2,0,10,7,0.4
0,7,2,0,1,7,0.1
0,7,3,0,8,3,7,0.1
0,7,2,0,9,7,0.2
0,7,3,0,10,1,7,0.1
1,2,1,1,2,0.4
1,2,2,1,7,2,0.05
4,5,1,4,5,0.6
4,5,2,4,3,5,0.1
4,5,2,4,7,5,0.1
4,5,2,4,1,5,0.1
4,6,1,4,6,0.7
4,6,2,4,3,6,0.2
3,4,1,3,4,0.4
3,4,2,3,1,4,0.05
3,9,1,3,9,0.45
0,10,1,0,10,0.25
0,10,2,0,1,10,0.0615198
0,10,2,0,6,10,0.05
0,10,2,0,2,10,0.05
10,5,1,10,5,0.8
10,5,2,10,2,5,0.1
10,5,2,10,1,5,0.3
10,5,2,10,3,5,0.1
10,5,3,10,1,7,5,0.05
10,6,1,10,6,0.8
10,6,2,10,3,6,0.1
0,6,1,0,6,0.35
0,6,2,0,8,6,0.1
6,8,1,6,8,0.8
6,8,2,6,9,8,0.7
6,8,2,6,3,8,0.1
6,8,2,6,4,8,0.2
2,9,1,2,9,0.95
2,9,2,2,1,9,0.15
2,9,2,2,8,9,0.5
2,9,2,2,0,9,0.0115198
2,9,2,2,5,9,0.5
2,9,3,2,1,3,9,0.1
1,9,1,1,9,0.6
1,9,2,1,3,9,0.1
1,9,2,1,7,9,0.1
1,9,3,1,7,5,9,0.1
3,8,1,3,8,0.45
7,9,1,7,9,0.8
7,9,2,7,5,9,0.2
7,9,2,7,1,9,0.1
7,9,2,7,3,9,0.15
7,9,2,7,6,9,0.1
2,3,2,2,10,3,0.05
2,3,2,2,1,3,0.15
2,3,2,2,7,3,0.15
2,3,2,2,4,3,0.05
2,3,3,2,4,1,3,0.05
2,6,2,2,8,6,0.1
2,6,2,2,7,6,0.6
2,6,3,2,10,3,6,0.3
2,6,3,2,4,8,6,0.1
2,6,2,2,4,6,0.05
2,6,2,2,10,6,0.1
2,6,3,2,4,3,6,0.1
10,8,1,10,8,0.957542
10,8,2,10,0,8,0.16152
10,8,3,10,1,4,8,0.25
10,8,2,10,2,8,0.35
10,8,2,10,3,8,0.15
10,8,3,10,7,4,8,0.25
10,8,3,10,1,3,8,0.05
6,7,1,6,7,0.65
6,7,2,6,4,7,0.25
6,7,2,6,10,7,0.1
6,7,2,6,3,7,0.3
6,7,3,6,3,1,7,0.05
