switch_id,used_rules,usage
10,6,0.272727
9,3,0.136364
8,4,0.181818
7,4,0.181818
6,5,0.227273
5,3,0.136364
4,3,0.136364
3,2,0.0909091
2,4,0.181818
1,1,0.0454545
0,7,0.318182
