switch_id,used_rules,usage
10,5,0.227273
9,7,0.318182
8,6,0.272727
7,6,0.272727
6,6,0.272727
5,5,0.227273
4,6,0.272727
3,4,0.181818
2,10,0.454545
1,4,0.181818
0,7,0.318182
