switch_id,used_rules,usage
10,3,0.136364
9,4,0.181818
8,5,0.227273
7,5,0.227273
6,6,0.272727
5,5,0.227273
4,5,0.227273
3,2,0.0909091
2,4,0.181818
1,1,0.0454545
0,7,0.318182
