switch_id,used_rules,usage
10,5,0.227273
9,4,0.181818
8,6,0.272727
7,4,0.181818
6,6,0.272727
5,2,0.0909091
4,3,0.136364
3,0,0
2,6,0.272727
1,2,0.0909091
0,6,0.272727
