switch_id,used_rules,usage
10,17,0.772727
9,15,0.681818
8,17,0.772727
7,17,0.772727
6,22,1
5,15,0.681818
4,19,0.863636
3,18,0.818182
2,23,1.04545
1,20,0.909091
0,22,1
