switch_id,used_rules,usage
10,6,0.272727
9,7,0.318182
8,5,0.227273
7,7,0.318182
6,9,0.409091
5,5,0.227273
4,4,0.181818
3,4,0.181818
2,8,0.363636
1,3,0.136364
0,7,0.318182
