switch_id,used_rules,usage
10,7,0.318182
9,6,0.272727
8,6,0.272727
7,5,0.227273
6,9,0.409091
5,6,0.272727
4,7,0.318182
3,6,0.272727
2,7,0.318182
1,3,0.136364
0,7,0.318182
