switch_id,used_rules,usage
10,6,0.272727
9,7,0.318182
8,5,0.227273
7,6,0.272727
6,7,0.318182
5,5,0.227273
4,4,0.181818
3,3,0.136364
2,7,0.318182
1,4,0.181818
0,7,0.318182
