switch_id,used_rules,usage
10,5,0.227273
9,8,0.363636
8,6,0.272727
7,6,0.272727
6,6,0.272727
5,6,0.272727
4,5,0.227273
3,4,0.181818
2,7,0.318182
1,6,0.272727
0,6,0.272727
