switch_id,used_rules,usage
10,8,0.363636
9,7,0.318182
8,6,0.272727
7,4,0.181818
6,9,0.409091
5,6,0.272727
4,5,0.227273
3,5,0.227273
2,6,0.272727
1,4,0.181818
0,8,0.363636
