switch_id,used_rules,usage
10,4,0.181818
9,3,0.136364
8,6,0.272727
7,3,0.136364
6,6,0.272727
5,3,0.136364
4,5,0.227273
3,2,0.0909091
2,3,0.136364
1,1,0.0454545
0,3,0.136364
