switch_id,used_rules,usage
10,4,0.181818
9,6,0.272727
8,8,0.363636
7,4,0.181818
6,5,0.227273
5,4,0.181818
4,6,0.272727
3,3,0.136364
2,8,0.363636
1,2,0.0909091
0,4,0.181818
