switch_id,used_rules,usage
10,7,0.318182
9,5,0.227273
8,9,0.409091
7,6,0.272727
6,5,0.227273
5,4,0.181818
4,5,0.227273
3,4,0.181818
2,4,0.181818
1,2,0.0909091
0,4,0.181818
