switch_id,used_rules,usage
10,19,0.863636
9,18,0.818182
8,16,0.727273
7,20,0.909091
6,23,1.04545
5,17,0.772727
4,22,1
3,22,1
2,24,1.09091
1,18,0.818182
0,22,1
