switch_id,used_rules,usage
10,7,0.318182
9,5,0.227273
8,6,0.272727
7,5,0.227273
6,5,0.227273
5,4,0.181818
4,4,0.181818
3,4,0.181818
2,7,0.318182
1,3,0.136364
0,9,0.409091
