switch_id,used_rules,usage
10,6,0.272727
9,4,0.181818
8,7,0.318182
7,4,0.181818
6,4,0.181818
5,3,0.136364
4,3,0.136364
3,2,0.0909091
2,6,0.272727
1,3,0.136364
0,5,0.227273
