switch_id,used_rules,usage
10,5,0.227273
9,4,0.181818
8,7,0.318182
7,4,0.181818
6,6,0.272727
5,4,0.181818
4,4,0.181818
3,1,0.0454545
2,3,0.136364
1,2,0.0909091
0,5,0.227273
