switch_id,used_rules,usage
10,20,0.909091
9,24,1.09091
8,18,0.818182
7,25,1.13636
6,26,1.18182
5,20,0.909091
4,22,1
3,21,0.954545
2,27,1.22727
1,25,1.13636
0,27,1.22727
