switch_id,used_rules,usage
10,3,0.136364
9,3,0.136364
8,3,0.136364
7,2,0.0909091
6,1,0.0454545
5,1,0.0454545
4,1,0.0454545
3,1,0.0454545
2,2,0.0909091
1,2,0.0909091
0,5,0.227273
