switch_id,used_rules,usage
10,32,1.45455
9,29,1.31818
8,21,0.954545
7,33,1.5
6,32,1.45455
5,26,1.18182
4,29,1.31818
3,33,1.5
2,35,1.59091
1,30,1.36364
0,36,1.63636
