switch_id,used_rules,usage
10,6,0.272727
9,5,0.227273
8,7,0.318182
7,4,0.181818
6,8,0.363636
5,3,0.136364
4,6,0.272727
3,4,0.181818
2,4,0.181818
1,2,0.0909091
0,7,0.318182
