switch_id,used_rules,usage
10,21,0.954545
9,19,0.863636
8,18,0.818182
7,22,1
6,23,1.04545
5,19,0.863636
4,20,0.909091
3,22,1
2,21,0.954545
1,17,0.772727
0,25,1.13636
