switch_id,used_rules,usage
10,32,1.45455
9,30,1.36364
8,27,1.22727
7,45,2.04545
6,39,1.77273
5,28,1.27273
4,36,1.63636
3,37,1.68182
2,38,1.72727
1,30,1.36364
0,43,1.95455
