switch_id,used_rules,usage
10,24,1.09091
9,24,1.09091
8,19,0.863636
7,26,1.18182
6,24,1.09091
5,21,0.954545
4,21,0.954545
3,22,1
2,27,1.22727
1,21,0.954545
0,29,1.31818
