switch_id,used_rules,usage
10,23,1.04545
9,19,0.863636
8,19,0.863636
7,23,1.04545
6,25,1.13636
5,16,0.727273
4,21,0.954545
3,21,0.954545
2,21,0.954545
1,16,0.727273
0,23,1.04545
