switch_id,used_rules,usage
10,51,2.31818
9,51,2.31818
8,44,2
7,60,2.72727
6,59,2.68182
5,34,1.54545
4,50,2.27273
3,46,2.09091
2,54,2.45455
1,56,2.54545
0,60,2.72727
