switch_id,used_rules,usage
10,5,0.227273
9,4,0.181818
8,5,0.227273
7,4,0.181818
6,3,0.136364
5,3,0.136364
4,3,0.136364
3,3,0.136364
2,5,0.227273
1,2,0.0909091
0,4,0.181818
