switch_id,used_rules,usage
10,24,1.09091
9,24,1.09091
8,19,0.863636
7,26,1.18182
6,25,1.13636
5,21,0.954545
4,20,0.909091
3,23,1.04545
2,26,1.18182
1,20,0.909091
0,29,1.31818
