switch_id,used_rules,usage
10,24,1.09091
9,24,1.09091
8,20,0.909091
7,27,1.22727
6,29,1.31818
5,20,0.909091
4,27,1.22727
3,24,1.09091
2,31,1.40909
1,24,1.09091
0,37,1.68182
