switch_id,used_rules,usage
10,5,0.227273
9,8,0.363636
8,5,0.227273
7,7,0.318182
6,8,0.363636
5,6,0.272727
4,5,0.227273
3,3,0.136364
2,6,0.272727
1,6,0.272727
0,5,0.227273
