switch_id,used_rules,usage
10,29,1.31818
9,26,1.18182
8,23,1.04545
7,27,1.22727
6,29,1.31818
5,18,0.818182
4,25,1.13636
3,23,1.04545
2,28,1.27273
1,25,1.13636
0,32,1.45455
