switch_id,used_rules,usage
10,5,0.227273
9,4,0.181818
8,5,0.227273
7,4,0.181818
6,4,0.181818
5,3,0.136364
4,4,0.181818
3,2,0.0909091
2,5,0.227273
1,3,0.136364
0,6,0.272727
