switch_id,used_rules,usage
10,7,0.318182
9,3,0.136364
8,6,0.272727
7,5,0.227273
6,5,0.227273
5,4,0.181818
4,5,0.227273
3,1,0.0454545
2,5,0.227273
1,3,0.136364
0,9,0.409091
