switch_id,used_rules,usage
10,8,0.363636
9,5,0.227273
8,6,0.272727
7,6,0.272727
6,10,0.454545
5,5,0.227273
4,4,0.181818
3,3,0.136364
2,7,0.318182
1,4,0.181818
0,8,0.363636
