switch_id,used_rules,usage
10,17,0.772727
9,16,0.727273
8,18,0.818182
7,18,0.818182
6,21,0.954545
5,16,0.727273
4,19,0.863636
3,18,0.818182
2,22,1
1,19,0.863636
0,22,1
