switch_id,used_rules,usage
10,17,0.772727
9,16,0.727273
8,17,0.772727
7,19,0.863636
6,22,1
5,16,0.727273
4,20,0.909091
3,19,0.863636
2,24,1.09091
1,19,0.863636
0,22,1
