switch_id,used_rules,usage
10,6,0.272727
9,3,0.136364
8,1,0.0454545
7,2,0.0909091
6,4,0.181818
5,3,0.136364
4,2,0.0909091
3,2,0.0909091
2,3,0.136364
1,1,0.0454545
0,2,0.0909091
