switch_id,used_rules,usage
10,2,0.0909091
9,3,0.136364
8,2,0.0909091
7,3,0.136364
6,2,0.0909091
5,1,0.0454545
4,2,0.0909091
3,1,0.0454545
2,3,0.136364
1,2,0.0909091
0,3,0.136364
