switch_id,used_rules,usage
10,16,0.727273
9,21,0.954545
8,19,0.863636
7,20,0.909091
6,23,1.04545
5,14,0.636364
4,22,1
3,22,1
2,22,1
1,19,0.863636
0,26,1.18182
