switch_id,used_rules,usage
10,25,1.13636
9,26,1.18182
8,25,1.13636
7,32,1.45455
6,28,1.27273
5,23,1.04545
4,33,1.5
3,27,1.22727
2,31,1.40909
1,25,1.13636
0,38,1.72727
