switch_id,used_rules,usage
10,50,2.27273
9,49,2.22727
8,38,1.72727
7,71,3.22727
6,51,2.31818
5,50,2.27273
4,52,2.36364
3,59,2.68182
2,60,2.72727
1,57,2.59091
0,65,2.95455
