switch_id,used_rules,usage
10,3,0.136364
9,2,0.0909091
8,1,0.0454545
7,1,0.0454545
6,0,0
5,3,0.136364
4,2,0.0909091
3,0,0
2,2,0.0909091
1,0,0
0,2,0.0909091
