switch_id,used_rules,usage
10,6,0.272727
9,5,0.227273
8,5,0.227273
7,4,0.181818
6,8,0.363636
5,3,0.136364
4,7,0.318182
3,4,0.181818
2,6,0.272727
1,4,0.181818
0,8,0.363636
