switch_id,used_rules,usage
10,6,0.272727
9,8,0.363636
8,6,0.272727
7,7,0.318182
6,9,0.409091
5,6,0.272727
4,7,0.318182
3,5,0.227273
2,10,0.454545
1,5,0.227273
0,7,0.318182
