switch_id,used_rules,usage
10,4,0.181818
9,6,0.272727
8,6,0.272727
7,5,0.227273
6,8,0.363636
5,4,0.181818
4,6,0.272727
3,1,0.0454545
2,5,0.227273
1,3,0.136364
0,6,0.272727
