switch_id,used_rules,usage
10,3,0.136364
9,3,0.136364
8,3,0.136364
7,1,0.0454545
6,4,0.181818
5,0,0
4,1,0.0454545
3,1,0.0454545
2,4,0.181818
1,3,0.136364
0,3,0.136364
