switch_id,used_rules,usage
10,6,0.272727
9,8,0.363636
8,7,0.318182
7,5,0.227273
6,7,0.318182
5,5,0.227273
4,6,0.272727
3,4,0.181818
2,8,0.363636
1,5,0.227273
0,7,0.318182
