switch_id,used_rules,usage
10,6,0.272727
9,6,0.272727
8,6,0.272727
7,6,0.272727
6,8,0.363636
5,6,0.272727
4,5,0.227273
3,4,0.181818
2,8,0.363636
1,4,0.181818
0,7,0.318182
