switch_id,used_rules,usage
10,25,1.13636
9,24,1.09091
8,22,1
7,26,1.18182
6,32,1.45455
5,20,0.909091
4,26,1.18182
3,26,1.18182
2,30,1.36364
1,25,1.13636
0,31,1.40909
