switch_id,used_rules,usage
10,24,1.09091
9,29,1.31818
8,23,1.04545
7,30,1.36364
6,27,1.22727
5,26,1.18182
4,27,1.22727
3,28,1.27273
2,29,1.31818
1,23,1.04545
0,34,1.54545
