switch_id,used_rules,usage
10,7,0.318182
9,4,0.181818
8,5,0.227273
7,5,0.227273
6,5,0.227273
5,3,0.136364
4,3,0.136364
3,4,0.181818
2,3,0.136364
1,3,0.136364
0,5,0.227273
