switch_id,used_rules,usage
10,6,0.272727
9,3,0.136364
8,4,0.181818
7,4,0.181818
6,6,0.272727
5,3,0.136364
4,4,0.181818
3,1,0.0454545
2,6,0.272727
1,3,0.136364
0,5,0.227273
