switch_id,used_rules,usage
10,5,0.227273
9,6,0.272727
8,5,0.227273
7,6,0.272727
6,8,0.363636
5,4,0.181818
4,7,0.318182
3,5,0.227273
2,7,0.318182
1,4,0.181818
0,6,0.272727
