switch_id,used_rules,usage
10,23,1.04545
9,25,1.13636
8,18,0.818182
7,34,1.54545
6,30,1.36364
5,19,0.863636
4,22,1
3,24,1.09091
2,26,1.18182
1,18,0.818182
0,26,1.18182
