switch_id,used_rules,usage
10,4,0.181818
9,2,0.0909091
8,2,0.0909091
7,1,0.0454545
6,3,0.136364
5,2,0.0909091
4,2,0.0909091
3,2,0.0909091
2,1,0.0454545
1,1,0.0454545
0,3,0.136364
