switch_id,used_rules,usage
10,6,0.272727
9,8,0.363636
8,6,0.272727
7,6,0.272727
6,8,0.363636
5,6,0.272727
4,7,0.318182
3,5,0.227273
2,8,0.363636
1,6,0.272727
0,8,0.363636
