switch_id,used_rules,usage
10,6,0.272727
9,5,0.227273
8,6,0.272727
7,5,0.227273
6,8,0.363636
5,4,0.181818
4,8,0.363636
3,5,0.227273
2,8,0.363636
1,3,0.136364
0,8,0.363636
