switch_id,used_rules,usage
10,4,0.181818
9,3,0.136364
8,5,0.227273
7,5,0.227273
6,5,0.227273
5,4,0.181818
4,5,0.227273
3,2,0.0909091
2,4,0.181818
1,3,0.136364
0,8,0.363636
