switch_id,used_rules,usage
10,2,0.0909091
9,1,0.0454545
8,1,0.0454545
7,3,0.136364
6,1,0.0454545
5,1,0.0454545
4,2,0.0909091
3,1,0.0454545
2,1,0.0454545
1,0,0
0,3,0.136364
