switch_id,used_rules,usage
10,8,0.363636
9,6,0.272727
8,7,0.318182
7,5,0.227273
6,9,0.409091
5,5,0.227273
4,5,0.227273
3,7,0.318182
2,6,0.272727
1,5,0.227273
0,7,0.318182
