switch_id,used_rules,usage
10,7,0.318182
9,6,0.272727
8,7,0.318182
7,6,0.272727
6,8,0.363636
5,5,0.227273
4,4,0.181818
3,4,0.181818
2,7,0.318182
1,4,0.181818
0,7,0.318182
