switch_id,used_rules,usage
10,2,0.0909091
9,2,0.0909091
8,1,0.0454545
7,0,0
6,3,0.136364
5,1,0.0454545
4,1,0.0454545
3,1,0.0454545
2,1,0.0454545
1,1,0.0454545
0,0,0
