switch_id,used_rules,usage
10,26,1.18182
9,27,1.22727
8,22,1
7,32,1.45455
6,30,1.36364
5,20,0.909091
4,28,1.27273
3,25,1.13636
2,27,1.22727
1,25,1.13636
0,33,1.5
