switch_id,used_rules,usage
10,5,0.227273
9,4,0.181818
8,8,0.363636
7,4,0.181818
6,7,0.318182
5,3,0.136364
4,6,0.272727
3,2,0.0909091
2,4,0.181818
1,2,0.0909091
0,5,0.227273
