switch_id,used_rules,usage
10,6,0.272727
9,7,0.318182
8,5,0.227273
7,5,0.227273
6,6,0.272727
5,6,0.272727
4,5,0.227273
3,4,0.181818
2,7,0.318182
1,5,0.227273
0,8,0.363636
