switch_id,used_rules,usage
10,7,0.318182
9,6,0.272727
8,5,0.227273
7,6,0.272727
6,12,0.545455
5,5,0.227273
4,6,0.272727
3,4,0.181818
2,8,0.363636
1,4,0.181818
0,8,0.363636
