switch_id,used_rules,usage
10,4,0.181818
9,4,0.181818
8,6,0.272727
7,4,0.181818
6,6,0.272727
5,4,0.181818
4,6,0.272727
3,1,0.0454545
2,4,0.181818
1,1,0.0454545
0,4,0.181818
