switch_id,used_rules,usage
10,5,0.227273
9,3,0.136364
8,6,0.272727
7,4,0.181818
6,4,0.181818
5,4,0.181818
4,3,0.136364
3,1,0.0454545
2,5,0.227273
1,1,0.0454545
0,5,0.227273
