switch_id,used_rules,usage
10,6,0.272727
9,6,0.272727
8,6,0.272727
7,7,0.318182
6,7,0.318182
5,4,0.181818
4,4,0.181818
3,4,0.181818
2,5,0.227273
1,4,0.181818
0,6,0.272727
