switch_id,used_rules,usage
10,4,0.181818
9,6,0.272727
8,7,0.318182
7,3,0.136364
6,5,0.227273
5,3,0.136364
4,4,0.181818
3,2,0.0909091
2,5,0.227273
1,2,0.0909091
0,4,0.181818
