switch_id,used_rules,usage
10,4,0.181818
9,3,0.136364
8,2,0.0909091
7,2,0.0909091
6,4,0.181818
5,1,0.0454545
4,1,0.0454545
3,1,0.0454545
2,2,0.0909091
1,2,0.0909091
0,3,0.136364
