switch_id,used_rules,usage
10,23,1.04545
9,25,1.13636
8,23,1.04545
7,24,1.09091
6,27,1.22727
5,23,1.04545
4,25,1.13636
3,28,1.27273
2,31,1.40909
1,24,1.09091
0,29,1.31818
