switch_id,used_rules,usage
10,21,0.954545
9,24,1.09091
8,20,0.909091
7,26,1.18182
6,26,1.18182
5,19,0.863636
4,20,0.909091
3,22,1
2,24,1.09091
1,19,0.863636
0,25,1.13636
