switch_id,used_rules,usage
10,2,0.0909091
9,1,0.0454545
8,2,0.0909091
7,1,0.0454545
6,1,0.0454545
5,1,0.0454545
4,1,0.0454545
3,0,0
2,3,0.136364
1,2,0.0909091
0,3,0.136364
