switch_id,used_rules,usage
10,24,1.09091
9,18,0.818182
8,16,0.727273
7,21,0.954545
6,20,0.909091
5,17,0.772727
4,18,0.818182
3,20,0.909091
2,18,0.818182
1,18,0.818182
0,22,1
