switch_id,used_rules,usage
10,3,0.136364
9,1,0.0454545
8,1,0.0454545
7,2,0.0909091
6,3,0.136364
5,1,0.0454545
4,1,0.0454545
3,0,0
2,3,0.136364
1,2,0.0909091
0,5,0.227273
