switch_id,used_rules,usage
10,9,0.409091
9,8,0.363636
8,7,0.318182
7,7,0.318182
6,8,0.363636
5,7,0.318182
4,3,0.136364
3,6,0.272727
2,7,0.318182
1,5,0.227273
0,7,0.318182
