switch_id,used_rules,usage
10,7,0.318182
9,4,0.181818
8,8,0.363636
7,2,0.0909091
6,5,0.227273
5,3,0.136364
4,4,0.181818
3,3,0.136364
2,7,0.318182
1,3,0.136364
0,4,0.181818
