switch_id,used_rules,usage
10,23,1.04545
9,23,1.04545
8,20,0.909091
7,28,1.27273
6,27,1.22727
5,19,0.863636
4,24,1.09091
3,27,1.22727
2,25,1.13636
1,17,0.772727
0,26,1.18182
