switch_id,used_rules,usage
10,7,0.318182
9,6,0.272727
8,7,0.318182
7,6,0.272727
6,10,0.454545
5,6,0.272727
4,6,0.272727
3,4,0.181818
2,9,0.409091
1,3,0.136364
0,7,0.318182
