switch_id,used_rules,usage
10,2,0.0909091
9,1,0.0454545
8,3,0.136364
7,1,0.0454545
6,2,0.0909091
5,2,0.0909091
4,2,0.0909091
3,1,0.0454545
2,2,0.0909091
1,0,0
0,2,0.0909091
