switch_id,used_rules,usage
10,4,0.181818
9,2,0.0909091
8,2,0.0909091
7,3,0.136364
6,5,0.227273
5,1,0.0454545
4,2,0.0909091
3,1,0.0454545
2,3,0.136364
1,0,0
0,3,0.136364
