switch_id,used_rules,usage
10,17,0.772727
9,23,1.04545
8,19,0.863636
7,22,1
6,24,1.09091
5,21,0.954545
4,24,1.09091
3,25,1.13636
2,24,1.09091
1,20,0.909091
0,23,1.04545
