switch_id,used_rules,usage
10,4,0.181818
9,9,0.409091
8,5,0.227273
7,6,0.272727
6,7,0.318182
5,6,0.272727
4,6,0.272727
3,5,0.227273
2,6,0.272727
1,4,0.181818
0,8,0.363636
