switch_id,used_rules,usage
10,7,0.318182
9,7,0.318182
8,5,0.227273
7,5,0.227273
6,10,0.454545
5,5,0.227273
4,6,0.272727
3,2,0.0909091
2,9,0.409091
1,3,0.136364
0,9,0.409091
