switch_id,used_rules,usage
10,2,0.0909091
9,1,0.0454545
8,1,0.0454545
7,0,0
6,0,0
5,1,0.0454545
4,1,0.0454545
3,1,0.0454545
2,2,0.0909091
1,0,0
0,2,0.0909091
