switch_id,used_rules,usage
10,26,1.18182
9,24,1.09091
8,19,0.863636
7,29,1.31818
6,31,1.40909
5,23,1.04545
4,24,1.09091
3,26,1.18182
2,31,1.40909
1,22,1
0,39,1.77273
