switch_id,used_rules,usage
10,6,0.272727
9,8,0.363636
8,6,0.272727
7,7,0.318182
6,7,0.318182
5,5,0.227273
4,4,0.181818
3,5,0.227273
2,8,0.363636
1,5,0.227273
0,7,0.318182
