switch_id,used_rules,usage
10,16,0.727273
9,18,0.818182
8,15,0.681818
7,19,0.863636
6,20,0.909091
5,18,0.818182
4,17,0.772727
3,18,0.818182
2,21,0.954545
1,18,0.818182
0,20,0.909091
