switch_id,used_rules,usage
10,29,1.31818
9,31,1.40909
8,23,1.04545
7,39,1.77273
6,33,1.5
5,22,1
4,30,1.36364
3,31,1.40909
2,34,1.54545
1,29,1.31818
0,35,1.59091
