switch_id,used_rules,usage
10,3,0.136364
9,2,0.0909091
8,0,0
7,1,0.0454545
6,2,0.0909091
5,1,0.0454545
4,1,0.0454545
3,0,0
2,2,0.0909091
1,1,0.0454545
0,2,0.0909091
