switch_id,used_rules,usage
10,21,0.954545
9,19,0.863636
8,17,0.772727
7,22,1
6,23,1.04545
5,16,0.727273
4,19,0.863636
3,19,0.863636
2,21,0.954545
1,14,0.636364
0,23,1.04545
