switch_id,used_rules,usage
10,7,0.318182
9,6,0.272727
8,6,0.272727
7,5,0.227273
6,10,0.454545
5,5,0.227273
4,6,0.272727
3,3,0.136364
2,8,0.363636
1,4,0.181818
0,7,0.318182
