switch_id,used_rules,usage
10,4,0.181818
9,2,0.0909091
8,4,0.181818
7,5,0.227273
6,4,0.181818
5,3,0.136364
4,3,0.136364
3,1,0.0454545
2,2,0.0909091
1,1,0.0454545
0,5,0.227273
