switch_id,used_rules,usage
10,4,0.181818
9,4,0.181818
8,4,0.181818
7,4,0.181818
6,3,0.136364
5,5,0.227273
4,4,0.181818
3,2,0.0909091
2,6,0.272727
1,1,0.0454545
0,5,0.227273
