switch_id,used_rules,usage
10,3,0.136364
9,2,0.0909091
8,2,0.0909091
7,1,0.0454545
6,4,0.181818
5,0,0
4,0,0
3,1,0.0454545
2,2,0.0909091
1,2,0.0909091
0,4,0.181818
