switch_id,used_rules,usage
10,22,1
9,22,1
8,20,0.909091
7,24,1.09091
6,25,1.13636
5,18,0.818182
4,25,1.13636
3,22,1
2,22,1
1,19,0.863636
0,26,1.18182
