switch_id,used_rules,usage
10,19,0.863636
9,20,0.909091
8,18,0.818182
7,21,0.954545
6,25,1.13636
5,16,0.727273
4,21,0.954545
3,19,0.863636
2,24,1.09091
1,14,0.636364
0,23,1.04545
