switch_id,used_rules,usage
10,16,0.727273
9,17,0.772727
8,15,0.681818
7,19,0.863636
6,22,1
5,13,0.590909
4,17,0.772727
3,17,0.772727
2,20,0.909091
1,16,0.727273
0,20,0.909091
