switch_id,used_rules,usage
10,4,0.181818
9,1,0.0454545
8,2,0.0909091
7,2,0.0909091
6,3,0.136364
5,2,0.0909091
4,3,0.136364
3,2,0.0909091
2,3,0.136364
1,0,0
0,3,0.136364
