switch_id,used_rules,usage
10,22,1
9,25,1.13636
8,18,0.818182
7,26,1.18182
6,25,1.13636
5,22,1
4,22,1
3,25,1.13636
2,26,1.18182
1,20,0.909091
0,27,1.22727
