switch_id,used_rules,usage
10,3,0.136364
9,0,0
8,2,0.0909091
7,1,0.0454545
6,3,0.136364
5,2,0.0909091
4,2,0.0909091
3,0,0
2,1,0.0454545
1,1,0.0454545
0,4,0.181818
