switch_id,used_rules,usage
10,7,0.318182
9,7,0.318182
8,6,0.272727
7,6,0.272727
6,10,0.454545
5,6,0.272727
4,5,0.227273
3,6,0.272727
2,7,0.318182
1,4,0.181818
0,8,0.363636
