switch_id,used_rules,usage
10,13,0.590909
9,17,0.772727
8,12,0.545455
7,18,0.818182
6,20,0.909091
5,16,0.727273
4,20,0.909091
3,19,0.863636
2,20,0.909091
1,14,0.636364
0,23,1.04545
