switch_id,used_rules,usage
10,3,0.136364
9,2,0.0909091
8,2,0.0909091
7,2,0.0909091
6,2,0.0909091
5,2,0.0909091
4,1,0.0454545
3,0,0
2,2,0.0909091
1,0,0
0,2,0.0909091
