source,destination,length,path
0,1,1,0,1,0.7
0,1,3,0,8,3,1,0.2
0,4,2,0,7,4,0.35
0,4,2,0,2,4,0.15
0,4,2,0,8,4,0.45
0,4,3,0,9,1,4,0.1
0,4,2,0,6,4,0.1
0,4,3,0,9,5,4,0.05
0,4,2,0,1,4,0.1
0,4,3,0,9,3,4,0.05
0,5,2,0,9,5,0.4
0,5,2,0,10,5,0.15
0,5,2,0,2,5,0.5
0,5,3,0,6,3,5,0.05
0,5,2,0,7,5,0.05
0,5,3,0,9,3,5,0.1
0,5,3,0,8,3,5,0.05
0,5,2,0,1,5,0.05
0,7,1,0,7,0.539982
0,7,2,0,6,7,0.1
0,7,2,0,10,7,0.5
0,7,2,0,9,7,0.239982
0,7,3,0,2,1,7,0.1
0,7,2,0,2,7,0.1
0,7,2,0,1,7,0.0899823
1,2,1,1,2,0.35
1,2,2,1,7,2,0.05
1,2,2,1,10,2,0.05
4,5,1,4,5,0.6
4,5,2,4,1,5,0.2
4,5,2,4,7,5,0.1
4,6,1,4,6,0.5
4,6,2,4,3,6,0.3
4,6,2,4,7,6,0.1
3,4,1,3,4,0.45
3,9,1,3,9,0.35
3,9,2,3,6,9,0.05
3,9,2,3,5,9,0.05
0,10,1,0,10,0.2
0,10,2,0,6,10,0.2
0,10,2,0,2,10,0.05
10,5,1,10,5,0.6
10,5,2,10,2,5,0.05
10,5,2,10,1,5,0.4
10,5,2,10,3,5,0.3
10,6,1,10,6,0.9
0,6,1,0,6,0.45
6,8,1,6,8,0.8
6,8,2,6,4,8,0.3
6,8,2,6,9,8,0.6
6,8,2,6,3,8,0.1
2,9,1,2,9,0.95
2,9,2,2,8,9,0.4
2,9,2,2,1,9,0.6
2,9,2,2,5,9,0.25
2,9,3,2,7,5,9,0.05
1,9,1,1,9,0.3
1,9,2,1,3,9,0.3
1,9,3,1,3,6,9,0.1
1,9,3,1,7,5,9,0.1
1,9,3,1,3,8,9,0.1
3,8,1,3,8,0.45
7,9,1,7,9,0.9
7,9,2,7,5,9,0.25
7,9,2,7,3,9,0.15
7,9,2,7,6,9,0.05
2,3,2,2,1,3,0.05
2,3,2,2,10,3,0.1
2,3,2,2,4,3,0.1
2,3,2,2,7,3,0.15
2,3,3,2,10,7,3,0.05
2,6,2,2,7,6,0.5
2,6,2,2,8,6,0.2
2,6,2,2,4,6,0.25
2,6,3,2,10,7,6,0.1
2,6,3,2,4,8,6,0.05
2,6,3,2,10,3,6,0.1
2,6,3,2,4,3,6,0.15
10,8,1,10,8,1
10,8,2,10,0,8,0.2
10,8,2,10,3,8,0.2
10,8,3,10,7,4,8,0.1
10,8,3,10,1,4,8,0.35
10,8,2,10,2,8,0.35
10,8,3,10,5,4,8,0.05
6,7,1,6,7,0.6
6,7,2,6,3,7,0.5
6,7,2,6,4,7,0.25
