switch_id,used_rules,usage
10,7,0.318182
9,4,0.181818
8,6,0.272727
7,4,0.181818
6,5,0.227273
5,1,0.0454545
4,3,0.136364
3,4,0.181818
2,4,0.181818
1,2,0.0909091
0,4,0.181818
