switch_id,used_rules,usage
10,29,1.31818
9,26,1.18182
8,25,1.13636
7,26,1.18182
6,33,1.5
5,22,1
4,28,1.27273
3,28,1.27273
2,30,1.36364
1,25,1.13636
0,34,1.54545
