switch_id,used_rules,usage
10,8,0.363636
9,7,0.318182
8,6,0.272727
7,6,0.272727
6,11,0.5
5,5,0.227273
4,7,0.318182
3,5,0.227273
2,9,0.409091
1,2,0.0909091
0,9,0.409091
