source,destination,length,path
0,1,1,0,1,0.387097
0,1,2,0,9,1,0.129032
0,1,2,0,2,1,0.129032
0,1,2,0,7,1,0.129032
0,1,3,0,8,3,1,0.0645161
0,1,3,0,9,3,1,0.0645161
0,4,2,0,7,4,0.258065
0,4,2,0,2,4,0.225806
0,4,2,0,8,4,0.322581
0,4,3,0,9,1,4,0.0322581
0,4,3,0,9,5,4,0.193548
0,4,2,0,6,4,0.193548
0,4,3,0,9,7,4,0.129032
0,5,2,0,9,5,0.258065
0,5,2,0,10,5,0.0967742
0,5,2,0,2,5,0.387097
0,5,2,0,1,5,0.16129
0,5,2,0,7,5,0.0322581
0,5,3,0,6,3,5,0.0645161
0,5,3,0,8,3,5,0.258065
0,5,3,0,10,7,5,0.0645161
0,5,3,0,10,3,5,0.0322581
0,7,1,0,7,0.580645
0,7,2,0,6,7,0.0645161
0,7,2,0,10,7,0.645161
0,7,2,0,1,7,0.387097
0,7,2,0,9,7,0.129032
1,2,1,1,2,0.419355
1,2,2,1,4,2,0.0322581
4,5,1,4,5,0.645161
4,5,2,4,3,5,0.0645161
4,5,2,4,7,5,0.0645161
4,5,2,4,1,5,0.129032
4,6,1,4,6,0.580645
4,6,2,4,3,6,0.258065
4,6,2,4,7,6,0.0645161
3,4,1,3,4,0.451613
3,9,1,3,9,0.290323
3,9,2,3,5,9,0.0645161
3,9,2,3,6,9,0.0322581
3,9,2,3,1,9,0.0322581
3,9,2,3,8,9,0.0322581
0,10,1,0,10,0.0967742
0,10,2,0,8,10,0.0322581
0,10,2,0,2,10,0.16129
0,10,2,0,6,10,0.16129
10,5,1,10,5,0.741935
10,5,2,10,1,5,0.225806
10,5,2,10,3,5,0.0967742
10,5,2,10,7,5,0.0645161
10,5,2,10,2,5,0.193548
10,5,4,10,2,1,7,5,0.0322581
10,6,1,10,6,0.774194
10,6,2,10,3,6,0.129032
0,6,1,0,6,0.354839
0,6,2,0,8,6,0.0967742
6,8,1,6,8,0.83871
6,8,2,6,4,8,0.258065
6,8,2,6,9,8,0.645161
6,8,2,6,3,8,0.0645161
2,9,1,2,9,0.935484
2,9,2,2,8,9,0.451613
2,9,2,2,5,9,0.193548
2,9,2,2,1,9,0.387097
2,9,3,2,4,8,9,0.0645161
2,9,3,2,4,1,9,0.0322581
2,9,3,2,7,5,9,0.0645161
2,9,3,2,4,3,9,0.0322581
2,9,3,2,1,5,9,0.0645161
2,9,2,2,7,9,0.0322581
1,9,1,1,9,0.387097
1,9,2,1,3,9,0.387097
1,9,2,1,5,9,0.129032
3,8,1,3,8,0.451613
7,9,1,7,9,0.806452
7,9,2,7,5,9,0.258065
7,9,2,7,6,9,0.129032
7,9,2,7,3,9,0.129032
7,9,2,7,1,9,0.0322581
2,3,2,2,1,3,0.0645161
2,3,2,2,10,3,0.16129
2,3,2,2,7,3,0.16129
2,3,3,2,4,7,3,0.0645161
2,6,2,2,7,6,0.451613
2,6,2,2,8,6,0.129032
2,6,2,2,0,6,0.0645161
2,6,3,2,4,3,6,0.0645161
2,6,3,2,1,3,6,0.0645161
2,6,3,2,7,3,6,0.0645161
2,6,3,2,10,3,6,0.129032
2,6,2,2,4,6,0.193548
2,6,2,2,10,6,0.0967742
2,6,3,2,4,7,6,0.0645161
2,6,3,2,1,7,6,0.0322581
10,8,1,10,8,0.967742
10,8,2,10,0,8,0.16129
10,8,2,10,3,8,0.225806
10,8,3,10,1,4,8,0.451613
10,8,2,10,2,8,0.354839
10,8,4,10,1,7,4,8,0.0645161
10,8,3,10,1,3,8,0.0322581
6,7,1,6,7,0.612903
6,7,2,6,3,7,0.516129
6,7,2,6,4,7,0.193548
6,7,2,6,10,7,0.0322581
