switch_id,used_rules,usage
10,3,0.136364
9,3,0.136364
8,2,0.0909091
7,2,0.0909091
6,4,0.181818
5,2,0.0909091
4,2,0.0909091
3,0,0
2,3,0.136364
1,2,0.0909091
0,1,0.0454545
