switch_id,used_rules,usage
10,21,0.954545
9,28,1.27273
8,17,0.772727
7,31,1.40909
6,29,1.31818
5,20,0.909091
4,19,0.863636
3,21,0.954545
2,27,1.22727
1,18,0.818182
0,28,1.27273
