switch_id,used_rules,usage
10,5,0.227273
9,3,0.136364
8,3,0.136364
7,1,0.0454545
6,2,0.0909091
5,2,0.0909091
4,0,0
3,1,0.0454545
2,2,0.0909091
1,2,0.0909091
0,3,0.136364
