switch_id,used_rules,usage
10,6,0.272727
9,6,0.272727
8,5,0.227273
7,7,0.318182
6,7,0.318182
5,6,0.272727
4,4,0.181818
3,3,0.136364
2,9,0.409091
1,5,0.227273
0,7,0.318182
