switch_id,used_rules,usage
10,7,0.318182
9,6,0.272727
8,6,0.272727
7,6,0.272727
6,7,0.318182
5,5,0.227273
4,3,0.136364
3,3,0.136364
2,6,0.272727
1,5,0.227273
0,6,0.272727
