switch_id,used_rules,usage
10,8,0.363636
9,7,0.318182
8,6,0.272727
7,6,0.272727
6,11,0.5
5,6,0.272727
4,8,0.363636
3,6,0.272727
2,8,0.363636
1,5,0.227273
0,7,0.318182
