switch_id,used_rules,usage
10,6,0.272727
9,7,0.318182
8,7,0.318182
7,6,0.272727
6,6,0.272727
5,5,0.227273
4,5,0.227273
3,6,0.272727
2,9,0.409091
1,3,0.136364
0,7,0.318182
