switch_id,used_rules,usage
10,7,0.318182
9,6,0.272727
8,5,0.227273
7,6,0.272727
6,8,0.363636
5,5,0.227273
4,6,0.272727
3,5,0.227273
2,8,0.363636
1,5,0.227273
0,9,0.409091
