switch_id,used_rules,usage
10,27,1.22727
9,30,1.36364
8,22,1
7,34,1.54545
6,36,1.63636
5,27,1.22727
4,31,1.40909
3,36,1.63636
2,36,1.63636
1,28,1.27273
0,37,1.68182
