switch_id,used_rules,usage
10,38,1.72727
9,42,1.90909
8,31,1.40909
7,53,2.40909
6,45,2.04545
5,32,1.45455
4,47,2.13636
3,45,2.04545
2,48,2.18182
1,44,2
0,56,2.54545
