switch_id,used_rules,usage
10,22,1
9,21,0.954545
8,20,0.909091
7,22,1
6,29,1.31818
5,16,0.727273
4,21,0.954545
3,23,1.04545
2,23,1.04545
1,17,0.772727
0,26,1.18182
