switch_id,used_rules,usage
10,8,0.363636
9,6,0.272727
8,6,0.272727
7,5,0.227273
6,7,0.318182
5,4,0.181818
4,4,0.181818
3,6,0.272727
2,3,0.136364
1,4,0.181818
0,6,0.272727
