switch_id,used_rules,usage
10,27,1.22727
9,24,1.09091
8,21,0.954545
7,30,1.36364
6,28,1.27273
5,19,0.863636
4,23,1.04545
3,31,1.40909
2,29,1.31818
1,25,1.13636
0,33,1.5
