switch_id,used_rules,usage
10,66,3
9,65,2.95455
8,47,2.13636
7,91,4.13636
6,69,3.13636
5,66,3
4,74,3.36364
3,83,3.77273
2,82,3.72727
1,81,3.68182
0,87,3.95455
