switch_id,used_rules,usage
10,35,1.59091
9,38,1.72727
8,25,1.13636
7,38,1.72727
6,38,1.72727
5,30,1.36364
4,34,1.54545
3,38,1.72727
2,42,1.90909
1,34,1.54545
0,49,2.22727
