switch_id,used_rules,usage
10,1,0.0454545
9,1,0.0454545
8,1,0.0454545
7,0,0
6,2,0.0909091
5,0,0
4,0,0
3,0,0
2,2,0.0909091
1,1,0.0454545
0,0,0
