switch_id,used_rules,usage
10,25,1.13636
9,26,1.18182
8,17,0.772727
7,29,1.31818
6,26,1.18182
5,23,1.04545
4,19,0.863636
3,22,1
2,26,1.18182
1,17,0.772727
0,30,1.36364
