switch_id,used_rules,usage
10,5,0.227273
9,6,0.272727
8,7,0.318182
7,5,0.227273
6,8,0.363636
5,3,0.136364
4,5,0.227273
3,3,0.136364
2,5,0.227273
1,2,0.0909091
0,6,0.272727
