switch_id,used_rules,usage
10,4,0.181818
9,2,0.0909091
8,2,0.0909091
7,1,0.0454545
6,2,0.0909091
5,0,0
4,1,0.0454545
3,2,0.0909091
2,4,0.181818
1,0,0
0,1,0.0454545
