switch_id,used_rules,usage
10,6,0.272727
9,3,0.136364
8,6,0.272727
7,3,0.136364
6,5,0.227273
5,4,0.181818
4,5,0.227273
3,3,0.136364
2,5,0.227273
1,1,0.0454545
0,5,0.227273
