switch_id,used_rules,usage
10,22,1
9,22,1
8,18,0.818182
7,27,1.22727
6,27,1.22727
5,16,0.727273
4,19,0.863636
3,25,1.13636
2,24,1.09091
1,20,0.909091
0,26,1.18182
