switch_id,used_rules,usage
10,9,0.409091
9,6,0.272727
8,7,0.318182
7,5,0.227273
6,8,0.363636
5,5,0.227273
4,5,0.227273
3,5,0.227273
2,7,0.318182
1,5,0.227273
0,7,0.318182
