switch_id,used_rules,usage
10,20,0.909091
9,23,1.04545
8,18,0.818182
7,23,1.04545
6,24,1.09091
5,19,0.863636
4,22,1
3,25,1.13636
2,24,1.09091
1,19,0.863636
0,23,1.04545
