switch_id,used_rules,usage
10,22,1
9,17,0.772727
8,16,0.727273
7,23,1.04545
6,21,0.954545
5,17,0.772727
4,21,0.954545
3,19,0.863636
2,25,1.13636
1,18,0.818182
0,22,1
