switch_id,used_rules,usage
10,5,0.227273
9,6,0.272727
8,5,0.227273
7,5,0.227273
6,8,0.363636
5,4,0.181818
4,5,0.227273
3,4,0.181818
2,4,0.181818
1,5,0.227273
0,6,0.272727
