switch_id,used_rules,usage
10,2,0.0909091
9,2,0.0909091
8,2,0.0909091
7,2,0.0909091
6,3,0.136364
5,2,0.0909091
4,2,0.0909091
3,0,0
2,2,0.0909091
1,3,0.136364
0,3,0.136364
