switch_id,used_rules,usage
10,4,0.181818
9,3,0.136364
8,0,0
7,1,0.0454545
6,3,0.136364
5,1,0.0454545
4,1,0.0454545
3,2,0.0909091
2,3,0.136364
1,1,0.0454545
0,2,0.0909091
