switch_id,used_rules,usage
10,6,0.272727
9,3,0.136364
8,8,0.363636
7,3,0.136364
6,4,0.181818
5,2,0.0909091
4,4,0.181818
3,4,0.181818
2,4,0.181818
1,0,0
0,2,0.0909091
