switch_id,used_rules,usage
10,7,0.318182
9,6,0.272727
8,6,0.272727
7,8,0.363636
6,13,0.590909
5,3,0.136364
4,8,0.363636
3,7,0.318182
2,8,0.363636
1,4,0.181818
0,8,0.363636
