switch_id,used_rules,usage
10,21,0.954545
9,26,1.18182
8,19,0.863636
7,25,1.13636
6,25,1.13636
5,18,0.818182
4,22,1
3,22,1
2,21,0.954545
1,17,0.772727
0,26,1.18182
