switch_id,used_rules,usage
10,2,0.0909091
9,1,0.0454545
8,2,0.0909091
7,2,0.0909091
6,2,0.0909091
5,2,0.0909091
4,2,0.0909091
3,0,0
2,2,0.0909091
1,1,0.0454545
0,4,0.181818
