switch_id,used_rules,usage
10,14,0.636364
9,19,0.863636
8,15,0.681818
7,19,0.863636
6,22,1
5,14,0.636364
4,19,0.863636
3,17,0.772727
2,23,1.04545
1,17,0.772727
0,22,1
