switch_id,used_rules,usage
10,4,0.181818
9,5,0.227273
8,5,0.227273
7,4,0.181818
6,3,0.136364
5,3,0.136364
4,3,0.136364
3,1,0.0454545
2,4,0.181818
1,2,0.0909091
0,4,0.181818
