switch_id,used_rules,usage
10,26,1.18182
9,33,1.5
8,21,0.954545
7,34,1.54545
6,30,1.36364
5,23,1.04545
4,27,1.22727
3,29,1.31818
2,34,1.54545
1,25,1.13636
0,36,1.63636
