switch_id,used_rules,usage
10,5,0.227273
9,2,0.0909091
8,5,0.227273
7,3,0.136364
6,7,0.318182
5,2,0.0909091
4,4,0.181818
3,1,0.0454545
2,2,0.0909091
1,0,0
0,3,0.136364
