switch_id,used_rules,usage
10,26,1.18182
9,22,1
8,20,0.909091
7,28,1.27273
6,26,1.18182
5,20,0.909091
4,23,1.04545
3,23,1.04545
2,28,1.27273
1,20,0.909091
0,28,1.27273
