switch_id,used_rules,usage
10,4,0.181818
9,2,0.0909091
8,2,0.0909091
7,2,0.0909091
6,4,0.181818
5,3,0.136364
4,2,0.0909091
3,0,0
2,2,0.0909091
1,2,0.0909091
0,3,0.136364
