switch_id,used_rules,usage
10,111,5.04545
9,96,4.36364
8,64,2.90909
7,139,6.31818
6,95,4.31818
5,98,4.45455
4,127,5.77273
3,124,5.63636
2,126,5.72727
1,134,6.09091
0,116,5.27273
