switch_id,used_rules,usage
10,27,1.22727
9,26,1.18182
8,21,0.954545
7,35,1.59091
6,33,1.5
5,21,0.954545
4,26,1.18182
3,28,1.27273
2,27,1.22727
1,24,1.09091
0,34,1.54545
