switch_id,used_rules,usage
10,8,0.363636
9,7,0.318182
8,7,0.318182
7,7,0.318182
6,11,0.5
5,5,0.227273
4,7,0.318182
3,6,0.272727
2,8,0.363636
1,3,0.136364
0,8,0.363636
