switch_id,used_rules,usage
10,5,0.227273
9,2,0.0909091
8,6,0.272727
7,4,0.181818
6,5,0.227273
5,1,0.0454545
4,4,0.181818
3,1,0.0454545
2,3,0.136364
1,0,0
0,5,0.227273
