switch_id,used_rules,usage
10,9,0.409091
9,7,0.318182
8,7,0.318182
7,7,0.318182
6,10,0.454545
5,6,0.272727
4,5,0.227273
3,7,0.318182
2,7,0.318182
1,4,0.181818
0,7,0.318182
