switch_id,used_rules,usage
10,4,0.181818
9,4,0.181818
8,5,0.227273
7,4,0.181818
6,5,0.227273
5,3,0.136364
4,3,0.136364
3,0,0
2,3,0.136364
1,2,0.0909091
0,6,0.272727
