switch_id,used_rules,usage
10,27,1.22727
9,24,1.09091
8,23,1.04545
7,28,1.27273
6,29,1.31818
5,20,0.909091
4,27,1.22727
3,27,1.22727
2,28,1.27273
1,23,1.04545
0,31,1.40909
