switch_id,used_rules,usage
10,24,1.09091
9,26,1.18182
8,19,0.863636
7,25,1.13636
6,25,1.13636
5,20,0.909091
4,24,1.09091
3,23,1.04545
2,20,0.909091
1,20,0.909091
0,26,1.18182
