switch_id,used_rules,usage
10,3,0.136364
9,3,0.136364
8,2,0.0909091
7,3,0.136364
6,2,0.0909091
5,2,0.0909091
4,0,0
3,0,0
2,1,0.0454545
1,2,0.0909091
0,3,0.136364
