switch_id,used_rules,usage
10,27,1.22727
9,26,1.18182
8,25,1.13636
7,36,1.63636
6,34,1.54545
5,26,1.18182
4,28,1.27273
3,36,1.63636
2,31,1.40909
1,30,1.36364
0,35,1.59091
