switch_id,used_rules,usage
10,23,1.04545
9,21,0.954545
8,16,0.727273
7,25,1.13636
6,26,1.18182
5,18,0.818182
4,20,0.909091
3,21,0.954545
2,22,1
1,17,0.772727
0,27,1.22727
