switch_id,used_rules,usage
13,36,0.8
12,45,1
11,40,0.888889
10,39,0.866667
9,28,0.622222
8,32,0.711111
7,27,0.6
6,41,0.911111
5,43,0.955556
4,22,0.488889
3,34,0.755556
2,36,0.8
1,29,0.644444
0,35,0.777778
