switch_id,used_rules,usage
13,31,0.688889
12,45,1
11,42,0.933333
10,36,0.8
9,27,0.6
8,32,0.711111
7,27,0.6
6,42,0.933333
5,38,0.844444
4,22,0.488889
3,34,0.755556
2,37,0.822222
1,26,0.577778
0,33,0.733333
