switch_id,used_rules,usage
13,40,0.888889
12,47,1.04444
11,46,1.02222
10,39,0.866667
9,31,0.688889
8,34,0.755556
7,31,0.688889
6,45,1
5,46,1.02222
4,23,0.511111
3,36,0.8
2,42,0.933333
1,32,0.711111
0,36,0.8
