switch_id,used_rules,usage
13,40,0.888889
12,51,1.13333
11,49,1.08889
10,39,0.866667
9,31,0.688889
8,37,0.822222
7,32,0.711111
6,48,1.06667
5,47,1.04444
4,25,0.555556
3,39,0.866667
2,45,1
1,33,0.733333
0,38,0.844444
