switch_id,used_rules,usage
13,71,1.57778
12,71,1.57778
11,76,1.68889
10,55,1.22222
9,48,1.06667
8,38,0.844444
7,51,1.13333
6,58,1.28889
5,80,1.77778
4,38,0.844444
3,53,1.17778
2,66,1.46667
1,64,1.42222
0,67,1.48889
