switch_id,used_rules,usage
13,57,1.26667
12,64,1.42222
11,69,1.53333
10,48,1.06667
9,45,1
8,36,0.8
7,47,1.04444
6,53,1.17778
5,69,1.53333
4,34,0.755556
3,50,1.11111
2,63,1.4
1,50,1.11111
0,56,1.24444
