switch_id,used_rules,usage
13,36,0.8
12,47,1.04444
11,44,0.977778
10,39,0.866667
9,30,0.666667
8,32,0.711111
7,30,0.666667
6,42,0.933333
5,44,0.977778
4,22,0.488889
3,34,0.755556
2,40,0.888889
1,29,0.644444
0,36,0.8
