switch_id,used_rules,usage
13,43,0.955556
12,55,1.22222
11,50,1.11111
10,39,0.866667
9,33,0.733333
8,34,0.755556
7,34,0.755556
6,48,1.06667
5,50,1.11111
4,26,0.577778
3,37,0.822222
2,48,1.06667
1,36,0.8
0,43,0.955556
