switch_id,used_rules,usage
13,27,0.6
12,40,0.888889
11,39,0.866667
10,34,0.755556
9,26,0.577778
8,30,0.666667
7,25,0.555556
6,37,0.822222
5,35,0.777778
4,20,0.444444
3,32,0.711111
2,35,0.777778
1,25,0.555556
0,30,0.666667
