switch_id,used_rules,usage
13,27,0.6
12,38,0.844444
11,38,0.844444
10,35,0.777778
9,28,0.622222
8,29,0.644444
7,24,0.533333
6,36,0.8
5,33,0.733333
4,19,0.422222
3,31,0.688889
2,33,0.733333
1,25,0.555556
0,29,0.644444
