switch_id,used_rules,usage
13,25,0.555556
12,34,0.755556
11,35,0.777778
10,32,0.711111
9,25,0.555556
8,27,0.6
7,22,0.488889
6,33,0.733333
5,31,0.688889
4,18,0.4
3,26,0.577778
2,31,0.688889
1,23,0.511111
0,26,0.577778
