source,destination,length,path
0,1,2,0,10,1,5.44202
0,1,2,0,2,1,21.7681
0,2,1,0,2,22.0472
0,3,3,0,10,4,3,9.71192
0,3,3,0,10,6,3,14.5679
0,4,2,0,10,4,5.63738
0,4,3,0,5,10,4,2.81869
0,4,3,0,5,8,4,5.63738
0,5,1,0,5,27.6287
0,6,2,0,10,6,22.0472
0,7,3,0,2,9,7,10.1584
0,7,3,0,2,1,7,15.2377
0,8,2,0,5,8,21.489
0,9,2,0,2,9,24.4193
0,10,1,0,10,17.0238
0,11,3,0,10,6,11,3.18149
0,11,4,0,5,10,6,11,9.54447
0,11,5,0,5,10,4,3,11,3.18149
1,2,1,1,2,24.9775
1,3,3,1,7,11,3,6.53043
1,3,3,1,10,4,3,9.79564
1,4,2,1,10,4,14.6516
1,5,2,1,10,5,17.7494
1,5,3,1,2,0,5,4.43734
1,6,2,1,10,6,5.52575
1,6,3,1,7,11,6,22.103
1,7,1,1,7,26.3729
1,8,3,1,10,5,8,13.8981
1,8,4,1,2,0,5,8,9.26539
1,9,2,1,7,9,3.96291
1,9,2,1,2,9,15.8516
1,10,1,1,10,19.1169
1,11,2,1,7,11,22.7449
2,3,4,2,9,7,11,3,3.65592
2,3,5,2,0,5,8,4,3,3.65592
2,3,4,2,0,10,4,3,10.9678
2,4,3,2,1,10,4,4.43734
2,4,3,2,0,10,4,17.7494
2,5,2,2,0,5,22.8844
2,6,3,2,0,10,6,3.5722
2,6,3,2,1,10,6,10.7166
2,6,4,2,9,7,11,6,3.5722
2,7,2,2,9,7,27.2101
2,8,3,2,0,5,8,18.1401
2,9,1,2,9,14.6516
2,10,2,2,1,10,19.3122
2,10,2,2,0,10,4.82805
2,11,3,2,1,7,11,17.5261
2,11,3,2,9,7,11,4.38153
3,4,1,3,4,27.0706
3,5,3,3,4,8,5,3.48848
3,5,3,3,6,10,5,13.9539
3,6,1,3,6,15.3493
3,7,2,3,11,7,18.4192
3,8,2,3,4,8,22.1867
3,9,3,3,11,7,9,15.2098
3,10,2,3,6,10,17.5819
3,11,1,3,11,11.1631
3,11,2,3,6,11,2.79078
4,5,2,4,8,5,10.3817
4,5,2,4,10,5,6.92114
4,6,2,4,3,6,14.7911
4,7,3,4,3,11,7,18.9773
4,8,1,4,8,20.0936
4,9,4,4,10,1,2,9,4.68851
4,9,4,4,10,1,7,9,9.37703
4,9,4,4,3,11,7,9,4.68851
4,9,5,4,3,6,11,7,9,4.68851
4,10,1,4,10,16.6051
4,11,2,4,3,11,14.1772
4,11,3,4,10,6,11,3.54429
5,6,2,5,10,6,14.6516
5,7,3,5,10,1,7,16.4098
5,7,4,5,10,6,11,7,4.10245
5,8,1,5,8,19.5355
5,9,3,5,0,2,9,11.0515
5,9,4,5,10,1,2,9,16.5772
5,10,1,5,10,14.5121
5,11,3,5,10,6,11,15.7679
6,7,2,6,11,7,23.5821
6,8,3,6,3,4,8,20.875
6,8,3,6,10,5,8,5.21876
6,9,3,6,11,7,9,21.8797
6,9,4,6,3,11,7,9,5.46993
6,10,1,6,10,26.931
6,11,1,6,11,16.8563
6,11,2,6,3,11,4.21408
7,8,4,7,11,3,4,8,14.7911
7,9,1,7,9,17.4424
7,10,2,7,1,10,21.6565
7,10,3,7,11,6,10,5.41412
7,11,1,7,11,27.0706
8,9,4,8,5,0,2,9,6.86532
8,9,5,8,4,10,1,2,9,3.43266
8,9,5,8,4,10,1,7,9,6.86532
8,10,2,8,4,10,25.2566
8,11,3,8,4,3,11,26.931
9,10,3,9,2,0,10,20.2053
9,10,3,9,7,1,10,5.05131
9,11,2,9,7,11,21.4468
10,11,2,10,6,11,19.675
