switch_id,used_rules,usage
11,29,1.11538
10,49,1.88462
9,23,0.884615
8,19,0.730769
7,29,1.11538
6,26,1
5,27,1.03846
4,32,1.23077
3,28,1.07692
2,33,1.26923
1,30,1.15385
0,32,1.23077
