switch_id,used_rules,usage
11,27,1.03846
10,48,1.84615
9,23,0.884615
8,19,0.730769
7,28,1.07692
6,25,0.961538
5,27,1.03846
4,33,1.26923
3,26,1
2,33,1.26923
1,32,1.23077
0,32,1.23077
