switch_id,used_rules,usage
11,2,0.0769231
10,4,0.153846
9,2,0.0769231
8,2,0.0769231
7,2,0.0769231
6,0,0
5,3,0.115385
4,4,0.153846
3,3,0.115385
2,2,0.0769231
1,2,0.0769231
0,2,0.0769231
