switch_id,used_rules,usage
11,32,1.23077
10,53,2.03846
9,25,0.961538
8,22,0.846154
7,32,1.23077
6,28,1.07692
5,31,1.19231
4,36,1.38462
3,32,1.23077
2,34,1.30769
1,34,1.30769
0,36,1.38462
