switch_id,used_rules,usage
11,4,0.153846
10,8,0.307692
9,3,0.115385
8,1,0.0384615
7,3,0.115385
6,6,0.230769
5,4,0.153846
4,6,0.230769
3,3,0.115385
2,5,0.192308
1,6,0.230769
0,5,0.192308
