switch_id,used_rules,usage
11,1,0.0384615
10,5,0.192308
9,1,0.0384615
8,1,0.0384615
7,0,0
6,5,0.192308
5,4,0.153846
4,1,0.0384615
3,3,0.115385
2,3,0.115385
1,0,0
0,4,0.153846
