switch_id,used_rules,usage
11,3,0.115385
10,9,0.346154
9,2,0.0769231
8,4,0.153846
7,3,0.115385
6,5,0.192308
5,5,0.192308
4,5,0.192308
3,4,0.153846
2,2,0.0769231
1,3,0.115385
0,4,0.153846
