switch_id,used_rules,usage
11,1,0.0384615
10,1,0.0384615
9,0,0
8,0,0
7,0,0
6,0,0
5,0,0
4,1,0.0384615
3,1,0.0384615
2,1,0.0384615
1,1,0.0384615
0,0,0
