switch_id,used_rules,usage
11,1,0.0384615
10,3,0.115385
9,0,0
8,0,0
7,1,0.0384615
6,2,0.0769231
5,3,0.115385
4,1,0.0384615
3,2,0.0769231
2,2,0.0769231
1,1,0.0384615
0,2,0.0769231
