switch_id,used_rules,usage
11,2,0.0769231
10,5,0.192308
9,1,0.0384615
8,2,0.0769231
7,4,0.153846
6,2,0.0769231
5,4,0.153846
4,2,0.0769231
3,2,0.0769231
2,2,0.0769231
1,5,0.192308
0,0,0
