switch_id,used_rules,usage
11,38,1.46154
10,59,2.26923
9,29,1.11538
8,27,1.03846
7,37,1.42308
6,38,1.46154
5,32,1.23077
4,44,1.69231
3,40,1.53846
2,38,1.46154
1,38,1.46154
0,39,1.5
