switch_id,used_rules,usage
11,1,0.0384615
10,1,0.0384615
9,0,0
8,1,0.0384615
7,0,0
6,1,0.0384615
5,0,0
4,1,0.0384615
3,2,0.0769231
2,0,0
1,0,0
0,1,0.0384615
