switch_id,used_rules,usage
11,0,0
10,2,0.0769231
9,1,0.0384615
8,1,0.0384615
7,0,0
6,0,0
5,2,0.0769231
4,1,0.0384615
3,0,0
2,1,0.0384615
1,0,0
0,0,0
