switch_id,used_rules,usage
11,29,1.11538
10,46,1.76923
9,23,0.884615
8,20,0.769231
7,31,1.19231
6,26,1
5,25,0.961538
4,33,1.26923
3,27,1.03846
2,32,1.23077
1,30,1.15385
0,30,1.15385
