switch_id,used_rules,usage
11,0,0
10,3,0.115385
9,1,0.0384615
8,1,0.0384615
7,1,0.0384615
6,2,0.0769231
5,1,0.0384615
4,1,0.0384615
3,1,0.0384615
2,3,0.115385
1,3,0.115385
0,1,0.0384615
