switch_id,used_rules,usage
11,5,0.192308
10,5,0.192308
9,3,0.115385
8,2,0.0769231
7,4,0.153846
6,5,0.192308
5,3,0.115385
4,2,0.0769231
3,4,0.153846
2,4,0.153846
1,2,0.0769231
0,5,0.192308
