switch_id,used_rules,usage
11,30,1.15385
10,47,1.80769
9,24,0.923077
8,22,0.846154
7,31,1.19231
6,25,0.961538
5,28,1.07692
4,34,1.30769
3,28,1.07692
2,33,1.26923
1,32,1.23077
0,32,1.23077
