switch_id,used_rules,usage
11,28,1.07692
10,48,1.84615
9,23,0.884615
8,20,0.769231
7,29,1.11538
6,26,1
5,29,1.11538
4,33,1.26923
3,27,1.03846
2,31,1.19231
1,33,1.26923
0,32,1.23077
