switch_id,used_rules,usage
11,2,0.0769231
10,0,0
9,1,0.0384615
8,2,0.0769231
7,1,0.0384615
6,0,0
5,1,0.0384615
4,2,0.0769231
3,1,0.0384615
2,1,0.0384615
1,0,0
0,1,0.0384615
