source,destination,length,path
0,1,2,0,10,1,5.65482
0,1,2,0,2,1,22.6193
0,2,1,0,2,22.9093
0,3,3,0,10,4,3,10.0917
0,3,3,0,10,6,3,5.04584
0,3,4,0,5,10,4,3,5.04584
0,3,4,0,5,8,4,3,5.04584
0,4,2,0,10,4,11.7156
0,4,3,0,5,8,4,2.92891
0,5,1,0,5,28.7091
0,6,2,0,10,6,22.9093
0,7,3,0,2,9,7,10.5557
0,7,3,0,2,1,7,15.8335
0,8,2,0,5,8,22.3293
0,9,2,0,2,9,25.3742
0,10,1,0,10,17.6894
0,11,3,0,10,6,11,13.2236
0,11,4,0,5,10,6,11,3.30589
1,2,1,1,2,25.9542
1,3,3,1,7,11,3,10.1787
1,3,3,1,10,4,3,6.78578
1,4,2,1,10,4,15.2245
1,5,2,1,10,5,23.0543
1,6,2,1,10,6,11.4836
1,6,3,1,7,11,6,17.2254
1,7,1,1,7,27.4041
1,8,3,1,10,5,8,14.4415
1,8,4,1,2,0,5,8,9.62769
1,9,2,1,7,9,8.23573
1,9,2,1,2,9,12.3536
1,10,1,1,10,19.8644
1,11,2,1,7,11,23.6342
2,3,4,2,9,7,11,3,3.79888
2,3,5,2,0,5,8,4,3,3.79888
2,3,5,2,0,5,10,6,3,3.79888
2,3,5,2,0,5,10,4,3,3.79888
2,3,4,2,0,10,4,3,3.79888
2,4,3,2,1,10,4,4.61085
2,4,3,2,0,10,4,13.8326
2,4,4,2,0,5,10,4,4.61085
2,5,2,2,0,5,23.7792
2,6,3,2,0,10,6,3.71188
2,6,3,2,1,10,6,14.8475
2,7,2,2,9,7,28.2741
2,8,3,2,0,5,8,18.8494
2,9,1,2,9,15.2245
2,10,2,2,1,10,15.0505
2,10,2,2,0,10,10.0337
2,11,3,2,1,7,11,13.6586
2,11,3,2,9,7,11,9.10571
3,4,1,3,4,28.1291
3,5,3,3,4,8,5,3.62488
3,5,3,3,6,10,5,14.4995
3,6,1,3,6,15.9495
3,7,2,3,11,7,19.1394
3,8,2,3,4,8,23.0543
3,9,3,3,11,7,9,15.8045
3,10,2,3,6,10,18.2694
3,11,1,3,11,14.4995
4,5,2,4,8,5,10.7877
4,5,2,4,10,5,7.19177
4,6,2,4,3,6,15.3695
4,7,3,4,3,11,7,19.7194
4,8,1,4,8,20.8793
4,9,4,4,10,1,2,9,4.87184
4,9,4,4,10,1,7,9,14.6155
4,9,4,4,3,11,7,9,4.87184
4,10,1,4,10,17.2544
4,11,2,4,3,11,18.4144
5,6,2,5,10,6,15.2245
5,7,3,5,10,1,7,21.3143
5,8,1,5,8,20.2993
5,9,3,5,0,2,9,11.4836
5,9,4,5,10,1,2,9,17.2254
5,10,1,5,10,15.0795
5,11,3,5,10,6,11,16.3845
6,7,2,6,11,7,24.5042
6,8,3,6,3,4,8,21.6913
6,8,3,6,10,5,8,5.42283
6,9,3,6,11,7,9,28.4191
6,10,1,6,10,27.9841
6,11,1,6,11,21.8943
7,8,4,7,11,3,4,8,15.3695
7,9,1,7,9,18.1244
7,10,2,7,1,10,22.5033
7,10,3,7,11,6,10,5.62582
7,11,1,7,11,28.1291
8,9,4,8,5,0,2,9,10.7007
8,9,5,8,4,10,1,2,9,3.56688
8,9,5,8,4,3,11,7,9,3.56688
8,10,2,8,4,10,26.2442
8,11,3,8,4,3,11,27.9841
9,10,3,9,2,0,10,20.9953
9,10,3,9,7,1,10,5.24883
9,11,2,9,7,11,28.2741
10,11,2,10,6,11,20.4443
