switch_id,used_rules,usage
11,2,0.0769231
10,5,0.192308
9,4,0.153846
8,3,0.115385
7,3,0.115385
6,4,0.153846
5,5,0.192308
4,2,0.0769231
3,1,0.0384615
2,3,0.115385
1,3,0.115385
0,3,0.115385
