switch_id,used_rules,usage
11,0,0
10,7,0.269231
9,1,0.0384615
8,1,0.0384615
7,2,0.0769231
6,3,0.115385
5,4,0.153846
4,4,0.153846
3,1,0.0384615
2,2,0.0769231
1,3,0.115385
0,2,0.0769231
