switch_id,used_rules,usage
11,1,0.0384615
10,3,0.115385
9,2,0.0769231
8,2,0.0769231
7,1,0.0384615
6,0,0
5,0,0
4,4,0.153846
3,2,0.0769231
2,2,0.0769231
1,4,0.153846
0,0,0
