switch_id,used_rules,usage
11,5,0.192308
10,5,0.192308
9,3,0.115385
8,2,0.0769231
7,5,0.192308
6,3,0.115385
5,2,0.0769231
4,3,0.115385
3,3,0.115385
2,5,0.192308
1,5,0.192308
0,2,0.0769231
