switch_id,used_rules,usage
11,6,0.230769
10,5,0.192308
9,5,0.192308
8,4,0.153846
7,5,0.192308
6,2,0.0769231
5,2,0.0769231
4,7,0.269231
3,7,0.269231
2,5,0.192308
1,5,0.192308
0,3,0.115385
