switch_id,used_rules,usage
11,2,0.0769231
10,4,0.153846
9,0,0
8,1,0.0384615
7,1,0.0384615
6,2,0.0769231
5,2,0.0769231
4,2,0.0769231
3,0,0
2,1,0.0384615
1,2,0.0769231
0,1,0.0384615
