switch_id,used_rules,usage
11,29,1.11538
10,50,1.92308
9,23,0.884615
8,21,0.807692
7,31,1.19231
6,28,1.07692
5,27,1.03846
4,34,1.30769
3,27,1.03846
2,32,1.23077
1,33,1.26923
0,30,1.15385
