switch_id,used_rules,usage
11,4,0.153846
10,4,0.153846
9,3,0.115385
8,3,0.115385
7,2,0.0769231
6,4,0.153846
5,4,0.153846
4,3,0.115385
3,3,0.115385
2,4,0.153846
1,3,0.115385
0,4,0.153846
