switch_id,used_rules,usage
11,24,0.923077
10,46,1.76923
9,21,0.807692
8,19,0.730769
7,28,1.07692
6,24,0.923077
5,24,0.923077
4,30,1.15385
3,23,0.884615
2,31,1.19231
1,30,1.15385
0,31,1.19231
