switch_id,used_rules,usage
11,32,1.23077
10,50,1.92308
9,25,0.961538
8,22,0.846154
7,33,1.26923
6,28,1.07692
5,30,1.15385
4,37,1.42308
3,33,1.26923
2,34,1.30769
1,33,1.26923
0,34,1.30769
