source,destination,length,path
0,1,2,0,10,1,4.6336
0,1,2,0,2,1,23.168
0,2,1,0,2,22.5264
0,3,3,0,10,4,3,12.4038
0,3,3,0,10,6,3,12.4038
0,4,2,0,10,4,7.19991
0,4,3,0,5,8,4,4.79994
0,4,3,0,5,10,4,2.39997
0,5,1,0,5,28.2293
0,6,2,0,10,6,22.5264
0,7,3,0,2,9,7,12.9741
0,7,3,0,2,1,7,12.9741
0,8,2,0,5,8,21.9562
0,9,2,0,2,9,24.9502
0,10,1,0,10,17.3938
0,11,3,0,10,6,11,5.41775
0,11,4,0,5,10,6,11,5.41775
0,11,4,0,10,4,3,11,5.41775
1,2,1,1,2,25.5205
1,3,3,1,7,11,3,8.34049
1,3,3,1,10,4,3,8.34049
1,4,2,1,10,4,14.9701
1,5,2,1,10,5,22.669
1,6,2,1,10,6,23.5245
1,6,3,1,7,11,6,4.70489
1,7,1,1,7,26.9462
1,8,3,1,10,5,8,7.88901
1,8,3,1,10,4,8,3.9445
1,8,4,1,2,0,5,8,11.8335
1,9,2,1,7,9,6.74843
1,9,2,1,2,9,13.4969
1,10,1,1,10,19.5324
1,11,2,1,7,11,23.2393
2,3,4,2,9,7,11,3,0
2,3,5,2,0,5,10,4,3,3.11283
2,3,4,2,0,10,4,3,9.33849
2,3,5,2,0,5,8,4,3,3.11283
2,4,3,2,1,10,4,3.77817
2,4,3,2,0,10,4,7.55634
2,4,4,2,0,5,8,4,7.55634
2,4,4,2,0,5,10,4,3.77817
2,5,2,2,0,5,23.3819
2,6,3,2,0,10,6,6.08309
2,6,4,2,9,7,11,6,7.51135
2,6,3,2,1,10,6,3.04155
2,7,2,2,1,7,9.26721
2,7,2,2,9,7,18.5344
2,8,3,2,0,5,8,18.5344
2,9,1,2,9,14.9701
2,10,2,2,1,10,20.5542
2,10,2,2,0,10,4.11084
2,11,3,2,9,7,11,7.46129
2,11,3,2,1,7,11,14.9226
3,4,1,3,4,27.6591
3,5,3,3,4,8,5,2.97026
3,5,3,3,6,10,5,14.8513
3,6,1,3,6,15.683
3,7,2,3,11,7,18.8196
3,8,2,3,4,8,22.669
3,9,3,3,11,7,9,15.5404
3,10,2,3,6,10,17.9641
3,11,1,3,11,14.2572
4,5,2,4,10,5,11.786
4,5,2,4,8,5,5.89299
4,6,2,4,3,6,15.1127
4,7,3,4,3,11,7,16.1582
4,7,3,4,10,1,7,3.23164
4,8,1,4,8,20.5304
4,9,4,4,10,1,2,9,3.99203
4,9,4,4,10,1,7,9,15.9681
4,9,4,4,3,11,7,9,3.99203
4,10,1,4,10,16.9661
4,11,2,4,3,11,15.0889
4,11,3,4,3,6,11,3.01778
5,6,2,5,10,6,14.9701
5,7,3,5,10,1,7,20.9581
5,8,1,5,8,19.9601
5,9,3,5,0,2,9,9.40978
5,9,4,5,10,1,2,9,18.8196
5,10,1,5,10,14.8275
5,11,3,5,10,6,11,16.1107
6,7,2,6,11,7,24.0947
6,8,3,6,3,4,8,22.2175
6,8,3,6,10,5,8,4.44351
6,9,3,6,11,7,9,27.9442
6,10,1,6,10,27.5165
6,11,1,6,11,21.5284
7,8,4,7,11,3,4,8,15.1127
7,9,1,7,9,17.8216
7,10,2,7,1,10,18.4394
7,10,3,7,11,6,10,9.21968
7,11,1,7,11,27.6591
8,9,4,8,5,0,2,9,11.6909
8,9,5,8,4,3,11,7,9,2.92273
8,9,5,8,4,10,1,2,9,2.92273
8,10,2,8,4,10,25.8056
8,11,3,8,4,3,11,27.5165
9,10,3,9,2,0,10,21.5047
9,10,4,9,7,11,6,10,4.30094
9,11,2,9,7,11,27.7325
10,11,2,10,6,11,20.1027
