switch_id,used_rules,usage
11,5,0.192308
10,7,0.269231
9,3,0.115385
8,4,0.153846
7,6,0.230769
6,3,0.115385
5,4,0.153846
4,4,0.153846
3,3,0.115385
2,7,0.269231
1,6,0.230769
0,5,0.192308
