switch_id,used_rules,usage
11,1,0.0384615
10,3,0.115385
9,1,0.0384615
8,3,0.115385
7,1,0.0384615
6,1,0.0384615
5,4,0.153846
4,1,0.0384615
3,0,0
2,0,0
1,1,0.0384615
0,3,0.115385
