switch_id,used_rules,usage
11,32,1.23077
10,50,1.92308
9,25,0.961538
8,20,0.769231
7,33,1.26923
6,28,1.07692
5,29,1.11538
4,36,1.38462
3,30,1.15385
2,32,1.23077
1,34,1.30769
0,33,1.26923
