switch_id,used_rules,usage
11,3,0.115385
10,8,0.307692
9,0,0
8,0,0
7,3,0.115385
6,4,0.153846
5,6,0.230769
4,3,0.115385
3,2,0.0769231
2,4,0.153846
1,5,0.192308
0,3,0.115385
