source,destination,length,path
0,1,2,0,10,1,6.95948
0,1,2,0,2,1,20.8784
0,2,1,0,2,22.5558
0,3,3,0,10,4,3,12.42
0,3,3,0,10,6,3,12.42
0,4,2,0,10,4,14.4186
0,5,1,0,5,28.2662
0,6,2,0,10,6,16.9169
0,6,3,0,5,10,6,5.63896
0,7,3,0,2,9,7,6.49551
0,7,3,0,2,1,7,12.991
0,7,3,0,10,1,7,6.49551
0,8,2,0,5,8,21.9848
0,9,2,0,2,9,24.9827
0,10,1,0,10,17.4165
0,11,3,0,10,6,11,4.06862
0,11,4,0,5,10,6,11,12.2058
1,2,1,1,2,25.5538
1,3,3,1,7,11,3,8.35137
1,3,3,1,10,4,3,8.35137
1,4,2,1,10,4,14.9896
1,5,2,1,10,5,22.6986
1,6,2,1,10,6,14.1331
1,6,3,1,7,11,6,14.1331
1,7,1,1,7,26.9813
1,8,3,1,10,5,8,11.849
1,8,4,1,2,0,5,8,11.849
1,9,2,1,7,9,5.06793
1,9,2,1,2,9,15.2038
1,10,1,1,10,19.5579
1,11,2,1,7,11,23.2696
2,3,4,2,9,7,11,3,4.67534
2,3,5,2,0,5,8,4,3,4.67534
2,3,4,2,0,10,4,3,9.35068
2,4,3,2,1,10,4,5.67465
2,4,3,2,0,10,4,11.3493
2,4,4,2,0,5,8,4,5.67465
2,5,2,2,0,5,23.4124
2,6,3,2,0,10,6,4.56827
2,6,3,2,1,10,6,9.13654
2,6,4,2,9,7,11,6,4.56827
2,7,2,2,9,7,20.8784
2,7,2,2,1,7,6.95948
2,8,3,2,0,5,8,18.5586
2,9,1,2,9,14.9896
2,10,2,2,1,10,24.6972
2,11,3,2,1,7,11,11.2065
2,11,3,2,9,7,11,11.2065
3,4,1,3,4,27.6951
3,5,3,3,4,8,5,4.4612
3,5,3,3,6,10,5,13.3836
3,6,1,3,6,15.7034
3,7,2,3,11,7,18.8441
3,8,2,3,4,8,22.6986
3,9,3,3,11,7,9,15.5607
3,10,2,3,6,10,17.9876
3,11,1,3,11,14.2758
4,5,2,4,8,5,13.2765
4,5,2,4,10,5,4.42551
4,6,2,4,3,6,15.1324
4,7,3,4,3,11,7,14.5614
4,7,3,4,10,1,7,4.85379
4,8,1,4,8,20.5572
4,9,4,4,10,1,2,9,5.99586
4,9,4,4,10,1,7,9,5.99586
4,9,4,4,3,11,7,9,11.9917
4,10,1,4,10,16.9883
4,11,2,4,3,11,18.1303
5,6,2,5,10,6,14.9896
5,7,3,5,10,1,7,20.9855
5,8,1,5,8,19.9862
5,9,3,5,0,2,9,21.1996
5,9,4,5,10,1,2,9,7.06654
5,10,1,5,10,14.8469
5,11,3,5,10,6,11,16.1317
6,7,2,6,11,7,24.1262
6,8,3,6,3,4,8,20.0219
6,8,3,6,10,5,8,6.67396
6,9,3,6,11,7,9,27.9807
6,10,1,6,10,27.5524
6,11,1,6,11,21.5565
7,8,4,7,11,3,4,8,15.1324
7,9,1,7,9,17.8448
7,10,2,7,1,10,20.7714
7,10,3,7,11,6,10,6.92379
7,11,1,7,11,27.6951
8,9,4,8,5,0,2,9,8.77965
8,9,5,8,4,10,1,2,9,4.38982
8,9,5,8,4,10,1,7,9,4.38982
8,10,2,8,4,10,25.8393
8,11,3,8,4,3,11,27.5524
9,10,3,9,2,0,10,25.8393
9,11,2,9,7,11,27.8379
10,11,2,10,6,11,20.1289
