switch_id,used_rules,usage
11,4,0.153846
10,2,0.0769231
9,4,0.153846
8,3,0.115385
7,3,0.115385
6,2,0.0769231
5,3,0.115385
4,2,0.0769231
3,4,0.153846
2,2,0.0769231
1,3,0.115385
0,1,0.0384615
