switch_id,used_rules,usage
11,3,0.115385
10,4,0.153846
9,2,0.0769231
8,4,0.153846
7,3,0.115385
6,2,0.0769231
5,4,0.153846
4,3,0.115385
3,0,0
2,5,0.192308
1,3,0.115385
0,4,0.153846
