switch_id,used_rules,usage
11,30,1.15385
10,46,1.76923
9,24,0.923077
8,20,0.769231
7,29,1.11538
6,27,1.03846
5,29,1.11538
4,34,1.30769
3,29,1.11538
2,34,1.30769
1,30,1.15385
0,33,1.26923
