switch_id,used_rules,usage
11,3,0.115385
10,8,0.307692
9,1,0.0384615
8,2,0.0769231
7,2,0.0769231
6,5,0.192308
5,3,0.115385
4,2,0.0769231
3,2,0.0769231
2,4,0.153846
1,5,0.192308
0,2,0.0769231
