source,destination,length,path
0,1,2,0,10,1,2.63928
0,1,2,0,2,1,26.3928
0,2,1,0,2,23.5234
0,3,3,0,10,4,3,11.7752
0,3,3,0,10,6,3,14.1303
0,4,2,0,10,4,8.20206
0,4,3,0,5,8,4,6.83505
0,5,1,0,5,29.4787
0,6,2,0,10,6,23.5234
0,7,3,0,2,9,7,9.8533
0,7,3,0,2,1,7,17.2433
0,8,2,0,5,8,22.9279
0,9,2,0,2,9,26.0544
0,10,1,0,10,14.8612
0,10,2,0,5,10,3.30248
0,11,3,0,10,6,11,7.71481
0,11,4,0,5,10,6,11,1.54296
0,11,5,0,5,10,4,3,11,4.62889
0,11,4,0,10,4,3,11,3.08592
1,2,1,1,2,26.6499
1,3,3,1,7,11,3,4.7507
1,3,3,1,10,4,3,12.6685
1,4,2,1,10,4,15.6326
1,5,2,1,10,5,21.5203
1,5,3,1,2,0,5,2.15203
1,6,2,1,10,6,26.7988
1,6,3,1,7,11,6,2.67988
1,7,1,1,7,28.1388
1,8,3,1,10,5,8,6.74031
1,8,4,1,2,0,5,8,17.9742
1,9,2,1,7,9,7.68774
1,9,2,1,2,9,13.4535
1,10,1,1,10,20.3969
1,11,2,1,7,11,24.2678
2,3,4,2,9,7,11,3,3.54611
2,3,4,2,0,10,4,3,14.1844
2,3,5,2,0,5,8,4,3,1.77305
2,4,3,2,1,10,4,2.15203
2,4,3,2,0,10,4,15.0642
2,4,4,2,0,5,8,4,6.45608
2,5,2,2,0,5,24.4167
2,6,3,2,0,10,6,3.4649
2,6,4,2,9,7,11,6,6.92979
2,6,3,2,1,10,6,8.66224
2,7,2,2,1,7,10.5571
2,7,2,2,9,7,18.4749
2,8,3,2,0,5,8,19.3547
2,9,1,2,9,15.6326
2,10,2,2,1,10,18.7321
2,10,2,2,0,10,7.02454
2,11,3,2,9,7,11,10.6248
2,11,3,2,1,7,11,12.7497
3,4,1,3,4,28.8832
3,5,3,3,4,8,5,1.69184
3,5,3,3,6,10,5,16.9184
3,6,1,3,6,16.3771
3,7,2,3,11,7,19.6525
3,8,2,3,4,8,23.6723
3,9,3,3,11,7,9,16.2282
3,10,2,3,6,10,18.7592
3,11,1,3,11,14.8882
4,5,2,4,10,5,11.7482
4,5,2,4,8,5,6.71324
4,6,2,4,3,6,15.7815
4,7,3,4,3,11,7,11.0444
4,7,3,4,10,1,7,9.20363
4,8,1,4,8,21.439
4,9,4,4,10,1,2,9,6.82152
4,9,4,4,10,1,7,9,9.09535
4,9,4,4,3,11,7,9,9.09535
4,10,1,4,10,17.717
4,11,2,4,3,11,13.7513
4,11,3,4,3,6,11,5.15674
5,6,2,5,10,6,15.6326
5,7,3,5,10,1,7,21.8857
5,8,1,5,8,20.8435
5,9,3,5,0,2,9,13.3994
5,9,4,5,10,1,2,9,16.0793
5,10,1,5,10,15.4838
5,11,3,5,10,6,11,16.8237
6,7,2,6,11,7,25.1611
6,8,3,6,3,4,8,25.31
6,8,3,6,10,5,8,2.531
6,9,3,6,11,7,9,29.1809
6,10,1,6,10,28.7343
6,11,1,6,11,20.4375
6,11,2,6,3,11,2.04375
7,8,4,7,11,3,4,8,15.7815
7,9,1,7,9,18.6103
7,10,2,7,1,10,13.1287
7,10,3,7,11,6,10,15.7545
7,11,1,7,11,28.8832
8,9,4,8,5,0,2,9,3.32955
8,9,5,8,4,10,1,2,9,8.32387
8,9,5,8,4,10,1,7,9,3.32955
8,9,5,8,4,3,11,7,9,3.32955
8,10,2,8,4,10,22.0481
8,10,2,8,5,10,4.89958
8,11,3,8,4,3,11,28.7343
9,10,3,9,2,0,10,19.5983
9,10,3,9,7,1,10,7.34937
9,11,2,9,7,11,29.032
10,11,2,10,6,11,20.9924
