switch_id,used_rules,usage
11,1,0.0384615
10,2,0.0769231
9,2,0.0769231
8,0,0
7,2,0.0769231
6,2,0.0769231
5,2,0.0769231
4,0,0
3,1,0.0384615
2,2,0.0769231
1,1,0.0384615
0,2,0.0769231
