switch_id,used_rules,usage
11,1,0.0384615
10,3,0.115385
9,2,0.0769231
8,1,0.0384615
7,2,0.0769231
6,1,0.0384615
5,1,0.0384615
4,1,0.0384615
3,1,0.0384615
2,5,0.192308
1,5,0.192308
0,2,0.0769231
