switch_id,used_rules,usage
11,27,1.03846
10,46,1.76923
9,21,0.807692
8,21,0.807692
7,27,1.03846
6,26,1
5,26,1
4,32,1.23077
3,26,1
2,31,1.19231
1,28,1.07692
0,31,1.19231
