switch_id,used_rules,usage
11,4,0.153846
10,8,0.307692
9,2,0.0769231
8,2,0.0769231
7,2,0.0769231
6,7,0.269231
5,4,0.153846
4,4,0.153846
3,3,0.115385
2,3,0.115385
1,2,0.0769231
0,2,0.0769231
