switch_id,used_rules,usage
11,5,0.192308
10,5,0.192308
9,5,0.192308
8,3,0.115385
7,5,0.192308
6,4,0.153846
5,4,0.153846
4,5,0.192308
3,5,0.192308
2,3,0.115385
1,3,0.115385
0,4,0.153846
