switch_id,used_rules,usage
11,31,1.19231
10,51,1.96154
9,25,0.961538
8,22,0.846154
7,31,1.19231
6,29,1.11538
5,26,1
4,37,1.42308
3,30,1.15385
2,31,1.19231
1,34,1.30769
0,30,1.15385
