source,destination,length,path
0,1,2,0,10,1,4.67301
0,1,2,0,2,1,23.365
0,2,1,0,2,22.718
0,3,3,0,10,4,3,16.679
0,3,3,0,10,6,3,8.33952
0,4,2,0,10,4,9.68151
0,4,3,0,5,8,4,4.84075
0,5,1,0,5,28.4694
0,6,2,0,10,6,18.9317
0,6,3,0,5,10,6,3.78633
0,7,3,0,2,9,7,8.72294
0,7,3,0,2,1,7,17.4459
0,8,2,0,5,8,22.1429
0,9,2,0,2,9,25.1623
0,10,1,0,10,17.5417
0,11,3,0,10,6,11,8.19573
0,11,4,0,5,10,6,11,2.73191
0,11,4,0,10,4,3,11,5.46382
1,2,1,1,2,25.7375
1,3,3,1,7,11,3,8.41141
1,3,3,1,10,4,3,5.60761
1,3,3,1,10,6,3,2.8038
1,4,2,1,10,4,15.0974
1,5,2,1,10,5,22.8618
1,6,2,1,10,6,18.9796
1,6,3,1,7,11,6,9.4898
1,7,1,1,7,27.1753
1,8,3,1,10,5,8,11.9341
1,8,4,1,2,0,5,8,11.9341
1,9,2,1,7,9,10.2087
1,9,2,1,2,9,10.2087
1,10,1,1,10,19.6985
1,11,2,1,7,11,23.4369
2,3,4,2,9,7,11,3,6.1708
2,3,4,2,0,10,4,3,9.4179
2,3,5,2,0,5,8,4,3,3.1393
2,4,3,2,1,10,4,3.8103
2,4,4,2,0,5,8,4,7.62059
2,4,4,2,0,5,10,4,7.62059
2,4,3,2,0,10,4,3.8103
2,5,2,2,0,5,23.5807
2,6,3,2,0,10,6,9.20223
2,6,3,2,1,10,6,9.20223
2,7,2,2,9,7,28.038
2,8,3,2,0,5,8,18.692
2,9,1,2,9,15.0974
2,10,2,2,1,10,20.729
2,10,2,2,0,10,4.14579
2,11,3,2,1,7,11,15.0495
2,11,3,2,9,7,11,7.52474
3,4,1,3,4,27.8942
3,5,3,3,4,8,5,2.99552
3,5,3,3,6,10,5,14.9776
3,6,1,3,6,15.8163
3,7,2,3,11,7,18.9796
3,8,2,3,4,8,22.8618
3,9,3,3,11,7,9,15.6725
3,10,2,3,6,10,18.1169
3,11,1,3,11,14.3785
4,5,2,4,8,5,5.9431
4,5,2,4,10,5,11.8862
4,6,2,4,3,6,15.2412
4,7,3,4,3,11,7,16.2956
4,7,4,4,3,6,11,7,3.25912
4,8,1,4,8,20.705
4,9,4,4,10,1,2,9,8.05195
4,9,4,4,10,1,7,9,16.1039
4,10,1,4,10,17.1104
4,11,2,4,3,11,18.2607
5,6,2,5,10,6,15.0974
5,7,3,5,10,1,7,21.1364
5,8,1,5,8,20.1299
5,9,3,5,0,2,9,14.2347
5,9,4,5,10,1,2,9,14.2347
5,10,1,5,10,14.9536
5,11,3,5,10,6,11,16.2477
6,7,2,6,11,7,24.2996
6,8,3,6,3,4,8,22.4065
6,8,3,6,10,4,8,4.48129
6,9,3,6,11,7,9,28.1818
6,10,1,6,10,27.7505
6,11,1,6,11,21.7115
7,8,4,7,11,3,4,8,15.2412
7,9,1,7,9,17.9731
7,10,2,7,1,10,18.5962
7,10,3,7,11,6,10,9.29808
7,11,1,7,11,27.8942
8,9,4,8,5,0,2,9,5.89518
8,9,5,8,4,3,11,7,9,5.89518
8,9,5,8,4,10,1,2,9,5.89518
8,10,2,8,4,10,21.6875
8,10,2,8,5,10,4.33751
8,11,3,8,4,3,11,27.7505
9,10,3,9,2,0,10,21.6875
9,10,4,9,7,11,6,10,4.33751
9,11,2,9,7,11,26.7834
10,11,2,10,6,11,20.2737
