source,destination,length,path
0,1,2,0,10,1,5.51149
0,1,2,0,2,1,22.046
0,2,1,0,2,22.3286
0,3,3,0,10,4,3,9.83589
0,3,3,0,10,6,3,14.7538
0,4,2,0,10,4,5.70934
0,4,3,0,5,8,4,8.564
0,5,1,0,5,27.9814
0,6,2,0,10,6,22.3286
0,7,3,0,2,9,7,15.4322
0,7,3,0,2,1,7,10.2881
0,8,2,0,5,8,21.7633
0,9,2,0,2,9,24.731
0,10,1,0,10,17.2411
0,11,3,0,10,6,11,6.4442
0,11,4,0,5,10,6,11,3.2221
0,11,5,0,5,10,4,3,11,6.4442
1,2,1,1,2,25.2963
1,3,3,1,7,11,3,5.41313
1,3,3,1,10,4,3,9.92068
1,4,2,1,10,4,14.8386
1,5,2,1,10,5,17.9759
1,5,3,1,2,0,5,4.49398
1,6,2,1,10,6,11.1926
1,6,3,1,7,11,6,16.7888
1,7,1,1,7,26.7095
1,8,3,1,10,5,8,14.0755
1,8,3,1,10,4,8,4.69183
1,8,4,1,2,0,5,8,4.69183
1,9,2,1,7,9,8.02699
1,9,2,1,2,9,12.0405
1,10,1,1,10,19.3609
1,11,2,1,7,11,23.0352
2,3,4,2,9,7,11,3,3.70259
2,3,4,2,0,10,4,3,11.1078
2,3,4,2,0,10,6,3,3.70259
2,4,3,2,1,10,4,8.98796
2,4,4,2,0,5,8,4,8.98796
2,4,4,2,0,5,10,4,4.49398
2,5,2,2,0,5,23.1765
2,6,3,2,0,10,6,7.23559
2,6,4,2,9,7,11,6,7.23559
2,6,3,2,1,10,6,3.6178
2,7,2,2,9,7,27.5574
2,8,3,2,0,5,8,18.3716
2,9,1,2,9,14.8386
2,10,2,2,1,10,9.77936
2,10,2,2,0,10,14.669
2,11,3,2,1,7,11,22.1873
3,4,1,3,4,27.4161
3,5,3,3,4,8,5,3.53301
3,5,3,3,6,10,5,14.132
3,6,1,3,6,15.5452
3,7,2,3,11,7,18.6543
3,8,2,3,4,8,22.4699
3,9,3,3,11,7,9,15.4039
3,10,2,3,6,10,17.8063
3,11,1,3,11,11.3056
3,11,2,3,6,11,2.8264
4,5,2,4,10,5,14.019
4,5,2,4,8,5,3.50474
4,6,2,4,3,6,14.9799
4,7,3,4,3,11,7,15.3756
4,7,3,4,10,1,7,3.84391
4,8,1,4,8,20.3501
4,9,4,4,10,1,2,9,9.49672
4,9,4,4,3,11,7,9,4.74836
4,9,4,4,10,1,7,9,4.74836
4,9,5,4,3,6,11,7,9,4.74836
4,10,1,4,10,16.8171
4,11,2,4,3,11,17.9477
5,6,2,5,10,6,14.8386
5,7,3,5,10,1,7,16.6193
5,7,4,5,10,6,11,7,4.15481
5,8,1,5,8,19.7848
5,9,3,5,0,2,9,11.1926
5,9,4,5,10,1,7,9,5.59628
5,9,4,5,10,1,2,9,11.1926
5,10,1,5,10,14.6973
5,11,3,5,10,6,11,15.9692
6,7,2,6,11,7,23.8831
6,8,3,6,3,4,8,21.1415
6,8,3,6,10,4,8,5.28538
6,9,3,6,11,7,9,27.6988
6,10,1,6,10,27.2748
6,11,1,6,11,17.0715
6,11,2,6,3,11,4.26787
7,8,4,7,11,3,4,8,14.9799
7,9,1,7,9,17.665
7,10,2,7,1,10,21.9329
7,10,3,7,11,6,10,5.48322
7,11,1,7,11,27.4161
8,9,4,8,5,0,2,9,6.95295
8,9,5,8,5,10,1,2,9,3.47648
8,9,5,8,4,3,11,7,9,3.47648
8,9,5,8,4,10,1,7,9,3.47648
8,10,2,8,4,10,25.579
8,11,3,8,4,3,11,27.2748
9,10,3,9,2,0,10,15.3474
9,10,3,9,7,1,10,5.11579
9,10,3,9,2,1,10,5.11579
9,11,2,9,7,11,22.0985
10,11,2,10,6,11,19.9261
