switch_id,used_rules,usage
11,3,0.115385
10,4,0.153846
9,4,0.153846
8,0,0
7,3,0.115385
6,2,0.0769231
5,2,0.0769231
4,3,0.115385
3,2,0.0769231
2,3,0.115385
1,1,0.0384615
0,3,0.115385
