switch_id,used_rules,usage
11,3,0.115385
10,4,0.153846
9,2,0.0769231
8,2,0.0769231
7,2,0.0769231
6,2,0.0769231
5,6,0.230769
4,2,0.0769231
3,1,0.0384615
2,5,0.192308
1,2,0.0769231
0,3,0.115385
