switch_id,used_rules,usage
11,0,0
10,3,0.115385
9,0,0
8,0,0
7,0,0
6,2,0.0769231
5,0,0
4,2,0.0769231
3,0,0
2,0,0
1,0,0
0,0,0
