switch_id,used_rules,usage
11,2,0.0769231
10,4,0.153846
9,0,0
8,2,0.0769231
7,2,0.0769231
6,1,0.0384615
5,2,0.0769231
4,3,0.115385
3,2,0.0769231
2,2,0.0769231
1,3,0.115385
0,2,0.0769231
