switch_id,used_rules,usage
11,2,0.0769231
10,5,0.192308
9,2,0.0769231
8,2,0.0769231
7,2,0.0769231
6,2,0.0769231
5,4,0.153846
4,3,0.115385
3,1,0.0384615
2,3,0.115385
1,2,0.0769231
0,3,0.115385
