switch_id,used_rules,usage
11,2,0.0769231
10,5,0.192308
9,1,0.0384615
8,1,0.0384615
7,1,0.0384615
6,2,0.0769231
5,1,0.0384615
4,2,0.0769231
3,1,0.0384615
2,2,0.0769231
1,1,0.0384615
0,3,0.115385
