switch_id,used_rules,usage
11,4,0.153846
10,5,0.192308
9,4,0.153846
8,3,0.115385
7,4,0.153846
6,4,0.153846
5,4,0.153846
4,4,0.153846
3,7,0.269231
2,4,0.153846
1,1,0.0384615
0,6,0.230769
