switch_id,used_rules,usage
11,0,0
10,4,0.153846
9,3,0.115385
8,3,0.115385
7,2,0.0769231
6,1,0.0384615
5,3,0.115385
4,1,0.0384615
3,0,0
2,3,0.115385
1,3,0.115385
0,1,0.0384615
