switch_id,used_rules,usage
11,3,0.115385
10,5,0.192308
9,1,0.0384615
8,6,0.230769
7,4,0.153846
6,4,0.153846
5,6,0.230769
4,7,0.269231
3,7,0.269231
2,4,0.153846
1,4,0.153846
0,6,0.230769
