switch_id,used_rules,usage
11,1,0.0384615
10,2,0.0769231
9,1,0.0384615
8,0,0
7,1,0.0384615
6,1,0.0384615
5,2,0.0769231
4,1,0.0384615
3,0,0
2,1,0.0384615
1,1,0.0384615
0,0,0
