switch_id,used_rules,usage
11,30,1.15385
10,51,1.96154
9,27,1.03846
8,23,0.884615
7,33,1.26923
6,27,1.03846
5,29,1.11538
4,35,1.34615
3,28,1.07692
2,35,1.34615
1,36,1.38462
0,33,1.26923
