switch_id,used_rules,usage
11,2,0.0769231
10,3,0.115385
9,3,0.115385
8,3,0.115385
7,1,0.0384615
6,2,0.0769231
5,2,0.0769231
4,1,0.0384615
3,3,0.115385
2,3,0.115385
1,3,0.115385
0,0,0
