switch_id,used_rules,usage
11,27,1.03846
10,51,1.96154
9,25,0.961538
8,20,0.769231
7,31,1.19231
6,26,1
5,29,1.11538
4,34,1.30769
3,27,1.03846
2,33,1.26923
1,33,1.26923
0,34,1.30769
