switch_id,used_rules,usage
11,25,0.961538
10,44,1.69231
9,20,0.769231
8,18,0.692308
7,26,1
6,24,0.923077
5,26,1
4,31,1.19231
3,26,1
2,30,1.15385
1,28,1.07692
0,31,1.19231
