switch_id,used_rules,usage
11,1,0.0384615
10,4,0.153846
9,2,0.0769231
8,1,0.0384615
7,1,0.0384615
6,2,0.0769231
5,2,0.0769231
4,1,0.0384615
3,2,0.0769231
2,3,0.115385
1,4,0.153846
0,1,0.0384615
