switch_id,used_rules,usage
11,2,0.0769231
10,6,0.230769
9,1,0.0384615
8,4,0.153846
7,2,0.0769231
6,3,0.115385
5,5,0.192308
4,1,0.0384615
3,4,0.153846
2,1,0.0384615
1,2,0.0769231
0,3,0.115385
