switch_id,used_rules,usage
11,6,0.230769
10,4,0.153846
9,4,0.153846
8,2,0.0769231
7,5,0.192308
6,2,0.0769231
5,2,0.0769231
4,3,0.115385
3,3,0.115385
2,3,0.115385
1,4,0.153846
0,3,0.115385
