switch_id,used_rules,usage
11,24,0.923077
10,45,1.73077
9,21,0.807692
8,19,0.730769
7,28,1.07692
6,24,0.923077
5,24,0.923077
4,28,1.07692
3,23,0.884615
2,29,1.11538
1,30,1.15385
0,28,1.07692
