switch_id,used_rules,usage
11,2,0.0769231
10,5,0.192308
9,0,0
8,0,0
7,3,0.115385
6,4,0.153846
5,3,0.115385
4,4,0.153846
3,3,0.115385
2,2,0.0769231
1,4,0.153846
0,2,0.0769231
