switch_id,used_rules,usage
11,30,1.15385
10,47,1.80769
9,23,0.884615
8,20,0.769231
7,30,1.15385
6,25,0.961538
5,26,1
4,34,1.30769
3,27,1.03846
2,32,1.23077
1,30,1.15385
0,31,1.19231
