switch_id,used_rules,usage
11,34,1.30769
10,50,1.92308
9,25,0.961538
8,24,0.923077
7,33,1.26923
6,29,1.11538
5,30,1.15385
4,38,1.46154
3,31,1.19231
2,34,1.30769
1,33,1.26923
0,35,1.34615
