switch_id,used_rules,usage
11,26,1
10,43,1.65385
9,20,0.769231
8,18,0.692308
7,26,1
6,23,0.884615
5,25,0.961538
4,32,1.23077
3,25,0.961538
2,29,1.11538
1,28,1.07692
0,29,1.11538
