switch_id,used_rules,usage
11,27,1.03846
10,45,1.73077
9,24,0.923077
8,19,0.730769
7,31,1.19231
6,25,0.961538
5,27,1.03846
4,32,1.23077
3,27,1.03846
2,32,1.23077
1,30,1.15385
0,31,1.19231
