switch_id,used_rules,usage
11,3,0.115385
10,1,0.0384615
9,3,0.115385
8,2,0.0769231
7,2,0.0769231
6,2,0.0769231
5,1,0.0384615
4,1,0.0384615
3,2,0.0769231
2,2,0.0769231
1,1,0.0384615
0,1,0.0384615
