source,destination,length,path
0,1,2,0,10,1,4.71382
0,1,2,0,2,1,23.5691
0,2,1,0,2,22.9164
0,3,3,0,10,4,3,16.8247
0,3,3,0,10,6,3,8.41235
0,4,2,0,10,4,9.76606
0,4,3,0,5,8,4,4.88303
0,5,1,0,5,28.718
0,6,2,0,10,6,19.097
0,6,3,0,5,10,6,3.8194
0,7,3,0,2,9,7,8.79913
0,7,3,0,2,1,7,17.5983
0,8,2,0,5,8,22.3362
0,9,2,0,2,9,25.3821
0,10,1,0,10,17.6949
0,11,3,0,10,6,11,8.26731
0,11,4,0,5,10,6,11,2.75577
0,11,4,0,10,4,3,11,5.51154
1,2,1,1,2,25.9623
1,3,3,1,7,11,3,8.48487
1,3,3,1,10,4,3,5.65658
1,3,3,1,10,6,3,2.82829
1,4,2,1,10,4,15.2293
1,5,2,1,10,5,23.0614
1,6,2,1,10,6,19.1454
1,6,3,1,7,11,6,9.57268
1,7,1,1,7,27.4127
1,8,3,1,10,5,8,12.0384
1,8,4,1,2,0,5,8,12.0384
1,9,2,1,7,9,10.2979
1,9,2,1,2,9,10.2979
1,10,1,1,10,19.8706
1,11,2,1,7,11,23.6416
2,3,4,2,9,7,11,3,6.33344
2,3,4,2,0,10,4,3,9.50016
2,3,5,2,0,5,8,4,3,3.16672
2,4,3,2,1,10,4,3.84357
2,4,4,2,0,5,8,4,7.68715
2,4,4,2,0,5,10,4,7.68715
2,4,3,2,0,10,4,3.84357
2,5,2,2,0,5,23.7867
2,6,3,2,0,10,6,9.2826
2,6,3,2,1,10,6,9.2826
2,7,2,2,9,7,28.2829
2,8,3,2,0,5,8,18.8553
2,9,1,2,9,15.2293
2,10,2,2,1,10,20.91
2,10,2,2,0,10,4.182
2,11,3,2,1,7,11,15.1809
2,11,3,2,9,7,11,7.59046
3,4,1,3,4,28.1379
3,5,3,3,4,8,5,3.02168
3,5,3,3,6,10,5,15.1084
3,6,1,3,6,15.9545
3,7,2,3,11,7,19.1454
3,8,2,3,4,8,23.0614
3,9,3,3,11,7,9,15.8094
3,10,2,3,6,10,18.2751
3,11,1,3,11,14.5041
4,5,2,4,8,5,5.99501
4,5,2,4,10,5,11.99
4,6,2,4,3,6,15.3743
4,7,3,4,3,11,7,19.7255
4,8,1,4,8,20.8858
4,9,4,4,10,1,2,9,8.12227
4,9,4,4,10,1,7,9,16.2445
4,10,1,4,10,17.2598
4,11,2,4,3,11,15.3501
4,11,3,4,3,6,11,3.07002
5,6,2,5,10,6,15.2293
5,7,3,5,10,1,7,21.321
5,8,1,5,8,20.3057
5,9,3,5,0,2,9,14.359
5,9,4,5,10,1,2,9,14.359
5,10,1,5,10,15.0842
5,11,3,5,10,6,11,16.3896
6,7,2,6,11,7,24.5119
6,8,3,6,3,4,8,22.6022
6,8,3,6,10,4,8,4.52043
6,9,3,6,11,7,9,28.4279
6,10,1,6,10,27.9928
6,11,1,6,11,21.9011
7,8,4,7,11,3,4,8,15.3743
7,9,1,7,9,18.1301
7,10,2,7,1,10,18.7586
7,10,3,7,11,6,10,9.37929
7,11,1,7,11,28.1379
8,9,4,8,5,0,2,9,5.94666
8,9,5,8,4,3,11,7,9,5.94666
8,9,5,8,4,10,1,2,9,4.53454
8,10,2,8,4,10,21.8769
8,10,2,8,5,10,4.37539
8,11,3,8,4,3,11,27.9928
9,10,3,9,2,0,10,21.8769
9,10,3,9,7,1,10,0.628944
9,11,2,9,7,11,28.2829
10,11,2,10,6,11,20.4507
