switch_id,used_rules,usage
11,28,1.07692
10,48,1.84615
9,22,0.846154
8,20,0.769231
7,28,1.07692
6,27,1.03846
5,24,0.923077
4,34,1.30769
3,27,1.03846
2,30,1.15385
1,31,1.19231
0,28,1.07692
