switch_id,used_rules,usage
11,1,0.0384615
10,6,0.230769
9,1,0.0384615
8,1,0.0384615
7,1,0.0384615
6,2,0.0769231
5,1,0.0384615
4,3,0.115385
3,2,0.0769231
2,2,0.0769231
1,3,0.115385
0,2,0.0769231
