switch_id,used_rules,usage
11,0,0
10,6,0.230769
9,1,0.0384615
8,2,0.0769231
7,3,0.115385
6,2,0.0769231
5,3,0.115385
4,3,0.115385
3,1,0.0384615
2,1,0.0384615
1,3,0.115385
0,2,0.0769231
