switch_id,used_rules,usage
11,1,0.0384615
10,3,0.115385
9,1,0.0384615
8,0,0
7,3,0.115385
6,0,0
5,4,0.153846
4,2,0.0769231
3,3,0.115385
2,5,0.192308
1,3,0.115385
0,5,0.192308
