switch_id,used_rules,usage
11,4,0.153846
10,7,0.269231
9,3,0.115385
8,3,0.115385
7,2,0.0769231
6,5,0.192308
5,5,0.192308
4,3,0.115385
3,3,0.115385
2,3,0.115385
1,0,0
0,5,0.192308
