switch_id,used_rules,usage
11,5,0.192308
10,8,0.307692
9,5,0.192308
8,3,0.115385
7,4,0.153846
6,6,0.230769
5,3,0.115385
4,4,0.153846
3,5,0.192308
2,6,0.230769
1,5,0.192308
0,4,0.153846
