switch_id,used_rules,usage
11,3,0.115385
10,4,0.153846
9,3,0.115385
8,2,0.0769231
7,3,0.115385
6,2,0.0769231
5,5,0.192308
4,2,0.0769231
3,2,0.0769231
2,4,0.153846
1,3,0.115385
0,4,0.153846
