source,destination,length,path
0,1,2,0,10,1,2.06511
0,1,2,0,2,1,26.8465
0,2,1,0,2,23.4258
0,3,3,0,10,4,3,16.5844
0,3,3,0,10,6,3,9.21358
0,4,2,0,10,4,7.48736
0,4,3,0,5,8,4,7.48736
0,5,1,0,5,29.3564
0,6,2,0,10,6,23.4258
0,7,3,0,2,9,7,9.6372
0,7,3,0,2,1,7,15.4195
0,7,3,0,10,1,7,1.92744
0,8,2,0,5,8,22.8327
0,9,2,0,2,9,25.9463
0,10,1,0,10,16.7963
0,10,2,0,5,10,1.29202
0,11,3,0,10,6,11,7.24378
0,11,4,0,5,10,6,11,2.41459
0,11,5,0,5,10,4,3,11,1.2073
0,11,5,0,5,8,4,3,11,2.41459
0,11,4,0,10,4,3,11,3.62189
1,2,1,1,2,26.5394
1,3,3,1,7,11,3,2.47814
1,3,3,1,10,4,3,12.3907
1,3,3,1,10,6,3,2.47814
1,4,2,1,10,4,15.5678
1,5,2,1,10,5,23.5741
1,6,2,1,10,6,23.0657
1,6,3,1,7,11,6,6.29065
1,7,1,1,7,28.022
1,8,3,1,10,5,8,5.27398
1,8,4,1,2,0,5,8,19.3379
1,9,2,1,7,9,10.5268
1,9,2,1,2,9,10.5268
1,10,1,1,10,20.3122
1,11,2,1,7,11,24.1671
2,3,4,2,9,7,11,3,5.54933
2,3,4,2,0,10,6,3,2.77467
2,3,4,2,0,10,4,3,11.0987
2,4,3,2,1,10,4,1.68386
2,4,3,2,0,10,4,8.41931
2,4,4,2,0,5,10,4,6.73545
2,4,4,2,0,5,8,4,6.73545
2,5,2,2,0,5,24.3154
2,6,3,2,0,10,6,2.71112
2,6,3,2,1,10,6,14.9112
2,6,4,2,9,7,11,6,1.35556
2,7,2,2,9,7,28.9116
2,8,3,2,0,5,8,17.8976
2,8,4,2,0,10,4,8,1.37674
2,9,1,2,9,15.5678
2,10,2,2,1,10,10.9928
2,10,2,2,0,10,14.657
2,11,3,2,1,7,11,21.6149
2,11,3,2,9,7,11,1.66268
3,4,1,3,4,28.7633
3,5,3,3,4,8,5,1.32379
3,5,3,3,6,10,5,17.2093
3,6,1,3,6,16.3091
3,7,2,3,11,7,19.5709
3,8,2,3,4,8,23.5741
3,9,3,3,11,7,9,12.6978
3,9,4,3,6,11,7,9,3.46304
3,10,2,3,6,10,18.6813
3,11,1,3,11,14.8265
4,5,2,4,8,5,5.2528
4,5,2,4,10,5,13.132
4,6,2,4,3,6,15.716
4,7,3,4,3,11,7,17.2834
4,7,3,4,10,1,7,1.44028
4,7,4,4,3,6,11,7,1.44028
4,8,1,4,8,21.3501
4,9,4,4,10,1,2,9,10.675
4,9,4,4,10,1,7,9,8.89587
4,9,4,4,3,11,7,9,1.77917
4,9,5,4,3,6,11,7,9,3.55835
4,10,1,4,10,17.6435
4,11,2,4,3,11,16.1397
4,11,3,4,3,6,11,2.68994
5,6,2,5,10,6,15.5678
5,7,3,5,10,1,7,21.7949
5,8,1,5,8,20.757
5,9,3,5,0,2,9,8.38754
5,9,4,5,10,1,2,9,20.9688
5,10,1,5,10,15.4195
5,11,3,5,10,6,11,16.7539
6,7,2,6,11,7,25.0567
6,8,3,6,3,4,8,25.7451
6,8,3,6,10,5,8,1.98039
6,9,3,6,11,7,9,29.0599
6,10,1,6,10,28.6151
6,11,1,6,11,15.9914
6,11,2,6,3,11,6.39656
7,8,4,7,11,3,4,8,15.716
7,9,1,7,9,18.5331
7,10,2,7,1,10,10.2726
7,10,3,7,11,6,10,18.4907
7,11,1,7,11,28.7633
8,9,4,8,5,0,2,9,6.51305
8,9,5,8,4,3,11,7,9,1.30261
8,9,5,8,4,10,1,7,9,6.51305
8,9,5,8,4,10,1,2,9,3.90783
8,10,2,8,4,10,24.919
8,10,2,8,5,10,1.91685
8,11,3,8,4,3,11,28.6151
9,10,3,9,2,0,10,15.3348
9,10,3,9,7,1,10,11.5011
9,11,2,9,7,11,28.9116
10,11,2,10,6,11,19.4121
10,11,3,10,4,3,11,1.49324
