switch_id,used_rules,usage
11,2,0.0769231
10,3,0.115385
9,0,0
8,0,0
7,1,0.0384615
6,2,0.0769231
5,2,0.0769231
4,2,0.0769231
3,1,0.0384615
2,1,0.0384615
1,1,0.0384615
0,1,0.0384615
