switch_id,used_rules,usage
11,1,0.0384615
10,2,0.0769231
9,0,0
8,0,0
7,0,0
6,1,0.0384615
5,2,0.0769231
4,0,0
3,0,0
2,0,0
1,1,0.0384615
0,0,0
