switch_id,used_rules,usage
11,2,0.0769231
10,6,0.230769
9,0,0
8,0,0
7,1,0.0384615
6,4,0.153846
5,4,0.153846
4,4,0.153846
3,4,0.153846
2,0,0
1,1,0.0384615
0,2,0.0769231
