switch_id,used_rules,usage
11,25,0.961538
10,39,1.5
9,19,0.730769
8,18,0.692308
7,25,0.961538
6,23,0.884615
5,23,0.884615
4,28,1.07692
3,23,0.884615
2,27,1.03846
1,26,1
0,27,1.03846
