switch_id,used_rules,usage
11,0,0
10,4,0.153846
9,0,0
8,0,0
7,0,0
6,1,0.0384615
5,1,0.0384615
4,3,0.115385
3,0,0
2,1,0.0384615
1,2,0.0769231
0,0,0
