switch_id,used_rules,usage
11,27,1.03846
10,51,1.96154
9,24,0.923077
8,20,0.769231
7,30,1.15385
6,25,0.961538
5,30,1.15385
4,35,1.34615
3,28,1.07692
2,33,1.26923
1,33,1.26923
0,35,1.34615
