switch_id,used_rules,usage
11,2,0.0769231
10,5,0.192308
9,1,0.0384615
8,0,0
7,1,0.0384615
6,5,0.192308
5,1,0.0384615
4,0,0
3,2,0.0769231
2,1,0.0384615
1,1,0.0384615
0,2,0.0769231
