switch_id,used_rules,usage
11,25,0.961538
10,44,1.69231
9,22,0.846154
8,20,0.769231
7,30,1.15385
6,24,0.923077
5,25,0.961538
4,30,1.15385
3,23,0.884615
2,31,1.19231
1,31,1.19231
0,28,1.07692
