switch_id,used_rules,usage
11,27,1.03846
10,46,1.76923
9,20,0.769231
8,20,0.769231
7,26,1
6,26,1
5,27,1.03846
4,33,1.26923
3,28,1.07692
2,30,1.15385
1,29,1.11538
0,32,1.23077
