switch_id,used_rules,usage
11,4,0.153846
10,6,0.230769
9,1,0.0384615
8,3,0.115385
7,5,0.192308
6,4,0.153846
5,4,0.153846
4,3,0.115385
3,5,0.192308
2,4,0.153846
1,4,0.153846
0,2,0.0769231
