switch_id,used_rules,usage
11,0,0
10,3,0.115385
9,1,0.0384615
8,0,0
7,2,0.0769231
6,1,0.0384615
5,0,0
4,1,0.0384615
3,0,0
2,1,0.0384615
1,3,0.115385
0,0,0
