switch_id,used_rules,usage
11,6,0.230769
10,6,0.230769
9,3,0.115385
8,2,0.0769231
7,5,0.192308
6,2,0.0769231
5,1,0.0384615
4,5,0.192308
3,2,0.0769231
2,2,0.0769231
1,3,0.115385
0,2,0.0769231
