source,destination,length,path
0,1,2,0,10,1,2.21867
0,1,2,0,2,1,26.6241
0,2,1,0,2,23.37
0,3,3,0,10,4,3,17.8177
0,3,3,0,10,6,3,7.91896
0,4,2,0,10,4,6.89496
0,4,3,0,5,8,4,8.04412
0,5,1,0,5,29.2865
0,6,2,0,10,6,21.5723
0,6,3,0,5,10,6,1.7977
0,7,3,0,2,9,7,10.3538
0,7,3,0,2,1,7,14.4953
0,7,3,0,10,1,7,2.07076
0,8,2,0,5,8,22.7784
0,9,2,0,2,9,25.8845
0,10,1,0,10,16.6571
0,10,2,0,5,10,1.38809
0,11,3,0,10,6,11,9.0795
0,11,4,0,5,10,6,11,2.59414
0,11,4,0,10,4,3,11,2.59414
0,11,5,0,5,8,4,3,11,1.29707
0,11,5,0,5,10,6,3,11,1.29707
1,2,1,1,2,26.4762
1,3,3,1,7,11,3,1.52963
1,3,3,1,10,4,3,14.6433
1,4,2,1,10,4,15.5307
1,5,2,1,10,5,19.8998
1,5,3,1,2,0,5,3.61815
1,6,2,1,10,6,24.7809
1,6,3,1,7,11,6,4.50562
1,7,1,1,7,27.9553
1,8,3,1,10,5,8,7.55487
1,8,4,1,2,0,5,8,16.9985
1,9,2,1,7,9,9.6939
1,9,2,1,2,9,11.3096
1,10,1,1,10,20.2639
1,11,2,1,7,11,24.1096
2,3,4,2,9,7,11,3,3.20217
2,3,5,2,0,5,10,4,3,1.49049
2,3,4,2,0,10,4,3,11.924
2,4,3,2,1,10,4,1.80907
2,4,3,2,0,10,4,12.6635
2,4,4,2,0,5,8,4,5.42722
2,4,4,2,0,5,10,4,3.61815
2,5,2,2,0,5,24.2575
2,6,3,2,0,10,6,7.2818
2,6,3,2,1,10,6,10.1945
2,6,4,2,9,7,11,6,1.45636
2,7,2,2,9,7,26.6241
2,7,2,2,1,7,2.21867
2,8,3,2,0,5,8,19.2285
2,9,1,2,9,15.5307
2,10,2,2,1,10,17.7153
2,10,2,2,0,10,7.87345
2,11,3,2,1,7,11,21.4358
2,11,3,2,9,7,11,1.78632
3,4,1,3,4,28.6949
3,5,3,3,4,8,5,1.42223
3,5,3,3,6,10,5,17.0667
3,6,1,3,6,16.2703
3,7,2,3,11,7,19.5243
3,8,2,3,4,8,23.5179
3,9,3,3,11,7,9,14.8822
3,9,4,3,6,11,7,9,1.24018
3,10,2,3,6,10,18.6369
3,11,1,3,11,14.7912
4,5,2,4,8,5,5.6434
4,5,2,4,10,5,12.6976
4,6,2,4,3,6,15.6786
4,7,3,4,3,11,7,13.9264
4,7,3,4,10,1,7,6.18953
4,8,1,4,8,21.2993
4,9,4,4,10,1,2,9,9.55737
4,9,4,4,10,1,7,9,5.73442
4,9,4,4,3,11,7,9,5.73442
4,9,5,4,3,6,11,7,9,3.82295
4,10,1,4,10,17.6015
4,11,2,4,3,11,17.3398
4,11,3,4,3,6,11,1.44498
5,6,2,5,10,6,15.5307
5,7,3,5,10,1,7,21.743
5,8,1,5,8,20.7076
5,9,3,5,0,2,9,9.01123
5,9,4,5,10,1,2,9,18.0225
5,9,4,5,10,1,7,9,2.25281
5,10,1,5,10,15.3828
5,11,3,5,10,6,11,16.714
6,7,2,6,11,7,24.9971
6,8,3,6,3,4,8,25.5318
6,8,3,6,10,5,8,2.12765
6,9,3,6,11,7,9,28.9907
6,10,1,6,10,28.5469
6,11,1,6,11,17.1805
6,11,2,6,3,11,5.15415
7,8,4,7,11,3,4,8,15.6786
7,9,1,7,9,18.489
7,10,2,7,1,10,8.82919
7,10,3,7,11,6,10,19.8657
7,11,1,7,11,28.6949
8,9,4,8,5,0,2,9,6.99736
8,9,5,8,4,10,1,2,9,6.99736
8,9,5,8,4,3,11,7,9,1.39947
8,9,5,8,4,10,1,7,9,2.79894
8,10,2,8,4,10,26.772
8,11,3,8,4,3,11,28.5469
9,10,3,9,2,0,10,16.4751
9,10,3,9,7,1,10,5.51187
9,11,2,9,7,11,23.7456
10,11,2,10,6,11,20.8555
