switch_id,used_rules,usage
11,1,0.0384615
10,8,0.307692
9,2,0.0769231
8,2,0.0769231
7,2,0.0769231
6,4,0.153846
5,2,0.0769231
4,2,0.0769231
3,2,0.0769231
2,4,0.153846
1,4,0.153846
0,4,0.153846
