source,destination,length,path
0,1,2,0,10,1,4.06523
0,1,2,0,2,1,24.3914
0,2,1,0,2,23.0572
0,3,3,0,10,4,3,14.5098
0,3,3,0,10,6,3,10.8823
0,4,2,0,10,4,6.31675
0,4,3,0,5,8,4,8.42233
0,5,1,0,5,28.8944
0,6,2,0,10,6,23.0572
0,7,3,0,2,9,7,7.58843
0,7,3,0,2,1,7,15.1769
0,7,4,0,5,10,1,7,3.79422
0,8,2,0,5,8,22.4734
0,9,2,0,2,9,25.538
0,10,1,0,10,17.8036
0,11,3,0,10,6,11,9.50639
0,11,4,0,10,4,3,11,7.12979
1,2,1,1,2,26.1217
1,3,3,1,7,11,3,4.87828
1,3,3,1,10,4,3,9.75656
1,3,3,1,10,6,3,2.43914
1,4,2,1,10,4,15.3228
1,5,2,1,10,5,23.2031
1,6,2,1,10,6,20.6389
1,6,3,1,7,11,6,8.25555
1,7,1,1,7,27.581
1,8,3,1,10,5,8,6.92132
1,8,4,1,2,0,5,8,17.3033
1,9,2,1,7,9,8.88097
1,9,2,1,2,9,11.8413
1,10,1,1,10,19.9926
1,11,2,1,7,11,23.7868
2,3,4,2,9,7,11,3,5.462
2,3,4,2,0,10,4,3,10.924
2,3,4,2,0,10,6,3,2.731
2,4,3,2,1,10,4,3.31473
2,4,3,2,0,10,4,3.31473
2,4,4,2,0,5,10,4,13.2589
2,4,4,2,0,5,8,4,3.31473
2,5,2,2,0,5,23.9328
2,6,3,2,0,10,6,5.33692
2,6,4,2,9,7,11,6,5.33692
2,6,3,2,1,10,6,8.00538
2,7,2,2,9,7,20.3262
2,7,2,2,1,7,8.13046
2,8,3,2,0,5,8,18.9711
2,9,1,2,9,15.3228
2,10,2,2,1,10,14.4264
2,10,2,2,0,10,10.8198
2,11,3,2,1,7,11,13.0921
2,11,3,2,9,7,11,9.8191
3,4,1,3,4,28.3107
3,5,3,3,4,8,5,2.60592
3,5,3,3,6,10,5,15.6355
3,6,1,3,6,16.0525
3,7,2,3,11,7,19.2629
3,8,2,3,4,8,23.2031
3,9,3,3,11,7,9,15.9065
3,10,2,3,6,10,18.3874
3,11,1,3,11,14.5931
4,5,2,4,8,5,7.75521
4,5,2,4,10,5,10.3403
4,6,2,4,3,6,15.4687
4,7,3,4,3,11,7,19.8467
4,8,1,4,8,21.0141
4,9,4,4,10,1,2,9,7.00471
4,9,4,4,10,1,7,9,10.5071
4,9,4,4,3,11,7,9,3.50235
4,9,5,4,3,6,11,7,9,3.50235
4,10,1,4,10,17.3658
4,11,2,4,3,11,15.8857
4,11,3,4,3,6,11,2.64761
5,6,2,5,10,6,15.3228
5,7,3,5,10,1,7,21.4519
5,8,1,5,8,20.4304
5,9,3,5,0,2,9,12.3833
5,9,4,5,10,1,2,9,16.5111
5,10,1,5,10,15.1769
5,11,3,5,10,6,11,16.4902
6,7,2,6,11,7,24.6624
6,8,3,6,3,4,8,23.3907
6,8,3,6,10,5,8,3.89845
6,9,3,6,11,7,9,28.6026
6,10,1,6,10,28.1648
6,11,1,6,11,22.0356
7,8,4,7,11,3,4,8,15.4687
7,9,1,7,9,18.2414
7,10,2,7,1,10,16.1775
7,10,3,7,11,6,10,12.1332
7,11,1,7,11,28.3107
8,9,4,8,5,0,2,9,10.2569
8,9,5,8,4,10,1,7,9,5.12845
8,9,5,8,4,10,1,2,9,2.56422
8,10,2,8,4,10,26.4136
8,11,3,8,4,3,11,28.1648
9,10,3,9,2,0,10,15.0935
9,10,3,9,2,1,10,3.77337
9,10,3,9,7,1,10,7.54674
9,11,2,9,7,11,28.4566
10,11,2,10,6,11,20.5763
