switch_id,used_rules,usage
11,2,0.0769231
10,4,0.153846
9,2,0.0769231
8,2,0.0769231
7,2,0.0769231
6,1,0.0384615
5,2,0.0769231
4,2,0.0769231
3,0,0
2,4,0.153846
1,4,0.153846
0,3,0.115385
