source,destination,length,path
0,1,2,0,10,1,3.18124
0,1,2,0,2,1,25.45
0,2,1,0,2,23.1986
0,3,3,0,10,4,3,14.1932
0,3,3,0,10,6,3,11.3546
0,4,2,0,10,4,11.534
0,4,3,0,5,8,4,3.29544
0,5,1,0,5,29.0717
0,6,2,0,10,6,23.1986
0,7,3,0,2,9,7,14.8458
0,7,3,0,2,1,7,11.8766
0,8,2,0,5,8,22.6113
0,9,2,0,2,9,25.6947
0,10,1,0,10,17.9129
0,11,3,0,10,6,11,5.57941
0,11,4,0,5,10,6,11,5.57941
0,11,5,0,5,10,4,3,11,3.71961
0,11,4,0,10,4,3,11,1.8598
1,2,1,1,2,26.282
1,3,3,1,7,11,3,4.38569
1,3,3,1,10,4,3,11.4525
1,4,2,1,10,4,15.4168
1,5,2,1,10,5,20.7515
1,5,3,1,2,0,5,2.59394
1,6,2,1,10,6,22.6113
1,6,3,1,7,11,6,6.46037
1,7,1,1,7,27.7502
1,8,3,1,10,5,8,10.8325
1,8,4,1,2,0,5,8,13.5407
1,9,2,1,7,9,11.583
1,9,2,1,2,9,9.26639
1,10,1,1,10,20.1153
1,11,2,1,7,11,23.9327
2,3,4,2,9,7,11,3,0
2,3,4,2,0,10,4,3,12.8229
2,3,4,2,0,10,6,3,4.27429
2,4,3,2,1,10,4,2.59394
2,4,4,2,0,5,8,4,12.9697
2,4,3,2,0,10,4,5.18787
2,4,4,2,0,5,10,4,2.59394
2,5,2,2,0,5,24.0796
2,6,3,2,0,10,6,4.1764
2,6,4,2,9,7,11,6,5.17085
2,6,3,2,1,10,6,6.2646
2,7,2,2,1,7,9.54373
2,7,2,2,9,7,19.0875
2,8,3,2,0,5,8,19.0875
2,9,1,2,9,15.4168
2,10,2,2,1,10,19.7563
2,10,2,2,0,10,5.64467
2,11,3,2,9,7,11,7.68393
2,11,3,2,1,7,11,15.3679
3,4,1,3,4,28.4844
3,5,3,3,4,8,5,2.03926
3,5,3,3,6,10,5,16.3141
3,6,1,3,6,16.1509
3,7,2,3,11,7,19.3811
3,8,2,3,4,8,23.3454
3,9,3,3,11,7,9,16.0041
3,10,2,3,6,10,18.5002
3,11,1,3,11,14.6827
4,5,2,4,10,5,12.1377
4,5,2,4,8,5,6.06883
4,6,2,4,3,6,15.5636
4,7,3,4,3,11,7,17.7497
4,7,3,4,10,1,7,2.21871
4,8,1,4,8,21.143
4,9,4,4,10,1,2,9,10.9631
4,9,4,4,10,1,7,9,8.22229
4,9,4,4,3,11,7,9,5.48153
4,10,1,4,10,17.4724
4,11,2,4,3,11,14.5032
4,11,3,4,3,6,11,4.14377
5,6,2,5,10,6,15.4168
5,7,3,5,10,1,7,21.5835
5,8,1,5,8,20.5557
5,9,3,5,0,2,9,12.9207
5,9,4,5,10,1,2,9,12.9207
5,9,4,5,10,1,7,9,3.23019
5,10,1,5,10,15.27
5,11,3,5,10,6,11,16.5914
6,7,2,6,11,7,24.8137
6,8,3,6,3,4,8,24.4059
6,8,3,6,10,4,8,3.05073
6,9,3,6,11,7,9,28.778
6,10,1,6,10,28.3375
6,11,1,6,11,19.7074
6,11,2,6,3,11,2.46342
7,8,4,7,11,3,4,8,15.5636
7,9,1,7,9,18.3533
7,10,2,7,1,10,15.8247
7,10,3,7,11,6,10,12.6597
7,11,1,7,11,28.4844
8,9,4,8,5,0,2,9,4.01326
8,9,5,8,5,10,1,2,9,2.00663
8,9,5,8,4,3,11,7,9,2.00663
8,9,5,8,4,10,1,2,9,6.01989
8,9,5,8,4,10,1,7,9,0.578354
8,10,2,8,4,10,23.6228
8,10,2,8,5,10,2.95285
8,11,3,8,4,3,11,28.3375
9,10,3,9,2,0,10,20.6699
9,10,3,9,7,1,10,1.11392
9,11,2,9,7,11,28.6312
10,11,2,10,6,11,20.7026
