switch_id,used_rules,usage
11,3,0.115385
10,5,0.192308
9,2,0.0769231
8,3,0.115385
7,2,0.0769231
6,1,0.0384615
5,2,0.0769231
4,4,0.153846
3,4,0.153846
2,3,0.115385
1,2,0.0769231
0,3,0.115385
