switch_id,used_rules,usage
11,27,1.03846
10,46,1.76923
9,24,0.923077
8,19,0.730769
7,30,1.15385
6,24,0.923077
5,25,0.961538
4,31,1.19231
3,26,1
2,33,1.26923
1,32,1.23077
0,30,1.15385
