switch_id,used_rules,usage
11,2,0.0769231
10,4,0.153846
9,2,0.0769231
8,2,0.0769231
7,1,0.0384615
6,3,0.115385
5,4,0.153846
4,2,0.0769231
3,3,0.115385
2,2,0.0769231
1,1,0.0384615
0,4,0.153846
