switch_id,used_rules,usage
11,7,0.269231
10,7,0.269231
9,2,0.0769231
8,3,0.115385
7,5,0.192308
6,5,0.192308
5,4,0.153846
4,3,0.115385
3,6,0.230769
2,4,0.153846
1,5,0.192308
0,5,0.192308
