source,destination,length,path
0,1,2,0,10,1,3.55923
0,1,2,0,2,1,24.9146
0,2,1,0,2,23.0711
0,3,3,0,10,4,3,12.7037
0,3,3,0,10,6,3,12.7037
0,4,2,0,10,4,11.061
0,4,3,0,5,8,4,3.687
0,5,1,0,5,28.9119
0,6,2,0,10,6,23.0711
0,7,3,0,2,9,7,9.96585
0,7,3,0,2,1,7,16.6098
0,8,2,0,5,8,22.487
0,9,2,0,2,9,25.5535
0,10,1,0,10,15.5876
0,10,2,0,5,10,2.2268
0,11,3,0,10,6,11,10.4039
0,11,4,0,5,10,6,11,2.08078
0,11,4,0,10,4,3,11,2.08078
0,11,5,0,5,10,4,3,11,2.08078
1,2,1,1,2,26.1375
1,3,3,1,7,11,3,6.40662
1,3,3,1,10,4,3,10.6777
1,4,2,1,10,4,15.3321
1,5,2,1,10,5,23.2171
1,6,2,1,10,6,21.6839
1,6,3,1,7,11,6,7.22798
1,7,1,1,7,27.5977
1,8,3,1,10,5,8,9.08973
1,8,4,1,2,0,5,8,15.1496
1,9,2,1,7,9,5.1837
1,9,2,1,2,9,15.5511
1,10,1,1,10,20.0047
1,11,2,1,7,11,23.8012
2,3,4,2,9,7,11,3,2.39107
2,3,4,2,0,10,4,3,11.9554
2,3,5,2,0,5,10,6,3,2.39107
2,3,5,2,0,5,8,4,3,2.39107
2,4,3,2,1,10,4,2.90214
2,4,4,2,0,5,8,4,8.70643
2,4,3,2,0,10,4,8.70643
2,4,4,2,0,5,10,4,2.90214
2,5,2,2,0,5,23.9472
2,6,3,2,0,10,6,4.67263
2,6,4,2,9,7,11,6,9.34527
2,6,3,2,1,10,6,4.67263
2,7,2,2,1,7,7.11846
2,7,2,2,9,7,21.3554
2,8,3,2,0,5,8,18.9826
2,9,1,2,9,15.3321
2,10,2,2,1,10,12.6307
2,10,2,2,0,10,12.6307
2,11,3,2,9,7,11,5.73128
2,11,3,2,1,7,11,17.1938
3,4,1,3,4,28.3278
3,5,3,3,4,8,5,2.28156
3,5,3,3,6,10,5,15.9709
3,6,1,3,6,16.0622
3,7,2,3,11,7,19.2746
3,8,2,3,4,8,23.2171
3,9,3,3,11,7,9,15.9162
3,10,2,3,6,10,18.3985
3,11,1,3,11,14.602
4,5,2,4,10,5,13.5798
4,5,2,4,8,5,4.52661
4,6,2,4,3,6,15.4781
4,7,3,4,3,11,7,14.894
4,7,3,4,10,1,7,4.96467
4,8,1,4,8,21.0268
4,9,4,4,10,1,2,9,12.2657
4,9,4,4,10,1,7,9,9.19925
4,9,4,4,3,11,7,9,3.06642
4,10,1,4,10,17.3764
4,11,2,4,3,11,16.2264
4,11,3,4,3,6,11,2.31806
5,6,2,5,10,6,15.3321
5,7,3,5,10,1,7,21.4649
5,8,1,5,8,20.4428
5,9,3,5,0,2,9,14.456
5,9,4,5,10,1,2,9,10.842
5,9,4,5,10,1,7,9,3.61399
5,10,1,5,10,15.1861
5,11,3,5,10,6,11,16.5002
6,7,2,6,11,7,24.6773
6,8,3,6,3,4,8,23.8925
6,8,3,6,10,4,8,3.41321
6,9,3,6,11,7,9,28.6199
6,10,1,6,10,28.1818
6,11,1,6,11,22.049
7,8,4,7,11,3,4,8,15.4781
7,9,1,7,9,18.2525
7,10,2,7,1,10,17.7049
7,10,3,7,11,6,10,10.6229
7,11,1,7,11,28.3278
8,9,4,8,5,0,2,9,4.49011
8,9,5,8,5,10,1,2,9,2.24505
8,9,5,8,4,3,11,7,9,6.73516
8,9,5,8,4,10,1,7,9,2.24505
8,9,5,8,4,10,1,2,9,2.24505
8,10,2,8,4,10,23.1259
8,10,2,8,5,10,3.3037
8,11,3,8,4,3,11,28.1818
9,10,3,9,2,0,10,13.2148
9,10,3,9,7,1,10,9.91109
9,10,3,9,2,1,10,3.3037
9,11,2,9,7,11,28.4739
10,11,2,10,6,11,20.5888
