source,destination,length,path
0,1,2,0,10,1,2.06554
0,1,2,0,2,1,26.852
0,2,1,0,2,23.4306
0,3,3,0,10,4,3,14.7448
0,3,3,0,10,6,3,11.0586
0,4,2,0,10,4,6.41905
0,4,3,0,5,8,4,7.48889
0,4,3,0,5,10,4,1.06984
0,5,1,0,5,29.3624
0,6,2,0,10,6,23.4306
0,7,3,0,2,9,7,11.567
0,7,3,0,2,1,7,13.4948
0,7,4,0,5,10,1,7,1.92783
0,8,2,0,5,8,22.8374
0,9,2,0,2,9,25.9516
0,10,1,0,10,18.092
0,11,3,0,10,6,11,7.24527
0,11,4,0,5,10,6,11,2.41509
0,11,5,0,5,10,4,3,11,3.62263
0,11,5,0,5,8,4,3,11,2.41509
0,11,4,0,10,4,3,11,1.20754
1,2,1,1,2,26.5448
1,3,3,1,7,11,3,2.47864
1,3,3,1,10,4,3,12.3932
1,3,3,1,10,6,3,2.47864
1,4,2,1,10,4,15.571
1,5,2,1,10,5,23.5789
1,6,2,1,10,6,23.0705
1,6,3,1,7,11,6,6.29194
1,7,1,1,7,28.0277
1,8,3,1,10,5,8,7.03342
1,8,4,1,2,0,5,8,17.5835
1,9,2,1,7,9,10.5289
1,9,2,1,2,9,10.5289
1,10,1,1,10,20.3164
1,11,2,1,7,11,24.1721
2,3,4,2,9,7,11,3,4.16285
2,3,4,2,0,10,4,3,15.2638
2,4,3,2,1,10,4,3.36841
2,4,3,2,0,10,4,10.1052
2,4,4,2,0,5,10,4,5.05262
2,4,4,2,0,5,8,4,5.05262
2,5,2,2,0,5,24.3204
2,6,3,2,0,10,6,2.71168
2,6,3,2,1,10,6,13.5584
2,6,4,2,9,7,11,6,2.71168
2,7,2,2,9,7,26.852
2,7,2,2,1,7,2.06554
2,8,3,2,0,5,8,19.2783
2,9,1,2,9,15.571
2,10,2,2,1,10,9.16251
2,10,2,2,0,10,16.4925
2,11,3,2,1,7,11,21.6193
2,11,3,2,9,7,11,1.66302
3,4,1,3,4,28.7692
3,5,3,3,4,8,5,1.32406
3,5,3,3,6,10,5,17.2128
3,6,1,3,6,16.3124
3,7,2,3,11,7,19.5749
3,8,2,3,4,8,23.5789
3,9,3,3,11,7,9,16.1641
3,10,2,3,6,10,18.6852
3,11,1,3,11,13.7702
3,11,2,3,6,11,1.05925
4,5,2,4,8,5,6.56735
4,5,2,4,10,5,11.8212
4,6,2,4,3,6,15.7193
4,7,3,4,3,11,7,18.7275
4,7,3,4,10,1,7,1.44058
4,8,1,4,8,21.3545
4,9,4,4,10,1,2,9,12.4568
4,9,4,4,10,1,7,9,5.33862
4,9,4,4,3,11,7,9,3.55908
4,9,5,4,3,6,11,7,9,3.55908
4,10,1,4,10,17.6471
4,11,2,4,3,11,13.4525
4,11,3,4,3,6,11,5.38099
5,6,2,5,10,6,15.571
5,7,3,5,10,1,7,21.7994
5,8,1,5,8,20.7613
5,9,3,5,0,2,9,8.38926
5,9,4,5,10,1,7,9,6.29194
5,9,4,5,10,1,2,9,14.6812
5,10,1,5,10,15.4227
5,11,3,5,10,6,11,16.7573
6,7,2,6,11,7,25.0618
6,8,3,6,3,4,8,25.7504
6,8,3,6,10,5,8,1.9808
6,9,3,6,11,7,9,29.0658
6,10,1,6,10,28.6209
6,11,1,6,11,15.9947
6,11,2,6,3,11,6.39787
7,8,4,7,11,3,4,8,15.7193
7,9,1,7,9,18.5369
7,10,2,7,1,10,10.2747
7,10,3,7,11,6,10,18.4945
7,11,1,7,11,28.7692
8,9,4,8,5,0,2,9,6.51439
8,9,5,8,4,10,1,2,9,7.81726
8,9,5,8,4,10,1,7,9,3.90863
8,10,2,8,4,10,26.8414
8,11,3,8,4,3,11,28.6209
9,10,3,9,2,0,10,15.3379
9,10,3,9,7,1,10,11.5035
9,11,2,9,7,11,28.9175
10,11,2,10,6,11,20.9096
