switch_id,used_rules,usage
11,29,1.11538
10,47,1.80769
9,23,0.884615
8,21,0.807692
7,30,1.15385
6,25,0.961538
5,27,1.03846
4,36,1.38462
3,27,1.03846
2,34,1.30769
1,30,1.15385
0,32,1.23077
