switch_id,used_rules,usage
11,30,1.15385
10,50,1.92308
9,25,0.961538
8,21,0.807692
7,32,1.23077
6,27,1.03846
5,30,1.15385
4,35,1.34615
3,28,1.07692
2,34,1.30769
1,33,1.26923
0,35,1.34615
