switch_id,used_rules,usage
11,3,0.115385
10,5,0.192308
9,3,0.115385
8,1,0.0384615
7,1,0.0384615
6,4,0.153846
5,4,0.153846
4,2,0.0769231
3,1,0.0384615
2,4,0.153846
1,2,0.0769231
0,3,0.115385
