source,destination,length,path
0,1,2,0,10,1,6.95307
0,1,2,0,2,1,20.8592
0,2,1,0,2,22.5351
0,3,3,0,10,4,3,12.4086
0,3,3,0,10,6,3,12.4086
0,4,2,0,10,4,7.20267
0,4,3,0,5,8,4,3.60133
0,4,3,0,5,10,4,3.60133
0,5,1,0,5,28.2402
0,6,2,0,10,6,22.5351
0,7,3,0,2,9,7,12.9791
0,7,3,0,2,1,7,12.9791
0,8,2,0,5,8,21.9646
0,9,2,0,2,9,24.9597
0,10,1,0,10,13.0504
0,10,2,0,5,10,4.35013
0,11,3,0,10,6,11,8.12974
0,11,4,0,5,10,6,11,4.06487
0,11,4,0,10,4,3,11,4.06487
1,2,1,1,2,25.5303
1,3,3,1,7,11,3,8.34369
1,3,3,1,10,4,3,8.34369
1,4,2,1,10,4,14.9758
1,5,2,1,10,5,22.6777
1,6,2,1,10,6,7.06004
1,6,3,1,7,11,6,21.1801
1,7,1,1,7,26.9565
1,8,3,1,10,5,8,11.838
1,8,4,1,2,0,5,8,11.838
1,9,2,1,7,9,10.1265
1,9,2,1,2,9,10.1265
1,10,1,1,10,19.5399
1,11,2,1,7,11,23.2482
2,3,4,2,9,7,11,3,4.67104
2,3,5,2,0,5,8,4,3,4.67104
2,3,4,2,0,10,6,3,9.34207
2,4,3,2,1,10,4,5.66943
2,4,3,2,0,10,4,11.3389
2,4,4,2,0,5,8,4,5.66943
2,5,2,2,0,5,23.3908
2,6,3,2,0,10,6,4.56407
2,6,3,2,1,10,6,9.12813
2,6,4,2,9,7,11,6,4.56407
2,7,2,2,9,7,27.8123
2,8,3,2,0,5,8,18.5415
2,9,1,2,9,14.9758
2,10,2,2,1,10,18.5059
2,10,2,2,0,10,6.16862
2,11,3,2,1,7,11,16.7943
2,11,3,2,9,7,11,5.59811
3,4,1,3,4,27.6697
3,5,3,3,4,8,5,4.4571
3,5,3,3,6,10,5,13.3713
3,6,1,3,6,15.689
3,7,2,3,11,7,18.8268
3,8,2,3,4,8,22.6777
3,9,3,3,11,7,9,15.5464
3,10,2,3,6,10,17.971
3,11,1,3,11,14.2627
4,5,2,4,10,5,13.2643
4,5,2,4,8,5,4.42144
4,6,2,4,3,6,15.1185
4,7,3,4,3,11,7,19.3973
4,8,1,4,8,20.5383
4,9,4,4,10,1,2,9,11.9807
4,9,4,4,10,1,7,9,11.9807
4,10,1,4,10,16.9726
4,11,2,4,3,11,13.5852
4,11,3,4,3,6,11,4.52841
5,6,2,5,10,6,14.9758
5,7,3,5,10,1,7,20.9662
5,8,1,5,8,19.9678
5,9,3,5,0,2,9,14.1201
5,9,4,5,10,1,2,9,14.1201
5,10,1,5,10,14.8332
5,11,3,5,10,6,11,16.1169
6,7,2,6,11,7,24.104
6,8,3,6,3,4,8,20.0035
6,8,3,6,10,4,8,6.66782
6,9,3,6,11,7,9,27.9549
6,10,1,6,10,27.527
6,11,1,6,11,21.5367
7,8,4,7,11,3,4,8,15.1185
7,9,1,7,9,17.8284
7,10,2,7,1,10,27.6697
7,11,1,7,11,27.6697
8,9,4,8,5,0,2,9,4.29721
8,9,5,8,4,3,11,7,9,8.77157
8,10,2,8,4,10,25.8155
8,11,3,8,4,3,11,27.527
9,10,3,9,2,0,10,19.3616
9,10,3,9,7,1,10,6.45388
9,11,2,9,7,11,27.8123
10,11,2,10,6,11,20.1104
