switch_id,used_rules,usage
11,1,0.0384615
10,4,0.153846
9,2,0.0769231
8,2,0.0769231
7,2,0.0769231
6,1,0.0384615
5,3,0.115385
4,4,0.153846
3,2,0.0769231
2,1,0.0384615
1,1,0.0384615
0,2,0.0769231
