source,destination,length,path
0,1,2,0,10,1,6.40089
0,1,2,0,2,1,22.4031
0,2,1,0,2,23.3386
0,3,3,0,10,4,3,14.2789
0,3,3,0,10,6,3,8.56734
0,3,4,0,5,10,6,3,2.85578
0,4,2,0,10,4,8.28833
0,4,3,0,5,8,4,6.63066
0,5,1,0,5,29.2471
0,6,2,0,10,6,23.3386
0,7,3,0,2,9,7,5.97416
0,7,3,0,2,1,7,20.9096
0,8,2,0,5,8,22.7478
0,9,2,0,2,9,25.8497
0,10,1,0,10,18.021
0,11,3,0,10,6,11,7.48412
0,11,4,0,5,10,6,11,3.74206
0,11,5,0,5,10,4,3,11,3.74206
0,11,4,0,10,4,3,11,1.87103
1,2,1,1,2,26.4406
1,3,3,1,7,11,3,3.84053
1,3,3,1,10,4,3,11.5216
1,3,3,1,10,6,3,1.92027
1,4,2,1,10,4,15.5098
1,5,2,1,10,5,23.4863
1,6,2,1,10,6,19.4981
1,6,3,1,7,11,6,9.74905
1,7,1,1,7,27.9177
1,8,3,1,10,5,8,5.44896
1,8,3,1,10,4,8,2.72448
1,8,4,1,2,0,5,8,16.3469
1,9,2,1,7,9,6.99174
1,9,2,1,2,9,13.9835
1,10,1,1,10,20.2367
1,11,2,1,7,11,24.0772
2,3,4,2,9,7,11,3,0.529045
2,3,5,2,0,5,8,4,3,2.15004
2,3,4,2,0,10,4,3,10.7502
2,3,5,2,0,5,10,6,3,2.15004
2,4,3,2,1,10,4,2.60959
2,4,3,2,0,10,4,13.048
2,4,4,2,0,5,8,4,7.82878
2,5,2,2,0,5,24.2249
2,6,3,2,0,10,6,4.20161
2,6,4,2,9,7,11,6,4.20161
2,6,3,2,1,10,6,10.504
2,7,2,2,9,7,28.804
2,8,3,2,0,5,8,19.2027
2,9,1,2,9,15.5098
2,10,2,2,1,10,14.1968
2,10,2,2,0,10,11.3575
2,11,3,2,1,7,11,20.6141
2,11,3,2,9,7,11,2.57677
3,4,1,3,4,28.6563
3,5,3,3,4,8,5,2.05157
3,5,3,3,6,10,5,16.4125
3,6,1,3,6,16.2484
3,7,2,3,11,7,19.4981
3,8,2,3,4,8,23.4863
3,9,3,3,11,7,9,16.1007
3,10,2,3,6,10,18.6118
3,11,1,3,11,14.7713
4,5,2,4,8,5,4.07031
4,5,2,4,10,5,14.2461
4,6,2,4,3,6,15.6576
4,7,3,4,3,11,7,17.8568
4,7,4,4,3,6,11,7,2.23211
4,8,1,4,8,21.2706
4,9,4,4,10,1,2,9,5.51461
4,9,4,4,10,1,7,9,13.7865
4,9,4,4,3,11,7,9,2.75731
4,9,5,4,3,6,11,7,9,2.75731
4,10,1,4,10,17.5778
4,11,2,4,3,11,18.7595
5,6,2,5,10,6,15.5098
5,7,3,5,10,1,7,21.7138
5,8,1,5,8,20.6798
5,9,3,5,0,2,9,9.74905
5,9,4,5,10,1,2,9,19.4981
5,10,1,5,10,15.3621
5,11,3,5,10,6,11,16.6916
6,7,2,6,11,7,24.9635
6,8,3,6,3,4,8,24.5532
6,8,3,6,10,5,8,3.06914
6,9,3,6,11,7,9,28.9517
6,10,1,6,10,28.5086
6,11,1,6,11,19.8263
6,11,2,6,3,11,2.47829
7,8,4,7,11,3,4,8,15.6576
7,9,1,7,9,18.4641
7,10,2,7,1,10,19.1042
7,10,3,7,11,6,10,9.5521
7,11,1,7,11,28.6563
8,9,4,8,5,0,2,9,10.0937
8,9,5,8,4,10,1,2,9,6.05623
8,9,5,8,4,3,11,7,9,2.01874
8,10,2,8,4,10,26.736
8,11,3,8,4,3,11,28.5086
9,10,3,9,2,0,10,17.824
9,10,3,9,7,1,10,3.44383
9,10,4,9,7,11,6,10,2.97067
9,11,2,9,7,11,26.8117
10,11,2,10,6,11,20.8275
