switch_id,used_rules,usage
11,1,0.0384615
10,6,0.230769
9,0,0
8,1,0.0384615
7,1,0.0384615
6,5,0.192308
5,3,0.115385
4,1,0.0384615
3,2,0.0769231
2,1,0.0384615
1,3,0.115385
0,0,0
