switch_id,used_rules,usage
11,40,1.53846
10,61,2.34615
9,28,1.07692
8,28,1.07692
7,36,1.38462
6,36,1.38462
5,35,1.34615
4,47,1.80769
3,42,1.61538
2,39,1.5
1,37,1.42308
0,42,1.61538
