switch_id,used_rules,usage
11,2,0.0769231
10,4,0.153846
9,2,0.0769231
8,1,0.0384615
7,2,0.0769231
6,2,0.0769231
5,2,0.0769231
4,2,0.0769231
3,2,0.0769231
2,3,0.115385
1,3,0.115385
0,3,0.115385
