switch_id,used_rules,usage
11,1,0.0384615
10,2,0.0769231
9,0,0
8,2,0.0769231
7,1,0.0384615
6,2,0.0769231
5,3,0.115385
4,0,0
3,0,0
2,0,0
1,0,0
0,0,0
