switch_id,used_rules,usage
11,4,0.153846
10,5,0.192308
9,1,0.0384615
8,3,0.115385
7,3,0.115385
6,5,0.192308
5,3,0.115385
4,4,0.153846
3,5,0.192308
2,3,0.115385
1,2,0.0769231
0,4,0.153846
