switch_id,used_rules,usage
11,0,0
10,7,0.269231
9,2,0.0769231
8,1,0.0384615
7,1,0.0384615
6,4,0.153846
5,1,0.0384615
4,6,0.230769
3,5,0.192308
2,6,0.230769
1,5,0.192308
0,3,0.115385
