switch_id,used_rules,usage
11,2,0.0769231
10,3,0.115385
9,0,0
8,1,0.0384615
7,0,0
6,1,0.0384615
5,2,0.0769231
4,3,0.115385
3,3,0.115385
2,1,0.0384615
1,2,0.0769231
0,2,0.0769231
