source,destination,length,path
0,1,2,0,10,1,6.94987
0,1,2,0,2,1,20.8496
0,2,1,0,2,22.5247
0,3,3,0,10,4,3,12.4029
0,3,3,0,10,6,3,12.4029
0,4,2,0,10,4,7.19936
0,4,3,0,5,8,4,3.59968
0,4,3,0,5,10,4,3.59968
0,5,1,0,5,28.2272
0,6,2,0,10,6,22.5247
0,7,3,0,2,9,7,12.9731
0,7,3,0,2,1,7,12.9731
0,8,2,0,5,8,21.9545
0,9,2,0,2,9,24.9483
0,10,1,0,10,13.0444
0,10,2,0,5,10,4.34813
0,11,3,0,10,6,11,8.12601
0,11,4,0,5,10,6,11,4.063
0,11,5,0,5,10,4,3,11,4.063
1,2,1,1,2,25.5185
1,3,3,1,7,11,3,8.33985
1,3,3,1,10,4,3,8.33985
1,4,2,1,10,4,14.969
1,5,2,1,10,5,22.6673
1,6,2,1,10,6,7.05679
1,6,3,1,7,11,6,21.1704
1,7,1,1,7,26.9441
1,8,3,1,10,5,8,17.7489
1,8,4,1,2,0,5,8,5.9163
1,9,2,1,7,9,10.1219
1,9,2,1,2,9,10.1219
1,10,1,1,10,19.5309
1,11,2,1,7,11,23.2375
2,3,4,2,9,7,11,3,4.66889
2,3,5,2,0,5,8,4,3,4.66889
2,3,4,2,0,10,6,3,9.33778
2,4,3,2,1,10,4,5.66682
2,4,3,2,0,10,4,11.3336
2,4,4,2,0,5,8,4,5.66682
2,5,2,2,0,5,23.3801
2,6,3,2,0,10,6,9.12394
2,6,3,2,1,10,6,4.56197
2,6,4,2,9,7,11,6,4.56197
2,7,2,2,9,7,27.7995
2,8,3,2,0,5,8,18.533
2,9,1,2,9,14.969
2,10,2,2,1,10,18.4974
2,10,2,2,0,10,6.16579
2,11,3,2,1,7,11,22.3822
3,4,1,3,4,27.6569
3,5,3,3,4,8,5,4.45505
3,5,3,3,6,10,5,13.3651
3,6,1,3,6,15.6818
3,7,2,3,11,7,18.8181
3,8,2,3,4,8,22.6673
3,9,3,3,11,7,9,15.5392
3,10,2,3,6,10,17.9628
3,11,1,3,11,14.2562
4,5,2,4,10,5,8.83881
4,5,2,4,8,5,8.83881
4,6,2,4,3,6,15.1115
4,7,3,4,3,11,7,19.3884
4,8,1,4,8,20.5289
4,9,4,4,10,1,2,9,17.9628
4,9,4,4,10,1,7,9,5.98758
4,10,1,4,10,16.9648
4,11,2,4,3,11,13.579
4,11,3,4,3,6,11,4.52633
5,6,2,5,10,6,14.969
5,7,3,5,10,1,7,20.9565
5,8,1,5,8,19.9586
5,9,3,5,0,2,9,14.1136
5,9,4,5,10,1,2,9,14.1136
5,10,1,5,10,14.8264
5,11,3,5,10,6,11,16.1095
6,7,2,6,11,7,24.0929
6,8,3,6,3,4,8,19.9943
6,8,3,6,10,4,8,6.66475
6,9,3,6,11,7,9,27.9421
6,10,1,6,10,27.5144
6,11,1,6,11,21.5268
7,8,4,7,11,3,4,8,15.1115
7,9,1,7,9,17.8202
7,10,2,7,1,10,27.6569
7,11,1,7,11,27.6569
8,9,4,8,5,0,2,9,8.76753
8,9,5,8,4,3,11,7,9,8.76753
8,10,2,8,4,10,25.8036
8,11,3,8,4,3,11,27.5144
9,10,3,9,2,0,10,19.3527
9,10,3,9,7,1,10,6.45091
9,11,2,9,7,11,27.7995
10,11,2,10,6,11,20.1012
