switch_id,used_rules,usage
11,3,0.115385
10,4,0.153846
9,2,0.0769231
8,3,0.115385
7,1,0.0384615
6,1,0.0384615
5,3,0.115385
4,4,0.153846
3,3,0.115385
2,3,0.115385
1,2,0.0769231
0,2,0.0769231
