source,destination,length,path
0,1,2,0,10,1,6.91489
0,1,2,0,2,1,20.7447
0,2,1,0,2,22.4113
0,3,3,0,10,4,3,12.3404
0,3,3,0,10,6,3,12.3404
0,4,2,0,10,4,7.16312
0,4,3,0,5,8,4,7.16312
0,5,1,0,5,28.0851
0,6,2,0,10,6,22.4113
0,7,3,0,2,9,7,12.9078
0,7,3,0,2,1,7,12.9078
0,8,2,0,5,8,21.844
0,9,2,0,2,9,24.8227
0,10,1,0,10,17.305
0,11,3,0,10,6,11,4.04255
0,11,4,0,5,10,6,11,4.04255
0,11,5,0,5,10,4,3,11,8.08511
1,2,1,1,2,25.3901
1,3,3,1,7,11,3,7.78647
1,3,3,1,10,4,3,4.14894
1,3,3,1,10,6,3,4.14894
1,4,2,1,10,4,14.8936
1,5,2,1,10,5,22.5532
1,6,2,1,10,6,7.02128
1,6,3,1,7,11,6,21.0638
1,7,1,1,7,26.8085
1,8,3,1,10,5,8,11.773
1,8,3,1,10,4,8,5.88652
1,8,4,1,2,0,5,8,5.88652
1,9,2,1,7,9,5.03546
1,9,2,1,2,9,15.1064
1,10,1,1,10,19.4326
1,11,2,1,7,11,23.1206
2,3,4,2,9,7,11,3,4.64539
2,3,4,2,0,10,4,3,9.29078
2,3,4,2,0,10,6,3,4.64539
2,4,3,2,1,10,4,5.6383
2,4,4,2,0,5,8,4,11.2766
2,4,3,2,0,10,4,5.6383
2,5,2,2,0,5,23.2624
2,6,3,2,0,10,6,4.53901
2,6,3,2,1,10,6,9.07801
2,6,4,2,9,7,11,6,4.53901
2,7,2,2,9,7,27.6596
2,8,3,2,0,5,8,18.4397
2,9,1,2,9,14.8936
2,10,2,2,1,10,18.4043
2,10,2,2,0,10,6.13475
2,11,3,2,1,7,11,22.2695
3,4,1,3,4,27.5177
3,5,3,3,4,8,5,4.43262
3,5,3,3,6,10,5,13.2979
3,6,1,3,6,15.6028
3,7,2,3,11,7,18.7234
3,8,2,3,4,8,22.5532
3,9,3,3,11,7,9,15.461
3,10,2,3,6,10,17.8723
3,11,1,3,11,14.1844
4,5,2,4,10,5,13.1915
4,5,2,4,8,5,4.39716
4,6,2,4,3,6,15.0355
4,7,3,4,3,11,7,14.4681
4,7,3,4,10,1,7,4.8227
4,8,1,4,8,20.4255
4,9,4,4,10,1,2,9,11.9149
4,9,4,4,3,11,7,9,5.95745
4,9,4,4,10,1,7,9,5.95745
4,10,1,4,10,16.8794
4,11,2,4,3,11,13.5106
4,11,3,4,3,6,11,4.50355
5,6,2,5,10,6,14.8936
5,7,3,5,10,1,7,19.4644
5,8,1,5,8,19.8582
5,9,3,5,0,2,9,14.0426
5,9,5,5,10,6,11,7,9,7.02128
5,9,4,5,10,1,2,9,7.02128
5,10,1,5,10,14.7518
5,11,3,5,10,6,11,16.0284
6,7,2,6,11,7,23.9716
6,8,3,6,3,4,8,19.8936
6,8,3,6,10,4,8,6.63121
6,9,3,6,11,7,9,27.8014
6,10,1,6,10,27.3759
6,11,1,6,11,16.0638
6,11,2,6,3,11,5.35461
7,8,4,7,11,3,4,8,15.0355
7,9,1,7,9,17.7305
7,10,2,7,1,10,26.2579
7,11,1,7,11,27.5177
8,9,4,8,5,0,2,9,8.7234
8,9,5,8,5,10,1,2,9,2.96006
8,9,5,8,4,10,1,2,9,0
8,10,2,8,4,10,25.6738
8,11,3,8,4,3,11,27.3759
9,10,3,9,2,0,10,25.6738
9,11,2,9,7,11,27.6596
10,11,2,10,6,11,20
