switch_id,used_rules,usage
11,1,0.0384615
10,1,0.0384615
9,2,0.0769231
8,0,0
7,1,0.0384615
6,0,0
5,0,0
4,1,0.0384615
3,2,0.0769231
2,1,0.0384615
1,1,0.0384615
0,0,0
