switch_id,used_rules,usage
11,3,0.115385
10,6,0.230769
9,2,0.0769231
8,4,0.153846
7,4,0.153846
6,3,0.115385
5,3,0.115385
4,4,0.153846
3,4,0.153846
2,6,0.230769
1,7,0.269231
0,4,0.153846
