switch_id,used_rules,usage
11,0,0
10,1,0.0384615
9,1,0.0384615
8,0,0
7,0,0
6,1,0.0384615
5,1,0.0384615
4,0,0
3,0,0
2,1,0.0384615
1,0,0
0,1,0.0384615
