switch_id,used_rules,usage
11,33,1.26923
10,51,1.96154
9,27,1.03846
8,21,0.807692
7,35,1.34615
6,29,1.11538
5,31,1.19231
4,36,1.38462
3,31,1.19231
2,34,1.30769
1,34,1.30769
0,36,1.38462
