switch_id,used_rules,usage
11,25,0.961538
10,42,1.61538
9,20,0.769231
8,19,0.730769
7,25,0.961538
6,24,0.923077
5,26,1
4,30,1.15385
3,25,0.961538
2,29,1.11538
1,27,1.03846
0,31,1.19231
