switch_id,used_rules,usage
11,3,0.115385
10,4,0.153846
9,4,0.153846
8,2,0.0769231
7,4,0.153846
6,3,0.115385
5,3,0.115385
4,1,0.0384615
3,1,0.0384615
2,2,0.0769231
1,2,0.0769231
0,2,0.0769231
