switch_id,used_rules,usage
11,27,1.03846
10,47,1.80769
9,25,0.961538
8,19,0.730769
7,31,1.19231
6,26,1
5,24,0.923077
4,32,1.23077
3,27,1.03846
2,34,1.30769
1,33,1.26923
0,30,1.15385
