switch_id,used_rules,usage
11,6,0.230769
10,5,0.192308
9,0,0
8,2,0.0769231
7,3,0.115385
6,5,0.192308
5,4,0.153846
4,4,0.153846
3,6,0.230769
2,2,0.0769231
1,2,0.0769231
0,2,0.0769231
