switch_id,used_rules,usage
11,32,1.23077
10,50,1.92308
9,25,0.961538
8,21,0.807692
7,31,1.19231
6,30,1.15385
5,28,1.07692
4,35,1.34615
3,32,1.23077
2,33,1.26923
1,31,1.19231
0,33,1.26923
