source,destination,length,path
0,1,2,0,10,1,13.5205
0,1,2,0,2,1,13.5205
0,2,1,0,2,21.9101
0,3,3,0,10,4,3,6.03221
0,3,3,0,10,6,3,12.0644
0,3,4,0,5,10,6,3,6.03221
0,4,2,0,10,4,10.5044
0,4,3,0,5,8,4,3.50145
0,5,1,0,5,27.4569
0,6,2,0,10,6,21.9101
0,7,3,0,2,9,7,6.30955
0,7,3,0,2,1,7,18.9287
0,8,2,0,5,8,21.3554
0,9,2,0,2,9,24.2675
0,10,1,0,10,16.9179
0,11,3,0,10,6,11,11.8564
0,11,5,0,5,8,4,3,11,3.95214
1,2,1,1,2,24.8222
1,3,3,1,7,11,3,8.11228
1,3,3,1,10,4,3,8.11228
1,4,2,1,10,4,14.5605
1,5,2,1,10,5,22.0488
1,6,2,1,10,6,13.7285
1,6,3,1,7,11,6,13.7285
1,7,1,1,7,26.2089
1,8,3,1,10,5,8,11.5097
1,8,3,1,10,4,8,5.75486
1,8,4,1,2,0,5,8,5.75486
1,9,2,1,7,9,4.92284
1,9,2,1,2,9,14.7685
1,10,1,1,10,18.998
1,11,2,1,7,11,22.6034
2,3,4,2,9,7,11,3,4.54149
2,3,5,2,0,5,10,4,3,4.54149
2,3,4,2,0,10,4,3,4.54149
2,3,5,2,0,5,8,4,3,4.54149
2,4,3,2,1,10,4,5.51219
2,4,4,2,0,5,8,4,5.51219
2,4,4,2,0,5,10,4,5.51219
2,4,3,2,0,10,4,5.51219
2,5,2,2,0,5,22.7421
2,6,3,2,0,10,6,8.87497
2,6,4,2,9,7,11,6,8.87497
2,7,2,2,9,7,27.0409
2,8,3,2,0,5,8,18.0273
2,9,1,2,9,14.5605
2,10,2,2,1,10,23.9902
2,11,3,2,1,7,11,21.7714
3,4,1,3,4,26.9023
3,5,3,3,4,8,5,4.33348
3,5,3,3,6,10,5,13.0004
3,6,1,3,6,15.2539
3,7,2,3,11,7,18.3046
3,8,2,3,4,8,22.0488
3,9,3,3,11,7,9,15.1152
3,10,2,3,6,10,17.4726
3,11,1,3,11,13.8671
4,5,2,4,10,5,17.1953
4,6,2,4,3,6,14.6992
4,7,3,4,3,11,7,14.1445
4,7,3,4,10,1,7,4.71483
4,8,1,4,8,19.9687
4,9,4,4,10,1,2,9,11.6484
4,9,4,4,3,11,7,9,5.8242
4,9,4,4,10,1,7,9,5.8242
4,10,1,4,10,16.5019
4,11,2,4,3,11,13.2085
4,11,3,4,3,6,11,4.40282
5,6,2,5,10,6,14.5605
5,7,3,5,10,1,7,20.3847
5,8,1,5,8,19.414
5,9,3,5,0,2,9,20.5927
5,9,4,5,10,1,2,9,6.86424
5,10,1,5,10,14.4218
5,11,3,5,10,6,11,15.6699
6,7,2,6,11,7,23.4355
6,8,3,6,3,4,8,19.4487
6,8,3,6,10,4,8,6.48289
6,9,3,6,11,7,9,27.1796
6,10,1,6,10,26.7636
6,11,1,6,11,20.9394
7,8,4,7,11,3,4,8,14.6992
7,9,1,7,9,17.3339
7,10,2,7,1,10,20.1767
7,10,3,7,11,6,10,6.72556
7,11,1,7,11,26.9023
8,9,4,8,5,0,2,9,8.52829
8,9,5,8,4,3,11,7,9,8.52829
8,10,2,8,4,10,18.8246
8,10,2,8,5,10,6.27488
8,11,3,8,4,3,11,26.7636
9,10,3,9,2,0,10,25.0995
9,11,2,9,7,11,27.0409
10,11,2,10,6,11,19.5527
