switch_id,used_rules,usage
11,29,1.11538
10,52,2
9,27,1.03846
8,23,0.884615
7,32,1.23077
6,25,0.961538
5,30,1.15385
4,36,1.38462
3,28,1.07692
2,36,1.38462
1,34,1.30769
0,33,1.26923
