switch_id,used_rules,usage
11,3,0.115385
10,1,0.0384615
9,1,0.0384615
8,2,0.0769231
7,4,0.153846
6,3,0.115385
5,3,0.115385
4,2,0.0769231
3,1,0.0384615
2,2,0.0769231
1,3,0.115385
0,4,0.153846
