switch_id,used_rules,usage
11,2,0.0769231
10,3,0.115385
9,3,0.115385
8,2,0.0769231
7,3,0.115385
6,2,0.0769231
5,2,0.0769231
4,2,0.0769231
3,1,0.0384615
2,3,0.115385
1,3,0.115385
0,2,0.0769231
