switch_id,used_rules,usage
11,0,0
10,4,0.153846
9,1,0.0384615
8,1,0.0384615
7,1,0.0384615
6,2,0.0769231
5,3,0.115385
4,4,0.153846
3,2,0.0769231
2,2,0.0769231
1,2,0.0769231
0,2,0.0769231
