switch_id,used_rules,usage
11,4,0.153846
10,5,0.192308
9,2,0.0769231
8,4,0.153846
7,2,0.0769231
6,5,0.192308
5,4,0.153846
4,4,0.153846
3,5,0.192308
2,4,0.153846
1,3,0.115385
0,2,0.0769231
