switch_id,used_rules,usage
11,2,0.0769231
10,3,0.115385
9,3,0.115385
8,2,0.0769231
7,3,0.115385
6,2,0.0769231
5,3,0.115385
4,1,0.0384615
3,1,0.0384615
2,6,0.230769
1,3,0.115385
0,4,0.153846
