switch_id,used_rules,usage
11,3,0.115385
10,5,0.192308
9,2,0.0769231
8,2,0.0769231
7,2,0.0769231
6,4,0.153846
5,2,0.0769231
4,2,0.0769231
3,2,0.0769231
2,2,0.0769231
1,3,0.115385
0,2,0.0769231
