switch_id,used_rules,usage
11,2,0.0769231
10,5,0.192308
9,1,0.0384615
8,2,0.0769231
7,1,0.0384615
6,3,0.115385
5,0,0
4,4,0.153846
3,2,0.0769231
2,4,0.153846
1,2,0.0769231
0,5,0.192308
