switch_id,used_rules,usage
11,0,0
10,6,0.230769
9,4,0.153846
8,2,0.0769231
7,3,0.115385
6,2,0.0769231
5,3,0.115385
4,5,0.192308
3,3,0.115385
2,8,0.307692
1,5,0.192308
0,7,0.269231
