switch_id,used_rules,usage
11,25,0.961538
10,43,1.65385
9,22,0.846154
8,19,0.730769
7,30,1.15385
6,24,0.923077
5,24,0.923077
4,29,1.11538
3,23,0.884615
2,31,1.19231
1,31,1.19231
0,28,1.07692
