switch_id,used_rules,usage
11,37,1.42308
10,54,2.07692
9,29,1.11538
8,24,0.923077
7,37,1.42308
6,31,1.19231
5,31,1.19231
4,39,1.5
3,34,1.30769
2,33,1.26923
1,34,1.30769
0,35,1.34615
