switch_id,used_rules,usage
11,3,0.115385
10,4,0.153846
9,1,0.0384615
8,4,0.153846
7,5,0.192308
6,1,0.0384615
5,2,0.0769231
4,5,0.192308
3,2,0.0769231
2,2,0.0769231
1,4,0.153846
0,2,0.0769231
