switch_id,used_rules,usage
11,4,0.153846
10,3,0.115385
9,3,0.115385
8,2,0.0769231
7,2,0.0769231
6,3,0.115385
5,4,0.153846
4,3,0.115385
3,4,0.153846
2,5,0.192308
1,4,0.153846
0,4,0.153846
