switch_id,used_rules,usage
11,1,0.0384615
10,3,0.115385
9,1,0.0384615
8,1,0.0384615
7,3,0.115385
6,1,0.0384615
5,2,0.0769231
4,3,0.115385
3,1,0.0384615
2,3,0.115385
1,4,0.153846
0,1,0.0384615
