switch_id,used_rules,usage
11,4,0.153846
10,3,0.115385
9,2,0.0769231
8,4,0.153846
7,4,0.153846
6,2,0.0769231
5,5,0.192308
4,2,0.0769231
3,3,0.115385
2,4,0.153846
1,1,0.0384615
0,4,0.153846
