switch_id,used_rules,usage
11,26,1
10,48,1.84615
9,23,0.884615
8,20,0.769231
7,29,1.11538
6,24,0.923077
5,29,1.11538
4,32,1.23077
3,26,1
2,33,1.26923
1,31,1.19231
0,34,1.30769
