source,destination,length,path
0,1,2,0,10,1,3.56007
0,1,2,0,2,1,24.9205
0,2,1,0,2,23.0766
0,3,3,0,10,4,3,19.0601
0,3,3,0,10,6,3,6.35336
0,4,2,0,10,4,9.21967
0,4,3,0,5,8,4,3.68787
0,4,3,0,5,10,4,1.84393
0,5,1,0,5,28.9187
0,6,2,0,10,6,23.0766
0,7,3,0,2,9,7,13.2909
0,7,3,0,2,1,7,13.2909
0,8,2,0,5,8,22.4923
0,9,2,0,2,9,25.5595
0,10,1,0,10,13.364
0,10,2,0,5,10,4.45465
0,11,3,0,10,6,11,10.4064
0,11,4,0,5,10,6,11,2.08127
0,11,4,0,10,4,3,11,4.16254
1,2,1,1,2,26.1437
1,3,3,1,7,11,3,6.40813
1,3,3,1,10,4,3,8.54417
1,3,3,1,10,6,3,2.13604
1,4,2,1,10,4,15.3357
1,5,2,1,10,5,20.3198
1,5,3,1,2,0,5,2.90283
1,6,2,1,10,6,18.0742
1,6,3,1,7,11,6,10.8445
1,7,1,1,7,27.6042
1,8,3,1,10,5,8,12.1225
1,8,4,1,2,0,5,8,12.1225
1,9,2,1,7,9,10.3698
1,9,2,1,2,9,10.3698
1,10,1,1,10,20.0094
1,11,2,1,7,11,23.8068
2,3,4,2,9,7,11,3,4.78327
2,3,4,2,0,10,4,3,9.56655
2,3,5,2,0,5,8,4,3,2.39164
2,3,4,2,0,10,6,3,2.39164
2,4,3,2,1,10,4,2.90283
2,4,3,2,0,10,4,5.80565
2,4,4,2,0,5,10,4,5.80565
2,4,4,2,0,5,8,4,8.70848
2,5,2,2,0,5,23.9529
2,6,3,2,0,10,6,7.0106
2,6,3,2,1,10,6,11.6843
2,7,2,2,9,7,28.4806
2,8,3,2,0,5,8,18.987
2,9,1,2,9,15.3357
2,10,2,2,1,10,15.7921
2,10,2,2,0,10,9.47527
2,11,3,2,1,7,11,20.0642
2,11,3,2,9,7,11,2.86631
3,4,1,3,4,28.3345
3,5,3,3,4,8,5,2.2821
3,5,3,3,6,10,5,15.9747
3,6,1,3,6,16.066
3,7,2,3,11,7,19.2792
3,8,2,3,4,8,23.2226
3,9,3,3,11,7,9,15.9199
3,10,2,3,6,10,18.4028
3,11,1,3,11,14.6054
4,5,2,4,8,5,9.05536
4,5,2,4,10,5,9.05536
4,6,2,4,3,6,15.4817
4,7,3,4,3,11,7,17.3804
4,7,3,4,10,1,7,2.48292
4,8,1,4,8,21.0318
4,9,4,4,10,1,2,9,9.20141
4,9,4,4,10,1,7,9,6.13428
4,9,4,4,3,11,7,9,6.13428
4,9,5,4,3,6,11,7,9,3.06714
4,10,1,4,10,17.3804
4,11,2,4,3,11,18.5489
5,6,2,5,10,6,15.3357
5,7,3,5,10,1,7,21.47
5,8,1,5,8,20.4476
5,9,3,5,0,2,9,10.8445
5,9,4,5,10,1,2,9,14.4594
5,9,4,5,10,1,7,9,3.61484
5,10,1,5,10,15.1896
5,11,3,5,10,6,11,16.5041
6,7,2,6,11,7,24.6832
6,8,3,6,3,4,8,23.8981
6,8,3,6,10,5,8,3.41402
6,9,3,6,11,7,9,28.6266
6,10,1,6,10,28.1885
6,11,1,6,11,22.0542
7,8,4,7,11,3,4,8,15.4817
7,9,1,7,9,18.2568
7,10,2,7,1,10,17.7091
7,10,3,7,11,6,10,10.6254
7,11,1,7,11,28.3345
8,9,4,8,5,0,2,9,6.73675
8,9,5,8,4,10,1,2,9,8.98233
8,9,5,8,4,10,1,7,9,2.24558
8,10,2,8,4,10,26.4358
8,11,3,8,4,3,11,28.1885
9,10,3,9,2,0,10,16.5224
9,10,3,9,7,1,10,6.60895
9,10,4,9,7,11,6,10,3.30448
9,11,2,9,7,11,28.4806
10,11,2,10,6,11,20.5936
