switch_id,used_rules,usage
11,1,0.0384615
10,6,0.230769
9,1,0.0384615
8,0,0
7,3,0.115385
6,3,0.115385
5,3,0.115385
4,0,0
3,1,0.0384615
2,1,0.0384615
1,4,0.153846
0,2,0.0769231
