switch_id,used_rules,usage
11,1,0.0384615
10,4,0.153846
9,1,0.0384615
8,2,0.0769231
7,1,0.0384615
6,1,0.0384615
5,3,0.115385
4,3,0.115385
3,1,0.0384615
2,1,0.0384615
1,1,0.0384615
0,1,0.0384615
