source,destination,length,path
0,1,2,0,10,1,11.1882
0,1,2,0,2,1,16.7823
0,2,1,0,2,22.6633
0,3,3,0,10,4,3,14.975
0,3,3,0,10,6,3,9.98334
0,4,2,0,10,4,5.79493
0,4,3,0,5,10,4,2.89746
0,4,3,0,5,8,4,5.79493
0,5,1,0,5,28.4009
0,6,2,0,10,6,22.6633
0,7,3,0,2,9,7,10.4423
0,7,3,0,2,1,7,15.6635
0,8,2,0,5,8,22.0896
0,9,2,0,2,9,25.1018
0,10,1,0,10,17.4995
0,11,3,0,10,6,11,6.54081
0,11,4,0,5,10,6,11,6.54081
0,11,5,0,5,10,4,3,11,3.27041
1,2,1,1,2,25.6756
1,3,3,1,7,11,3,10.0694
1,3,3,1,10,4,3,6.71294
1,4,2,1,10,4,15.0611
1,5,2,1,10,5,22.8068
1,6,2,1,10,6,17.0405
1,6,3,1,7,11,6,11.3604
1,7,1,1,7,27.1099
1,8,3,1,10,5,8,9.52434
1,8,4,1,2,0,5,8,14.2865
1,9,2,1,7,9,8.14733
1,9,2,1,2,9,12.221
1,10,1,1,10,19.6511
1,11,2,1,7,11,23.3805
2,3,4,2,9,7,11,3,3.7581
2,3,5,2,0,5,8,4,3,3.7581
2,3,4,2,0,10,4,3,7.51619
2,3,4,2,0,10,6,3,3.7581
2,4,3,2,1,10,4,9.12271
2,4,4,2,0,5,10,4,4.56135
2,4,3,2,0,10,4,9.12271
2,5,2,2,0,5,23.524
2,6,3,2,0,10,6,3.67203
2,6,3,2,1,10,6,7.34407
2,6,4,2,9,7,11,6,7.34407
2,7,2,2,9,7,27.9706
2,8,3,2,0,5,8,18.647
2,9,1,2,9,15.0611
2,10,2,2,1,10,14.889
2,10,2,2,0,10,9.92597
2,11,3,2,1,7,11,22.5199
3,4,1,3,4,27.8271
3,5,3,3,4,8,5,3.58597
3,5,3,3,6,10,5,14.3439
3,6,1,3,6,15.7783
3,7,2,3,11,7,18.9339
3,8,2,3,4,8,22.8068
3,9,3,3,11,7,9,15.6348
3,10,2,3,6,10,18.0733
3,11,1,3,11,14.3439
4,5,2,4,8,5,10.6718
4,5,2,4,10,5,7.11457
4,6,2,4,3,6,15.2045
4,7,3,4,3,11,7,15.6061
4,7,3,4,10,1,7,3.90154
4,8,1,4,8,20.6552
4,9,4,4,10,1,2,9,14.4586
4,9,4,4,3,11,7,9,9.63909
4,10,1,4,10,17.0692
4,11,2,4,3,11,14.5734
4,11,3,4,3,6,11,3.64335
5,6,2,5,10,6,15.0611
5,7,3,5,10,1,7,21.0855
5,8,1,5,8,20.0814
5,9,3,5,0,2,9,17.0405
5,9,4,5,10,1,7,9,5.68018
5,9,5,5,10,6,11,7,9,5.68018
5,10,1,5,10,14.9176
5,11,3,5,10,6,11,16.2086
6,7,2,6,11,7,24.2412
6,8,3,6,3,4,8,21.4584
6,8,3,6,10,5,8,5.36461
6,9,3,6,11,7,9,22.4912
6,9,4,6,3,11,7,9,5.6228
6,10,1,6,10,27.6837
6,11,1,6,11,21.6593
7,8,4,7,11,3,4,8,15.2045
7,9,1,7,9,17.9299
7,10,2,7,1,10,22.2617
7,10,3,7,11,6,10,5.56543
7,11,1,7,11,27.8271
8,9,4,8,5,0,2,9,7.05719
8,9,5,8,4,10,1,2,9,10.5858
8,10,2,8,4,10,25.9624
8,11,3,8,4,3,11,27.6837
9,10,3,9,2,0,10,20.7699
9,10,3,9,7,1,10,5.19249
9,11,2,9,7,11,27.9706
10,11,2,10,6,11,20.2249
