switch_id,used_rules,usage
11,2,0.0769231
10,3,0.115385
9,2,0.0769231
8,0,0
7,3,0.115385
6,2,0.0769231
5,1,0.0384615
4,1,0.0384615
3,1,0.0384615
2,1,0.0384615
1,1,0.0384615
0,1,0.0384615
