switch_id,used_rules,usage
11,4,0.153846
10,6,0.230769
9,2,0.0769231
8,1,0.0384615
7,2,0.0769231
6,4,0.153846
5,4,0.153846
4,2,0.0769231
3,2,0.0769231
2,1,0.0384615
1,2,0.0769231
0,3,0.115385
