switch_id,used_rules,usage
11,2,0.0769231
10,3,0.115385
9,3,0.115385
8,1,0.0384615
7,3,0.115385
6,1,0.0384615
5,1,0.0384615
4,2,0.0769231
3,1,0.0384615
2,2,0.0769231
1,3,0.115385
0,2,0.0769231
