switch_id,used_rules,usage
11,3,0.115385
10,2,0.0769231
9,1,0.0384615
8,2,0.0769231
7,2,0.0769231
6,2,0.0769231
5,2,0.0769231
4,1,0.0384615
3,4,0.153846
2,3,0.115385
1,4,0.153846
0,2,0.0769231
