source,destination,length,path
0,1,2,0,10,1,5.63899
0,1,2,0,2,1,22.556
0,2,1,0,2,22.8451
0,3,3,0,10,4,3,10.0634
0,3,3,0,10,6,3,15.0951
0,4,2,0,10,4,5.84142
0,4,3,0,5,10,4,2.92071
0,4,3,0,5,8,4,5.84142
0,5,1,0,5,28.6287
0,6,2,0,10,6,22.8451
0,7,3,0,2,9,7,10.5261
0,7,3,0,2,1,7,15.7892
0,8,2,0,5,8,22.2668
0,9,2,0,2,9,25.3032
0,10,1,0,10,17.6399
0,11,3,0,10,6,11,9.88993
0,11,4,0,5,10,6,11,3.29664
0,11,4,0,10,4,3,11,3.29664
1,2,1,1,2,25.8815
1,3,3,1,7,11,3,3.90902
1,3,3,1,10,4,3,10.1502
1,4,2,1,10,4,15.1819
1,5,2,1,10,5,13.7938
1,5,3,1,2,0,5,9.1959
1,6,2,1,10,6,5.72575
1,6,3,1,7,11,6,22.903
1,7,1,1,7,27.3274
1,8,3,1,10,5,8,19.2015
1,8,4,1,2,0,5,8,4.80037
1,9,2,1,7,9,4.10634
1,9,2,1,2,9,16.4254
1,10,1,1,10,19.8088
1,11,2,1,7,11,23.5681
2,3,4,2,9,7,11,3,2.89957
2,3,5,2,0,5,8,4,3,3.78825
2,3,5,2,0,5,10,4,3,3.78825
2,3,4,2,0,10,4,3,7.57649
2,4,3,2,1,10,4,4.59795
2,4,3,2,0,10,4,9.1959
2,4,4,2,0,5,10,4,4.59795
2,4,4,2,0,5,8,4,4.59795
2,5,2,2,0,5,23.7127
2,6,3,2,0,10,6,3.70149
2,6,3,2,1,10,6,11.1045
2,6,4,2,9,7,11,6,3.70149
2,7,2,2,9,7,28.195
2,8,3,2,0,5,8,18.7966
2,9,1,2,9,15.1819
2,10,2,2,1,10,15.0084
2,10,2,2,0,10,10.0056
2,11,3,2,1,7,11,18.1604
2,11,3,2,9,7,11,4.54011
3,4,1,3,4,28.0504
3,5,3,3,4,8,5,3.61474
3,5,3,3,6,10,5,14.459
3,6,1,3,6,15.9049
3,7,2,3,11,7,19.0858
3,8,2,3,4,8,22.9897
3,9,3,3,11,7,9,15.7603
3,10,2,3,6,10,18.2183
3,11,1,3,11,11.5672
3,11,2,3,6,11,2.89179
4,5,2,4,8,5,10.7575
4,5,2,4,10,5,7.17164
4,6,2,4,3,6,15.3265
4,7,3,4,3,11,7,19.6642
4,8,1,4,8,20.8209
4,9,4,4,10,1,2,9,4.85821
4,9,4,4,10,1,7,9,14.5746
4,9,4,4,3,11,7,9,4.85821
4,10,1,4,10,17.2062
4,11,2,4,3,11,14.6903
4,11,3,4,3,6,11,3.67257
5,6,2,5,10,6,15.1819
5,7,3,5,10,1,7,12.7528
5,7,4,5,10,6,11,7,8.50187
5,8,1,5,8,20.2425
5,9,3,5,0,2,9,11.4515
5,9,4,5,10,1,2,9,17.1772
5,10,1,5,10,15.0373
5,11,3,5,10,6,11,16.3386
6,7,2,6,11,7,24.4356
6,8,3,6,3,4,8,21.6306
6,8,3,6,10,5,8,5.40765
6,9,3,6,11,7,9,22.6716
6,9,4,6,3,11,7,9,5.66791
6,10,1,6,10,27.9058
6,11,1,6,11,17.4664
6,11,2,6,3,11,4.3666
7,8,4,7,11,3,4,8,15.3265
7,9,1,7,9,18.0737
7,10,2,7,1,10,28.0504
7,11,1,7,11,28.0504
8,9,4,8,5,0,2,9,6.47369
8,9,5,8,4,10,1,2,9,0
8,9,5,8,4,10,1,7,9,7.11381
8,10,2,8,4,10,26.1707
8,11,3,8,4,3,11,27.9058
9,10,3,9,2,0,10,15.7024
9,10,3,9,7,1,10,7.5816
9,11,2,9,7,11,28.195
10,11,2,10,6,11,20.3871
