switch_id,used_rules,usage
11,0,0
10,6,0.230769
9,0,0
8,3,0.115385
7,1,0.0384615
6,2,0.0769231
5,2,0.0769231
4,4,0.153846
3,1,0.0384615
2,2,0.0769231
1,6,0.230769
0,0,0
