switch_id,used_rules,usage
11,4,0.153846
10,2,0.0769231
9,3,0.115385
8,1,0.0384615
7,6,0.230769
6,2,0.0769231
5,3,0.115385
4,2,0.0769231
3,3,0.115385
2,4,0.153846
1,2,0.0769231
0,2,0.0769231
