switch_id,used_rules,usage
11,35,1.34615
10,53,2.03846
9,26,1
8,23,0.884615
7,34,1.30769
6,30,1.15385
5,28,1.07692
4,39,1.5
3,34,1.30769
2,33,1.26923
1,32,1.23077
0,35,1.34615
