switch_id,used_rules,usage
11,6,0.230769
10,3,0.115385
9,3,0.115385
8,4,0.153846
7,6,0.230769
6,2,0.0769231
5,5,0.192308
4,0,0
3,3,0.115385
2,3,0.115385
1,2,0.0769231
0,3,0.115385
