switch_id,used_rules,usage
11,1,0.0384615
10,4,0.153846
9,0,0
8,1,0.0384615
7,0,0
6,3,0.115385
5,0,0
4,1,0.0384615
3,3,0.115385
2,3,0.115385
1,3,0.115385
0,0,0
