switch_id,used_rules,usage
11,2,0.0769231
10,0,0
9,2,0.0769231
8,0,0
7,3,0.115385
6,0,0
5,1,0.0384615
4,0,0
3,2,0.0769231
2,2,0.0769231
1,2,0.0769231
0,2,0.0769231
