switch_id,used_rules,usage
11,1,0.0384615
10,3,0.115385
9,2,0.0769231
8,1,0.0384615
7,3,0.115385
6,1,0.0384615
5,1,0.0384615
4,1,0.0384615
3,1,0.0384615
2,1,0.0384615
1,3,0.115385
0,0,0
