switch_id,used_rules,usage
11,6,0.230769
10,6,0.230769
9,2,0.0769231
8,2,0.0769231
7,3,0.115385
6,5,0.192308
5,3,0.115385
4,3,0.115385
3,4,0.153846
2,4,0.153846
1,3,0.115385
0,4,0.153846
