switch_id,used_rules,usage
11,5,0.192308
10,7,0.269231
9,2,0.0769231
8,5,0.192308
7,2,0.0769231
6,5,0.192308
5,5,0.192308
4,6,0.230769
3,3,0.115385
2,5,0.192308
1,5,0.192308
0,4,0.153846
