source,destination,length,path
0,1,2,0,10,1,4.75759
0,1,2,0,2,1,23.788
0,2,1,0,2,23.1292
0,3,3,0,10,4,3,12.7357
0,3,3,0,10,6,3,8.49048
0,3,4,0,5,10,6,3,4.24524
0,4,2,0,10,4,9.85676
0,4,3,0,5,8,4,4.92838
0,5,1,0,5,28.9847
0,6,2,0,10,6,23.1292
0,7,3,0,2,9,7,8.88084
0,7,3,0,2,1,7,17.7617
0,8,2,0,5,8,22.5437
0,9,2,0,2,9,25.6178
0,10,1,0,10,17.8593
0,11,3,0,10,6,11,8.34409
0,11,4,0,5,10,6,11,2.78136
0,11,5,0,5,8,4,3,11,5.56273
1,2,1,1,2,26.2034
1,3,3,1,7,11,3,4.79312
1,3,3,1,10,4,3,11.4182
1,4,2,1,10,4,15.3707
1,5,2,1,10,5,23.2756
1,6,2,1,10,6,24.1539
1,6,3,1,7,11,6,4.83079
1,7,1,1,7,27.6672
1,8,3,1,10,5,8,12.1502
1,8,4,1,2,0,5,8,12.1502
1,9,2,1,7,9,6.92901
1,9,2,1,2,9,13.858
1,10,1,1,10,20.0551
1,11,2,1,7,11,23.8612
2,3,4,2,9,7,11,3,0
2,3,5,2,0,5,10,4,3,3.19613
2,3,5,2,0,5,10,6,3,3.19613
2,3,4,2,0,10,4,3,9.58838
2,4,3,2,1,10,4,3.87927
2,4,4,2,0,5,8,4,3.87927
2,4,3,2,0,10,4,15.5171
2,5,2,2,0,5,24.0076
2,6,3,2,0,10,6,6.24587
2,6,4,2,9,7,11,6,10.8405
2,7,2,2,1,7,14.2728
2,7,2,2,9,7,14.2728
2,8,3,2,0,5,8,19.0304
2,9,1,2,9,15.3707
2,10,2,2,1,10,21.1042
2,10,2,2,0,10,4.22084
2,11,3,2,9,7,11,11.4914
2,11,3,2,1,7,11,11.4914
3,4,1,3,4,28.3992
3,5,3,3,4,8,5,3.04974
3,5,3,3,6,10,5,15.2487
3,6,1,3,6,16.1026
3,7,2,3,11,7,19.3232
3,8,2,3,4,8,23.2756
3,9,3,3,11,7,9,15.9562
3,10,2,3,6,10,18.4448
3,11,1,3,11,14.6388
4,5,2,4,10,5,12.1014
4,5,2,4,8,5,6.05068
4,6,2,4,3,6,15.5171
4,7,3,4,3,11,7,16.5906
4,7,3,4,10,1,7,3.31812
4,8,1,4,8,21.0798
4,9,4,4,10,1,2,9,12.2966
4,9,4,4,10,1,7,9,4.09885
4,9,4,4,3,11,7,9,4.09885
4,9,5,4,3,6,11,7,9,4.09885
4,10,1,4,10,17.4201
4,11,2,4,3,11,18.5912
5,6,2,5,10,6,15.3707
5,7,3,5,10,1,7,21.519
5,8,1,5,8,20.4943
5,9,3,5,0,2,9,9.66158
5,9,4,5,10,1,7,9,9.66158
5,9,4,5,10,1,2,9,9.66158
5,10,1,5,10,15.2243
5,11,3,5,10,6,11,16.5418
6,7,2,6,11,7,24.7395
6,8,3,6,3,4,8,22.8121
6,8,3,6,10,4,8,4.56241
6,9,3,6,11,7,9,28.692
6,10,1,6,10,28.2528
6,11,1,6,11,22.1045
7,8,4,7,11,3,4,8,15.5171
7,9,1,7,9,18.2984
7,10,2,7,1,10,18.7975
7,10,3,7,11,6,10,9.46639
7,11,1,7,11,28.3992
8,9,4,8,5,0,2,9,12.0038
8,9,5,8,4,10,1,2,9,4.38477
8,10,2,8,4,10,26.4961
8,11,3,8,4,3,11,28.2528
9,10,3,9,2,0,10,22.0801
9,10,3,9,7,1,10,0
9,11,2,9,7,11,28.5456
10,11,2,10,6,11,20.6406
