switch_id,used_rules,usage
11,1,0.0384615
10,3,0.115385
9,0,0
8,1,0.0384615
7,2,0.0769231
6,2,0.0769231
5,2,0.0769231
4,0,0
3,3,0.115385
2,4,0.153846
1,3,0.115385
0,1,0.0384615
