switch_id,used_rules,usage
11,2,0.0769231
10,3,0.115385
9,2,0.0769231
8,1,0.0384615
7,4,0.153846
6,3,0.115385
5,2,0.0769231
4,1,0.0384615
3,1,0.0384615
2,4,0.153846
1,5,0.192308
0,3,0.115385
