switch_id,used_rules,usage
11,2,0.0769231
10,5,0.192308
9,1,0.0384615
8,2,0.0769231
7,0,0
6,2,0.0769231
5,1,0.0384615
4,2,0.0769231
3,0,0
2,2,0.0769231
1,4,0.153846
0,1,0.0384615
