switch_id,used_rules,usage
11,2,0.0769231
10,2,0.0769231
9,1,0.0384615
8,2,0.0769231
7,1,0.0384615
6,3,0.115385
5,3,0.115385
4,0,0
3,0,0
2,1,0.0384615
1,1,0.0384615
0,1,0.0384615
