switch_id,used_rules,usage
11,3,0.115385
10,5,0.192308
9,2,0.0769231
8,3,0.115385
7,3,0.115385
6,4,0.153846
5,2,0.0769231
4,3,0.115385
3,4,0.153846
2,4,0.153846
1,4,0.153846
0,4,0.153846
