switch_id,used_rules,usage
11,29,1.11538
10,44,1.69231
9,22,0.846154
8,19,0.730769
7,31,1.19231
6,26,1
5,23,0.884615
4,29,1.11538
3,27,1.03846
2,30,1.15385
1,30,1.15385
0,28,1.07692
