switch_id,used_rules,usage
11,27,1.03846
10,46,1.76923
9,22,0.846154
8,20,0.769231
7,26,1
6,27,1.03846
5,25,0.961538
4,32,1.23077
3,27,1.03846
2,31,1.19231
1,31,1.19231
0,29,1.11538
