switch_id,used_rules,usage
11,3,0.115385
10,4,0.153846
9,1,0.0384615
8,1,0.0384615
7,3,0.115385
6,2,0.0769231
5,4,0.153846
4,3,0.115385
3,1,0.0384615
2,4,0.153846
1,4,0.153846
0,3,0.115385
