switch_id,used_rules,usage
11,26,1
10,46,1.76923
9,21,0.807692
8,19,0.730769
7,26,1
6,23,0.884615
5,25,0.961538
4,32,1.23077
3,25,0.961538
2,31,1.19231
1,30,1.15385
0,30,1.15385
