switch_id,used_rules,usage
11,4,0.153846
10,1,0.0384615
9,1,0.0384615
8,3,0.115385
7,3,0.115385
6,2,0.0769231
5,2,0.0769231
4,2,0.0769231
3,3,0.115385
2,3,0.115385
1,4,0.153846
0,2,0.0769231
