source,destination,length,path
0,1,2,0,10,1,6.27205
0,1,2,0,2,1,21.9522
0,2,1,0,2,22.8689
0,3,3,0,10,4,3,13.9915
0,3,3,0,10,6,3,8.3949
0,3,4,0,5,10,6,3,2.7983
0,4,2,0,10,4,9.7458
0,4,3,0,5,8,4,4.8729
0,5,1,0,5,28.6584
0,6,2,0,10,6,22.8689
0,7,3,0,2,9,7,5.85391
0,7,3,0,2,1,7,20.4887
0,8,2,0,5,8,22.2899
0,9,2,0,2,9,25.3294
0,10,1,0,10,17.6582
0,11,3,0,10,6,11,7.33347
0,11,4,0,5,10,6,11,3.66674
0,11,4,0,10,4,3,11,1.83337
0,11,5,0,5,10,4,3,11,3.66674
1,2,1,1,2,25.9084
1,3,3,1,7,11,3,3.22659
1,3,3,1,10,4,3,11.2897
1,3,3,1,10,6,3,1.88161
1,4,2,1,10,4,15.1977
1,5,2,1,10,5,23.0136
1,6,2,1,10,6,19.1056
1,6,3,1,7,11,6,9.55281
1,7,1,1,7,27.3558
1,8,3,1,10,5,8,5.33928
1,8,3,1,10,4,8,2.66964
1,8,4,1,2,0,5,8,16.0178
1,9,2,1,7,9,6.85101
1,9,2,1,2,9,13.702
1,10,1,1,10,19.8293
1,11,2,1,7,11,23.5926
2,3,4,2,9,7,11,3,3.15452
2,3,5,2,0,5,8,4,3,2.10676
2,3,4,2,0,10,4,3,10.5338
2,3,4,2,0,10,6,3,2.10676
2,4,3,2,1,10,4,2.55707
2,4,3,2,0,10,4,10.2283
2,4,4,2,0,5,8,4,7.6712
2,4,4,2,0,5,10,4,2.55707
2,5,2,2,0,5,23.7373
2,6,3,2,0,10,6,4.11704
2,6,4,2,9,7,11,6,4.11704
2,6,3,2,1,10,6,10.2926
2,7,2,2,9,7,28.2242
2,8,3,2,0,5,8,18.8161
2,9,1,2,9,15.1977
2,10,2,2,1,10,16.6933
2,10,2,2,0,10,8.34665
2,11,3,2,1,7,11,20.1992
2,11,3,2,9,7,11,2.5249
3,4,1,3,4,28.0795
3,5,3,3,4,8,5,2.01027
3,5,3,3,6,10,5,16.0822
3,6,1,3,6,15.9214
3,7,2,3,11,7,19.1056
3,8,2,3,4,8,23.0136
3,9,3,3,11,7,9,15.7766
3,10,2,3,6,10,18.2372
3,11,1,3,11,14.474
4,5,2,4,8,5,3.98838
4,5,2,4,10,5,13.9593
4,6,2,4,3,6,15.3424
4,7,3,4,3,11,7,17.4974
4,7,4,4,3,6,11,7,2.18718
4,8,1,4,8,20.8425
4,9,4,4,10,1,2,9,8.10542
4,9,4,4,10,1,7,9,13.509
4,9,4,4,3,11,7,9,2.70181
4,10,1,4,10,17.224
4,11,2,4,3,11,16.3395
4,11,3,4,3,6,11,2.04244
5,6,2,5,10,6,15.1977
5,7,3,5,10,1,7,21.2767
5,8,1,5,8,20.2635
5,9,3,5,0,2,9,9.55281
5,9,4,5,10,1,2,9,15.9214
5,9,4,5,10,1,7,9,3.18427
5,10,1,5,10,15.0529
5,11,3,5,10,6,11,16.3556
6,7,2,6,11,7,24.461
6,8,3,6,3,4,8,24.0589
6,8,3,6,10,5,8,3.00737
6,9,3,6,11,7,9,28.369
6,10,1,6,10,27.9347
6,11,1,6,11,19.4273
6,11,2,6,3,11,2.42841
7,8,4,7,11,3,4,8,15.3424
7,9,1,7,9,18.0924
7,10,2,7,1,10,15.5997
7,10,3,7,11,6,10,12.4798
7,11,1,7,11,28.0795
8,9,4,8,5,0,2,9,9.89054
8,9,5,8,4,10,1,2,9,5.93432
8,9,5,8,4,3,11,7,9,1.97811
8,10,2,8,4,10,26.1979
8,11,3,8,4,3,11,27.9347
9,10,3,9,2,0,10,17.4652
9,10,3,9,7,1,10,5.76758
9,10,4,9,7,11,6,10,2.91087
9,11,2,9,7,11,24.0565
10,11,2,10,6,11,20.4083
