switch_id,used_rules,usage
11,2,0.0769231
10,3,0.115385
9,0,0
8,0,0
7,0,0
6,3,0.115385
5,1,0.0384615
4,1,0.0384615
3,2,0.0769231
2,1,0.0384615
1,0,0
0,1,0.0384615
