switch_id,used_rules,usage
11,29,1.11538
10,48,1.84615
9,24,0.923077
8,20,0.769231
7,30,1.15385
6,25,0.961538
5,26,1
4,34,1.30769
3,29,1.11538
2,35,1.34615
1,32,1.23077
0,32,1.23077
