switch_id,used_rules,usage
11,25,0.961538
10,43,1.65385
9,21,0.807692
8,19,0.730769
7,29,1.11538
6,24,0.923077
5,23,0.884615
4,27,1.03846
3,24,0.923077
2,28,1.07692
1,29,1.11538
0,27,1.03846
