switch_id,used_rules,usage
11,4,0.153846
10,7,0.269231
9,1,0.0384615
8,2,0.0769231
7,3,0.115385
6,4,0.153846
5,6,0.230769
4,2,0.0769231
3,0,0
2,2,0.0769231
1,4,0.153846
0,2,0.0769231
