source,destination,length,path
0,1,2,0,10,1,5.71415
0,1,2,0,2,1,22.8566
0,2,1,0,2,23.1496
0,3,3,0,10,4,3,12.747
0,3,3,0,10,6,3,7.64817
0,3,4,0,5,10,4,3,2.54939
0,3,4,0,5,8,4,3,2.54939
0,4,2,0,10,4,11.8385
0,4,3,0,5,8,4,2.95964
0,5,1,0,5,29.0103
0,6,2,0,10,6,23.1496
0,7,3,0,2,9,7,10.6664
0,7,3,0,2,1,7,15.9996
0,8,2,0,5,8,22.5636
0,9,2,0,2,9,25.6404
0,10,1,0,10,16.0875
0,10,2,0,5,10,1.7875
0,11,3,0,10,6,11,6.68116
0,11,4,0,5,10,6,11,5.01087
0,11,5,0,5,10,4,3,11,1.67029
0,11,5,0,5,8,4,3,11,3.34058
1,2,1,1,2,26.2265
1,3,3,1,7,11,3,3.83561
1,3,3,1,10,4,3,10.2855
1,3,3,1,10,6,3,1.71425
1,4,2,1,10,4,15.3843
1,5,2,1,10,5,23.2962
1,6,2,1,10,6,23.2082
1,6,3,1,7,11,6,5.80206
1,7,1,1,7,27.6917
1,8,3,1,10,5,8,7.29653
1,8,4,1,2,0,5,8,17.0252
1,9,2,1,7,9,10.4027
1,9,2,1,2,9,10.4027
1,10,1,1,10,18.0655
1,10,3,1,2,0,10,2.00728
1,11,2,1,7,11,23.8822
2,3,4,2,9,7,11,3,0.641548
2,3,4,2,0,10,4,3,13.4356
2,3,4,2,0,10,6,3,1.91937
2,4,3,2,1,10,4,2.32962
2,4,3,2,0,10,4,11.6481
2,4,4,2,0,5,8,4,6.98885
2,4,4,2,0,5,10,4,2.32962
2,5,2,2,0,5,24.0287
2,6,3,2,0,10,6,7.50165
2,6,4,2,9,7,11,6,3.75083
2,6,3,2,1,10,6,7.50165
2,7,2,2,9,7,25.7137
2,7,2,2,1,7,2.85708
2,8,3,2,0,5,8,19.0472
2,9,1,2,9,15.3843
2,10,2,2,1,10,17.7432
2,10,2,2,0,10,7.60422
2,11,3,2,1,7,11,18.4025
2,11,3,2,9,7,11,4.60062
3,4,1,3,4,28.4242
3,5,3,3,4,8,5,1.83146
3,5,3,3,6,10,5,16.4831
3,6,1,3,6,16.1168
3,7,2,3,11,7,19.3402
3,8,2,3,4,8,23.2962
3,9,3,3,11,7,9,15.9703
3,10,2,3,6,10,18.4611
3,11,1,3,11,13.1865
3,11,2,3,6,11,1.46517
4,5,2,4,8,5,7.26723
4,5,2,4,10,5,10.9008
4,6,2,4,3,6,15.5308
4,7,3,4,3,11,7,17.9336
4,7,3,4,10,1,7,1.99263
4,8,1,4,8,21.0984
4,9,4,4,10,1,2,9,12.3074
4,9,4,4,10,1,7,9,4.92296
4,9,4,4,3,11,7,9,4.92296
4,9,5,4,3,6,11,7,9,2.46148
4,10,1,4,10,17.4355
4,11,2,4,3,11,14.8861
4,11,3,4,3,6,11,3.72152
5,6,2,5,10,6,15.3843
5,7,3,5,10,1,7,21.538
5,8,1,5,8,20.5123
5,9,3,5,0,2,9,11.6041
5,9,4,5,10,1,2,9,11.6041
5,9,4,5,10,1,7,9,5.80206
5,10,1,5,10,15.2377
5,11,3,5,10,6,11,16.5564
6,7,2,6,11,7,24.7613
6,8,3,6,3,4,8,24.6588
6,8,3,6,10,5,8,2.73986
6,9,3,6,11,7,9,28.7173
6,10,1,6,10,28.2777
6,11,1,6,11,15.4868
6,11,2,6,3,11,6.63721
7,8,4,7,11,3,4,8,15.5308
7,9,1,7,9,18.3146
7,10,2,7,1,10,11.3697
7,10,3,7,11,6,10,17.0545
7,11,1,7,11,28.4242
8,9,4,8,5,0,2,9,5.40647
8,9,5,8,4,10,1,2,9,9.01078
8,9,5,8,4,10,1,7,9,3.60431
8,10,2,8,4,10,23.8676
8,10,2,8,5,10,2.65195
8,11,3,8,4,3,11,28.2777
9,10,3,9,2,0,10,13.2598
9,10,3,9,7,1,10,8.5388
9,11,2,9,7,11,26.4154
10,11,2,10,6,11,20.6589
