source,destination,length,path
0,1,2,0,10,1,5.52357
0,1,2,0,2,1,22.0943
0,2,1,0,2,22.3776
0,3,3,0,10,4,3,19.7149
0,3,3,0,10,6,3,4.92873
0,4,2,0,10,4,5.72186
0,4,3,0,5,10,4,2.86093
0,4,3,0,5,8,4,5.72186
0,5,1,0,5,28.0428
0,6,2,0,10,6,22.3776
0,7,3,0,2,9,7,5.15534
0,7,3,0,2,1,7,20.6213
0,8,2,0,5,8,21.811
0,9,2,0,2,9,24.7853
0,10,1,0,10,17.2789
0,11,3,0,10,6,11,6.45833
0,11,4,0,5,10,6,11,9.6875
1,2,1,1,2,25.3518
1,3,3,1,7,11,3,9.94243
1,3,3,1,10,4,3,6.62829
1,4,2,1,10,4,14.8712
1,5,2,1,10,5,22.5192
1,6,2,1,10,6,16.8257
1,6,3,1,7,11,6,11.2171
1,7,1,1,7,26.7681
1,8,3,1,10,5,8,14.1064
1,8,4,1,2,0,5,8,9.40424
1,9,2,1,7,9,8.04459
1,9,2,1,2,9,12.0669
1,10,1,1,10,19.4033
1,11,2,1,7,11,23.0857
2,3,4,2,9,7,11,3,7.42142
2,3,4,2,0,10,4,3,11.1321
2,4,3,2,1,10,4,4.50384
2,4,4,2,0,5,8,4,9.00768
2,4,3,2,0,10,4,9.00768
2,5,2,2,0,5,23.2273
2,6,3,2,0,10,6,10.8772
2,6,3,2,1,10,6,7.25146
2,7,2,2,9,7,27.6179
2,8,3,2,0,5,8,18.4119
2,9,1,2,9,14.8712
2,10,2,2,1,10,24.502
2,11,3,2,1,7,11,13.3416
2,11,3,2,9,7,11,8.89437
3,4,1,3,4,27.4762
3,5,3,3,4,8,5,3.54075
3,5,3,3,6,10,5,14.163
3,6,1,3,6,15.5793
3,7,2,3,11,7,18.6952
3,8,2,3,4,8,22.5192
3,9,3,3,11,7,9,15.4377
3,10,2,3,6,10,17.8454
3,11,1,3,11,14.163
4,5,2,4,8,5,7.02485
4,5,2,4,10,5,10.5373
4,6,2,4,3,6,15.0128
4,7,3,4,3,11,7,19.2617
4,8,1,4,8,20.3947
4,9,4,4,10,1,2,9,9.51754
4,9,4,4,10,1,7,9,14.2763
4,10,1,4,10,16.854
4,11,2,4,3,11,17.987
5,6,2,5,10,6,14.8712
5,7,3,5,10,1,7,20.8196
5,8,1,5,8,19.8282
5,9,3,5,0,2,9,11.2171
5,9,4,5,10,1,2,9,16.8257
5,10,1,5,10,14.7295
5,11,3,5,10,6,11,16.0042
6,7,2,6,11,7,23.9355
6,8,3,6,3,4,8,21.1879
6,8,3,6,10,4,8,5.29697
6,9,3,6,11,7,9,27.7595
6,10,1,6,10,27.3346
6,11,1,6,11,17.1089
6,11,2,6,3,11,4.27723
7,8,4,7,11,3,4,8,15.0128
7,9,1,7,9,17.7038
7,10,2,7,1,10,16.4857
7,10,3,7,11,6,10,10.9905
7,11,1,7,11,27.4762
8,9,4,8,5,0,2,9,13.9364
8,9,5,8,4,3,11,7,9,3.4841
8,10,2,8,4,10,25.6351
8,11,3,8,4,3,11,27.3346
9,10,3,9,2,0,10,25.6351
9,11,2,9,7,11,27.6179
10,11,2,10,6,11,19.9698
