switch_id,used_rules,usage
11,27,1.03846
10,43,1.65385
9,21,0.807692
8,19,0.730769
7,27,1.03846
6,24,0.923077
5,24,0.923077
4,31,1.19231
3,26,1
2,29,1.11538
1,28,1.07692
0,29,1.11538
