switch_id,used_rules,usage
11,23,0.884615
10,44,1.69231
9,20,0.769231
8,20,0.769231
7,27,1.03846
6,23,0.884615
5,24,0.923077
4,28,1.07692
3,23,0.884615
2,28,1.07692
1,30,1.15385
0,28,1.07692
