source,destination,length,path
0,1,2,0,10,1,2.85681
0,1,2,0,2,1,25.7112
0,2,1,0,2,23.1474
0,3,3,0,10,4,3,15.2949
0,3,3,0,10,6,3,10.1966
0,4,2,0,10,4,8.87807
0,4,3,0,5,8,4,4.43904
0,4,3,0,5,10,4,1.47968
0,5,1,0,5,29.0076
0,6,2,0,10,6,23.1474
0,7,3,0,2,9,7,15.9981
0,7,3,0,2,1,7,10.6654
0,8,2,0,5,8,22.5614
0,9,2,0,2,9,25.638
0,10,1,0,10,17.8733
0,11,3,0,10,6,11,5.0104
0,11,4,0,5,10,6,11,6.68053
0,11,5,0,5,8,4,3,11,3.34026
0,11,4,0,10,6,3,11,1.67013
1,2,1,1,2,26.224
1,3,3,1,7,11,3,5.14225
1,3,3,1,10,4,3,11.9986
1,4,2,1,10,4,15.3828
1,5,2,1,10,5,20.9646
1,5,3,1,2,0,5,2.3294
1,6,2,1,10,6,20.3053
1,6,3,1,7,11,6,8.70227
1,7,1,1,7,27.689
1,8,3,1,10,5,8,7.29584
1,8,3,1,10,4,8,2.43195
1,8,4,1,2,0,5,8,14.5917
1,9,2,1,7,9,10.4017
1,9,2,1,2,9,10.4017
1,10,1,1,10,20.0709
1,11,2,1,7,11,23.88
2,3,4,2,9,7,11,3,1.91919
2,3,4,2,0,10,4,3,13.4343
2,3,4,2,0,10,6,3,3.83837
2,4,3,2,1,10,4,2.3294
2,4,3,2,0,10,4,11.647
2,4,4,2,0,5,8,4,6.98819
2,4,4,2,0,5,10,4,2.3294
2,5,2,2,0,5,24.0265
2,6,3,2,0,10,6,1.87524
2,6,4,2,9,7,11,6,5.62571
2,6,3,2,1,10,6,11.2514
2,7,2,2,1,7,8.57042
2,7,2,2,9,7,19.9976
2,8,3,2,0,5,8,19.0454
2,9,1,2,9,15.3828
2,10,2,2,1,10,12.6725
2,10,2,2,0,10,12.6725
2,11,3,2,9,7,11,6.90028
2,11,3,2,1,7,11,16.1007
3,4,1,3,4,28.4216
3,5,3,3,4,8,5,1.83129
3,5,3,3,6,10,5,16.4816
3,6,1,3,6,16.1153
3,7,2,3,11,7,19.3384
3,8,2,3,4,8,23.294
3,9,3,3,11,7,9,15.9688
3,10,2,3,6,10,18.4594
3,11,1,3,11,14.6503
4,5,2,4,10,5,12.7164
4,5,2,4,8,5,5.44991
4,6,2,4,3,6,15.5293
4,7,3,4,3,11,7,15.9395
4,7,3,4,10,1,7,3.98488
4,8,1,4,8,21.0964
4,9,4,4,10,1,2,9,12.3062
4,9,4,4,10,1,7,9,4.9225
4,9,4,4,3,11,7,9,7.38374
4,10,1,4,10,17.4338
4,11,2,4,3,11,14.8847
4,11,3,4,3,6,11,3.72117
5,6,2,5,10,6,15.3828
5,7,3,5,10,1,7,21.5359
5,8,1,5,8,20.5104
5,9,3,5,0,2,9,8.70227
5,9,4,5,10,1,2,9,17.4045
5,9,4,5,10,1,7,9,2.90076
5,10,1,5,10,15.2363
5,11,3,5,10,6,11,16.5548
6,7,2,6,11,7,24.759
6,8,3,6,3,4,8,24.6564
6,8,3,6,10,5,8,2.7396
6,9,3,6,11,7,9,28.7146
6,10,1,6,10,28.275
6,11,1,6,11,19.9097
6,11,2,6,3,11,2.21219
7,8,4,7,11,3,4,8,15.5293
7,9,1,7,9,18.3129
7,10,2,7,1,10,14.2108
7,10,3,7,11,6,10,14.2108
7,11,1,7,11,28.4216
8,9,4,8,5,0,2,9,7.20794
8,9,5,8,5,10,1,7,9,1.80198
8,9,5,8,4,10,1,2,9,3.60397
8,9,5,8,4,3,11,7,9,1.80198
8,9,5,8,4,10,1,7,9,3.60397
8,10,2,8,4,10,26.517
8,11,3,8,4,3,11,28.275
9,10,3,9,2,0,10,13.2585
9,10,3,9,7,1,10,10.6068
9,10,3,9,2,1,10,2.6517
9,11,2,9,7,11,28.5681
10,11,2,10,6,11,20.6569
