switch_id,used_rules,usage
11,4,0.153846
10,7,0.269231
9,2,0.0769231
8,0,0
7,4,0.153846
6,6,0.230769
5,1,0.0384615
4,3,0.115385
3,1,0.0384615
2,4,0.153846
1,4,0.153846
0,5,0.192308
