switch_id,used_rules,usage
11,2,0.0769231
10,6,0.230769
9,2,0.0769231
8,2,0.0769231
7,2,0.0769231
6,3,0.115385
5,4,0.153846
4,3,0.115385
3,4,0.153846
2,4,0.153846
1,4,0.153846
0,2,0.0769231
