switch_id,used_rules,usage
11,33,1.26923
10,53,2.03846
9,27,1.03846
8,25,0.961538
7,34,1.30769
6,29,1.11538
5,31,1.19231
4,40,1.53846
3,33,1.26923
2,35,1.34615
1,34,1.30769
0,35,1.34615
