switch_id,used_rules,usage
11,1,0.0384615
10,4,0.153846
9,3,0.115385
8,0,0
7,0,0
6,3,0.115385
5,2,0.0769231
4,2,0.0769231
3,2,0.0769231
2,4,0.153846
1,1,0.0384615
0,3,0.115385
