switch_id,used_rules,usage
11,24,0.923077
10,45,1.73077
9,21,0.807692
8,19,0.730769
7,27,1.03846
6,23,0.884615
5,24,0.923077
4,31,1.19231
3,24,0.923077
2,32,1.23077
1,29,1.11538
0,30,1.15385
