source,destination,length,path
0,1,2,0,10,1,4.69916
0,1,2,0,2,1,23.4958
0,2,1,0,2,22.8451
0,3,3,0,10,4,3,12.5793
0,3,3,0,10,6,3,12.5793
0,4,2,0,10,4,7.30177
0,4,3,0,5,8,4,7.30177
0,5,1,0,5,28.6287
0,6,2,0,10,6,22.8451
0,7,3,0,2,9,7,4.38588
0,7,3,0,2,1,7,17.5435
0,7,4,0,5,10,1,7,4.38588
0,8,2,0,5,8,22.2668
0,9,2,0,2,9,25.3032
0,10,1,0,10,17.6399
0,11,3,0,10,6,11,10.9888
0,11,5,0,5,10,4,3,11,2.7472
0,11,5,0,5,8,4,3,11,2.7472
1,2,1,1,2,25.8815
1,3,3,1,7,11,3,5.63899
1,3,3,1,10,4,3,11.278
1,4,2,1,10,4,15.1819
1,5,2,1,10,5,22.9897
1,6,2,1,10,6,19.0858
1,6,3,1,7,11,6,9.54291
1,7,1,1,7,27.3274
1,8,3,1,10,5,8,8.00062
1,8,4,1,2,0,5,8,16.0012
1,9,2,1,7,9,6.84391
1,9,2,1,2,9,13.6878
1,10,1,1,10,19.8088
1,11,2,1,7,11,23.5681
2,3,4,2,9,7,11,3,6.31374
2,3,4,2,0,10,4,3,9.47062
2,3,4,2,0,10,6,3,3.15687
2,4,3,2,1,10,4,3.83162
2,4,3,2,0,10,4,11.4949
2,4,4,2,0,5,10,4,7.66325
2,5,2,2,0,5,23.7127
2,6,3,2,0,10,6,6.16915
2,6,4,2,9,7,11,6,6.16915
2,6,3,2,1,10,6,6.16915
2,7,2,2,9,7,18.7966
2,7,2,2,1,7,9.39832
2,8,3,2,0,5,8,18.7966
2,9,1,2,9,15.1819
2,10,2,2,1,10,12.507
2,10,2,2,0,10,12.507
2,11,3,2,1,7,11,11.3503
2,11,3,2,9,7,11,11.3503
3,4,1,3,4,28.0504
3,5,3,3,4,8,5,3.01228
3,5,3,3,6,10,5,15.0614
3,6,1,3,6,15.9049
3,7,2,3,11,7,19.0858
3,8,2,3,4,8,22.9897
3,9,3,3,11,7,9,15.7603
3,10,2,3,6,10,18.2183
3,11,1,3,11,14.459
4,5,2,4,8,5,8.96455
4,5,2,4,10,5,8.96455
4,6,2,4,3,6,15.3265
4,7,3,4,3,11,7,19.6642
4,8,1,4,8,20.8209
4,9,4,4,10,1,2,9,8.09701
4,9,4,4,10,1,7,9,12.1455
4,9,4,4,3,11,7,9,4.04851
4,10,1,4,10,17.2062
4,11,2,4,3,11,15.3024
4,11,3,4,3,6,11,3.06048
5,6,2,5,10,6,15.1819
5,7,3,5,10,1,7,21.2547
5,8,1,5,8,20.2425
5,9,3,5,0,2,9,14.3144
5,9,4,5,10,1,2,9,14.3144
5,10,1,5,10,15.0373
5,11,3,5,10,6,11,16.3386
6,7,2,6,11,7,24.4356
6,8,3,6,3,4,8,22.5319
6,8,3,6,10,5,8,4.50637
6,9,3,6,11,7,9,28.3396
6,10,1,6,10,27.9058
6,11,1,6,11,21.833
7,8,4,7,11,3,4,8,15.3265
7,9,1,7,9,18.0737
7,10,2,7,1,10,18.7002
7,10,3,7,11,6,10,9.35012
7,11,1,7,11,28.0504
8,9,4,8,5,0,2,9,11.8563
8,9,5,8,4,10,1,7,9,2.96409
8,9,5,8,4,10,1,2,9,2.96409
8,10,2,8,4,10,26.1707
8,11,3,8,4,3,11,27.9058
9,10,3,9,2,0,10,8.72357
9,10,3,9,2,1,10,4.36178
9,10,3,9,7,1,10,13.0854
9,11,2,9,7,11,28.195
10,11,2,10,6,11,20.3871
