source,destination,length,path
0,1,2,0,10,1,3.99485
0,1,2,0,2,1,23.9691
0,2,1,0,2,22.6579
0,3,3,0,10,4,3,14.2585
0,3,3,0,10,6,3,10.6939
0,4,2,0,10,4,4.13825
0,4,3,0,5,8,4,10.3456
0,5,1,0,5,28.3941
0,6,2,0,10,6,22.6579
0,7,3,0,2,9,7,3.72852
0,7,3,0,2,1,7,18.6426
0,7,4,0,5,10,1,7,3.72852
0,8,2,0,5,8,22.0843
0,9,2,0,2,9,25.0958
0,10,1,0,10,17.4954
0,11,3,0,10,6,11,9.34179
0,11,4,0,10,4,3,11,2.33545
0,11,5,0,5,10,4,3,11,4.6709
1,2,1,1,2,25.6694
1,3,3,1,7,11,3,4.79381
1,3,3,1,10,4,3,11.9845
1,4,2,1,10,4,15.0575
1,5,2,1,10,5,22.8013
1,6,2,1,10,6,20.2815
1,6,3,1,7,11,6,8.11261
1,7,1,1,7,27.1035
1,8,3,1,10,5,8,6.80148
1,8,4,1,2,0,5,8,17.0037
1,9,2,1,7,9,5.81813
1,9,2,1,2,9,14.5453
1,10,1,1,10,19.6464
1,11,2,1,7,11,23.375
2,3,4,2,9,7,11,3,8.05115
2,3,4,2,0,10,4,3,8.05115
2,3,4,2,0,10,6,3,2.68372
2,4,3,2,1,10,4,3.25734
2,4,3,2,0,10,4,13.0293
2,4,4,2,0,5,10,4,6.51467
2,5,2,2,0,5,23.5184
2,6,3,2,0,10,6,2.62226
2,6,4,2,9,7,11,6,5.24451
2,6,3,2,1,10,6,10.489
2,7,2,2,9,7,23.9691
2,7,2,2,1,7,3.99485
2,8,3,2,0,5,8,18.6426
2,9,1,2,9,15.0575
2,10,2,2,1,10,10.6324
2,10,2,2,0,10,14.1766
2,11,3,2,1,7,11,16.0818
2,11,3,2,9,7,11,6.43273
3,4,1,3,4,27.8205
3,5,3,3,4,8,5,2.5608
3,5,3,3,6,10,5,15.3648
3,6,1,3,6,15.7745
3,7,2,3,11,7,18.9294
3,8,2,3,4,8,22.8013
3,9,3,3,11,7,9,15.6311
3,10,2,3,6,10,18.069
3,11,1,3,11,14.3405
4,5,2,4,8,5,7.62094
4,5,2,4,10,5,10.1612
4,6,2,4,3,6,15.2009
4,7,3,4,3,11,7,19.503
4,8,1,4,8,20.6503
4,9,4,4,10,1,2,9,6.88343
4,9,4,4,10,1,7,9,10.3251
4,9,4,4,3,11,7,9,3.44171
4,9,5,4,3,6,11,7,9,3.44171
4,10,1,4,10,17.0652
4,11,2,4,3,11,15.6106
4,11,3,4,3,6,11,2.60177
5,6,2,5,10,6,15.0575
5,7,3,5,10,1,7,21.0805
5,8,1,5,8,20.0767
5,9,3,5,0,2,9,12.1689
5,9,4,5,10,1,2,9,12.1689
5,9,4,5,10,1,7,9,4.0563
5,10,1,5,10,14.9141
5,11,3,5,10,6,11,16.2047
6,7,2,6,11,7,24.2354
6,8,3,6,3,4,8,22.9857
6,8,3,6,10,5,8,3.83095
6,9,3,6,11,7,9,28.1073
6,10,1,6,10,27.6771
6,11,1,6,11,21.6541
7,8,4,7,11,3,4,8,15.2009
7,9,1,7,9,17.9256
7,10,2,7,1,10,15.8974
7,10,3,7,11,6,10,11.9231
7,11,1,7,11,27.8205
8,9,4,8,5,0,2,9,10.0793
8,9,5,8,4,10,1,7,9,2.51983
8,9,5,8,4,10,1,2,9,5.03965
8,10,2,8,4,10,25.9563
8,11,3,8,4,3,11,27.6771
9,10,3,9,2,0,10,14.8321
9,10,3,9,2,1,10,3.70804
9,10,3,9,7,1,10,7.41607
9,11,2,9,7,11,27.9639
10,11,2,10,6,11,20.2201
