switch_id,used_rules,usage
11,7,0.269231
10,7,0.269231
9,6,0.230769
8,3,0.115385
7,6,0.230769
6,6,0.230769
5,3,0.115385
4,6,0.230769
3,6,0.230769
2,6,0.230769
1,3,0.115385
0,3,0.115385
