switch_id,used_rules,usage
11,3,0.115385
10,3,0.115385
9,2,0.0769231
8,2,0.0769231
7,2,0.0769231
6,3,0.115385
5,3,0.115385
4,2,0.0769231
3,5,0.192308
2,0,0
1,2,0.0769231
0,1,0.0384615
