switch_id,used_rules,usage
11,5,0.192308
10,8,0.307692
9,3,0.115385
8,1,0.0384615
7,4,0.153846
6,6,0.230769
5,2,0.0769231
4,5,0.192308
3,3,0.115385
2,6,0.230769
1,6,0.230769
0,4,0.153846
