switch_id,used_rules,usage
11,1,0.0384615
10,2,0.0769231
9,1,0.0384615
8,2,0.0769231
7,2,0.0769231
6,1,0.0384615
5,1,0.0384615
4,1,0.0384615
3,1,0.0384615
2,0,0
1,1,0.0384615
0,0,0
