source,destination,length,path
0,1,2,0,10,1,4.04132
0,1,2,0,2,1,24.2479
0,2,1,0,2,22.9215
0,3,3,0,10,4,3,14.4244
0,3,3,0,10,6,3,10.8183
0,4,2,0,10,4,10.466
0,4,3,0,5,8,4,4.18639
0,5,1,0,5,28.7244
0,6,2,0,10,6,22.9215
0,7,3,0,2,9,7,7.54379
0,7,3,0,2,1,7,18.8595
0,8,2,0,5,8,22.3412
0,9,2,0,2,9,25.3878
0,10,1,0,10,12.6421
0,10,2,0,5,10,5.05683
0,11,3,0,10,6,11,11.8131
0,11,4,0,10,4,3,11,2.36262
0,11,5,0,5,10,4,3,11,2.36262
1,2,1,1,2,25.968
1,3,3,1,7,11,3,5.65082
1,3,3,1,10,4,3,9.69916
1,4,2,1,10,4,15.2327
1,5,2,1,10,5,19.7714
1,5,3,1,2,0,5,3.29523
1,6,2,1,10,6,24.6209
1,6,3,1,7,11,6,4.10349
1,7,1,1,7,27.4188
1,8,3,1,10,5,8,10.3209
1,8,4,1,2,0,5,8,13.7612
1,9,2,1,7,9,5.88581
1,9,2,1,2,9,14.7145
1,10,1,1,10,19.875
1,11,2,1,7,11,23.6469
2,3,4,2,9,7,11,3,0
2,3,4,2,0,10,4,3,10.8597
2,3,4,2,0,10,6,3,2.71494
2,3,5,2,0,5,10,4,3,2.71494
2,4,3,2,1,10,4,3.29523
2,4,4,2,0,5,8,4,9.88568
2,4,3,2,0,10,4,9.88568
2,5,2,2,0,5,23.792
2,6,3,2,0,10,6,2.65276
2,6,4,2,9,7,11,6,10.1543
2,6,3,2,1,10,6,5.30552
2,7,2,2,1,7,12.1239
2,7,2,2,9,7,16.1653
2,8,3,2,0,5,8,18.8595
2,9,1,2,9,15.2327
2,10,2,2,1,10,17.9269
2,10,2,2,0,10,7.17074
2,11,3,2,9,7,11,13.0151
2,11,3,2,1,7,11,9.76133
3,4,1,3,4,28.1441
3,5,3,3,4,8,5,2.59059
3,5,3,3,6,10,5,15.5435
3,6,1,3,6,15.958
3,7,2,3,11,7,19.1496
3,8,2,3,4,8,23.0666
3,9,3,3,11,7,9,15.8129
3,10,2,3,6,10,18.2792
3,11,1,3,11,14.5073
4,5,2,4,10,5,12.8493
4,5,2,4,8,5,5.13972
4,6,2,4,3,6,15.3777
4,7,3,4,3,11,7,14.0928
4,7,3,4,10,1,7,5.63712
4,8,1,4,8,20.8905
4,9,4,4,10,1,2,9,6.9635
4,9,4,4,10,1,7,9,13.927
4,9,4,4,3,11,7,9,3.48175
4,10,1,4,10,17.2637
4,11,2,4,3,11,13.1602
4,11,3,4,3,6,11,5.26407
5,6,2,5,10,6,15.2327
5,7,3,5,10,1,7,21.3257
5,8,1,5,8,20.3102
5,9,3,5,0,2,9,12.3105
5,9,4,5,10,1,2,9,16.414
5,10,1,5,10,15.0876
5,11,3,5,10,6,11,16.3932
6,7,2,6,11,7,24.5173
6,8,3,6,3,4,8,23.2531
6,8,3,6,10,4,8,3.87552
6,9,3,6,11,7,9,28.4343
6,10,1,6,10,27.9991
6,11,1,6,11,18.7766
6,11,2,6,3,11,3.12943
7,8,4,7,11,3,4,8,15.3777
7,9,1,7,9,18.1341
7,10,2,7,1,10,16.0824
7,10,3,7,11,6,10,12.0618
7,11,1,7,11,28.1441
8,9,4,8,5,0,2,9,7.64741
8,9,5,8,4,3,11,7,9,7.64741
8,9,5,8,4,10,1,2,9,0.461541
8,10,2,8,4,10,22.507
8,10,2,8,5,10,3.75117
8,11,3,8,4,3,11,27.9991
9,10,3,9,2,0,10,15.0047
9,10,3,9,7,1,10,6.21039
9,10,3,9,2,1,10,0
9,11,2,9,7,11,28.2892
10,11,2,10,6,11,20.4553
