switch_id,used_rules,usage
11,1,0.0384615
10,2,0.0769231
9,2,0.0769231
8,0,0
7,1,0.0384615
6,2,0.0769231
5,1,0.0384615
4,0,0
3,1,0.0384615
2,5,0.192308
1,2,0.0769231
0,5,0.192308
