switch_id,used_rules,usage
11,5,0.192308
10,6,0.230769
9,3,0.115385
8,3,0.115385
7,3,0.115385
6,5,0.192308
5,2,0.0769231
4,5,0.192308
3,4,0.153846
2,2,0.0769231
1,4,0.153846
0,1,0.0384615
