switch_id,used_rules,usage
11,6,0.230769
10,6,0.230769
9,3,0.115385
8,5,0.192308
7,4,0.153846
6,5,0.192308
5,4,0.153846
4,4,0.153846
3,3,0.115385
2,1,0.0384615
1,1,0.0384615
0,2,0.0769231
