source,destination,length,path
0,1,2,0,10,1,4.65788
0,1,2,0,2,1,23.2894
0,2,1,0,2,22.6445
0,3,3,0,10,4,3,16.6251
0,3,3,0,10,6,3,8.31253
0,4,2,0,10,4,4.82509
0,4,3,0,5,10,4,2.41254
0,4,3,0,5,8,4,7.23763
0,5,1,0,5,28.3773
0,6,2,0,10,6,22.6445
0,7,3,0,2,9,7,13.0421
0,7,3,0,2,1,7,13.0421
0,8,2,0,5,8,22.0712
0,9,2,0,2,9,25.0809
0,10,1,0,10,17.485
0,11,3,0,10,6,11,2.72307
0,11,4,0,5,10,6,11,8.16921
0,11,5,0,5,10,4,3,11,2.72307
0,11,4,0,10,4,3,11,2.72307
1,2,1,1,2,25.6542
1,3,3,1,7,11,3,5.58946
1,3,3,1,10,4,3,8.38419
1,3,3,1,10,6,3,2.79473
1,4,2,1,10,4,15.0485
1,5,2,1,10,5,18.9898
1,5,3,1,2,0,5,3.79797
1,6,2,1,10,6,18.9182
1,6,3,1,7,11,6,9.45908
1,7,1,1,7,27.0874
1,8,3,1,10,5,8,11.8955
1,8,4,1,2,0,5,8,11.8955
1,9,2,1,7,9,10.1757
1,9,2,1,2,9,10.1757
1,10,1,1,10,19.6348
1,11,2,1,7,11,23.3611
2,3,4,2,9,7,11,3,1.84778
2,3,5,2,0,5,8,4,3,3.12914
2,3,4,2,0,10,6,3,3.12914
2,3,4,2,0,10,4,3,9.38742
2,4,3,2,1,10,4,3.79797
2,4,3,2,0,10,4,15.1919
2,4,4,2,0,5,8,4,3.79797
2,5,2,2,0,5,23.5044
2,6,3,2,0,10,6,3.05748
2,6,3,2,1,10,6,9.17245
2,6,4,2,9,7,11,6,6.11496
2,7,2,2,9,7,27.9473
2,8,3,2,0,5,8,18.6315
2,9,1,2,9,15.0485
2,10,2,2,1,10,20.6619
2,10,2,2,0,10,4.13238
2,11,3,2,1,7,11,18.751
2,11,3,2,9,7,11,3.75019
3,4,1,3,4,27.804
3,5,3,3,4,8,5,2.98582
3,5,3,3,6,10,5,14.9291
3,6,1,3,6,15.7651
3,7,2,3,11,7,18.9182
3,8,2,3,4,8,22.7878
3,9,3,3,11,7,9,13.0182
3,9,4,3,6,11,7,9,2.60364
3,10,2,3,6,10,18.0583
3,11,1,3,11,11.9433
3,11,2,3,6,11,2.38866
4,5,2,4,8,5,8.88581
4,5,2,4,10,5,8.88581
4,6,2,4,3,6,15.1919
4,7,3,4,3,11,7,19.4914
4,8,1,4,8,20.638
4,9,4,4,10,1,2,9,12.0388
4,9,4,4,10,1,7,9,8.02589
4,9,4,4,3,11,7,9,4.01294
4,10,1,4,10,17.055
4,11,2,4,3,11,9.10079
4,11,3,4,10,6,11,3.0336
4,11,3,4,3,6,11,6.06719
5,6,2,5,10,6,15.0485
5,7,3,5,10,1,7,21.068
5,8,1,5,8,20.0647
5,9,3,5,0,2,9,9.45908
5,9,4,5,10,1,7,9,4.72954
5,9,4,5,10,1,2,9,14.1886
5,10,1,5,10,14.9052
5,11,3,5,10,6,11,16.1951
6,7,2,6,11,7,24.221
6,8,3,6,3,4,8,22.3339
6,8,3,6,10,5,8,4.46679
6,9,3,6,11,7,9,28.0906
6,10,1,6,10,27.6607
6,11,1,6,11,10.8206
6,11,2,6,3,11,10.8206
7,8,4,7,11,3,4,8,15.1919
7,9,1,7,9,17.9149
7,10,2,7,1,10,13.902
7,10,3,7,11,6,10,13.902
7,11,1,7,11,27.804
8,9,4,8,5,0,2,9,5.8761
8,9,5,8,4,3,11,7,9,2.93805
8,9,5,8,4,10,1,7,9,5.8761
8,9,5,8,4,10,1,2,9,2.93805
8,10,2,8,4,10,25.9408
8,11,3,8,4,3,11,27.6607
9,10,3,9,2,0,10,21.6174
9,10,3,9,7,1,10,4.32347
9,11,2,9,7,11,23.4653
10,11,2,10,6,11,20.208
