switch_id,used_rules,usage
11,7,0.269231
10,8,0.307692
9,3,0.115385
8,2,0.0769231
7,6,0.230769
6,6,0.230769
5,6,0.230769
4,4,0.153846
3,2,0.0769231
2,2,0.0769231
1,3,0.115385
0,2,0.0769231
