switch_id,used_rules,usage
11,1,0.0384615
10,4,0.153846
9,1,0.0384615
8,1,0.0384615
7,2,0.0769231
6,3,0.115385
5,3,0.115385
4,0,0
3,1,0.0384615
2,3,0.115385
1,3,0.115385
0,2,0.0769231
