switch_id,used_rules,usage
11,2,0.0769231
10,3,0.115385
9,0,0
8,4,0.153846
7,2,0.0769231
6,1,0.0384615
5,4,0.153846
4,1,0.0384615
3,2,0.0769231
2,2,0.0769231
1,2,0.0769231
0,2,0.0769231
