switch_id,used_rules,usage
11,2,0.0769231
10,4,0.153846
9,2,0.0769231
8,3,0.115385
7,1,0.0384615
6,3,0.115385
5,4,0.153846
4,1,0.0384615
3,0,0
2,1,0.0384615
1,0,0
0,4,0.153846
