switch_id,used_rules,usage
11,2,0.0769231
10,3,0.115385
9,1,0.0384615
8,0,0
7,3,0.115385
6,1,0.0384615
5,1,0.0384615
4,2,0.0769231
3,0,0
2,2,0.0769231
1,3,0.115385
0,2,0.0769231
