switch_id,used_rules,usage
11,30,1.15385
10,48,1.84615
9,24,0.923077
8,20,0.769231
7,30,1.15385
6,28,1.07692
5,28,1.07692
4,34,1.30769
3,28,1.07692
2,35,1.34615
1,30,1.15385
0,33,1.26923
