switch_id,used_rules,usage
11,24,0.923077
10,44,1.69231
9,21,0.807692
8,18,0.692308
7,27,1.03846
6,23,0.884615
5,22,0.846154
4,28,1.07692
3,23,0.884615
2,30,1.15385
1,29,1.11538
0,28,1.07692
