switch_id,used_rules,usage
11,3,0.115385
10,4,0.153846
9,0,0
8,2,0.0769231
7,1,0.0384615
6,3,0.115385
5,2,0.0769231
4,3,0.115385
3,4,0.153846
2,4,0.153846
1,3,0.115385
0,5,0.192308
