switch_id,used_rules,usage
11,5,0.192308
10,2,0.0769231
9,2,0.0769231
8,1,0.0384615
7,4,0.153846
6,1,0.0384615
5,2,0.0769231
4,0,0
3,2,0.0769231
2,1,0.0384615
1,2,0.0769231
0,1,0.0384615
