switch_id,used_rules,usage
11,28,1.07692
10,48,1.84615
9,26,1
8,18,0.692308
7,32,1.23077
6,25,0.961538
5,25,0.961538
4,32,1.23077
3,27,1.03846
2,33,1.26923
1,33,1.26923
0,30,1.15385
