switch_id,used_rules,usage
11,3,0.115385
10,4,0.153846
9,2,0.0769231
8,2,0.0769231
7,1,0.0384615
6,2,0.0769231
5,3,0.115385
4,2,0.0769231
3,1,0.0384615
2,2,0.0769231
1,1,0.0384615
0,2,0.0769231
