switch_id,used_rules,usage
11,1,0.0384615
10,8,0.307692
9,3,0.115385
8,1,0.0384615
7,4,0.153846
6,3,0.115385
5,5,0.192308
4,3,0.115385
3,2,0.0769231
2,5,0.192308
1,6,0.230769
0,2,0.0769231
