switch_id,used_rules,usage
11,28,1.07692
10,48,1.84615
9,23,0.884615
8,21,0.807692
7,28,1.07692
6,27,1.03846
5,27,1.03846
4,31,1.19231
3,27,1.03846
2,33,1.26923
1,31,1.19231
0,31,1.19231
