source,destination,length,path
0,1,2,0,10,1,5.51954
0,1,2,0,2,1,22.0782
0,2,1,0,2,22.3612
0,3,3,0,10,4,3,14.7754
0,3,3,0,10,6,3,9.85026
0,4,2,0,10,4,11.4354
0,4,3,0,5,10,4,2.85884
0,5,1,0,5,28.0223
0,6,2,0,10,6,22.3612
0,7,3,0,2,9,7,10.3031
0,7,3,0,2,1,7,15.4547
0,8,2,0,5,8,21.7951
0,9,2,0,2,9,24.7672
0,10,1,0,10,17.2663
0,11,3,0,10,6,11,9.68042
0,11,4,0,5,10,6,11,3.22681
0,11,5,0,5,10,4,3,11,3.22681
1,2,1,1,2,25.3333
1,3,3,1,7,11,3,9.93517
1,3,3,1,10,4,3,6.62345
1,4,2,1,10,4,14.8603
1,5,2,1,10,5,22.5027
1,6,2,1,10,6,11.2089
1,6,3,1,7,11,6,16.8134
1,7,1,1,7,26.7485
1,8,3,1,10,5,8,9.39737
1,8,4,1,2,0,5,8,14.0961
1,9,2,1,7,9,8.03871
1,9,2,1,2,9,12.0581
1,10,1,1,10,19.3892
1,11,2,1,7,11,23.0688
2,3,4,2,9,7,11,3,7.416
2,3,4,2,0,10,4,3,7.416
2,3,4,2,0,10,6,3,3.708
2,4,3,2,1,10,4,4.50055
2,4,4,2,0,5,8,4,13.5016
2,4,4,2,0,5,10,4,4.50055
2,5,2,2,0,5,23.2104
2,6,3,2,0,10,6,7.24617
2,6,3,2,1,10,6,10.8692
2,7,2,2,9,7,27.5977
2,8,3,2,0,5,8,18.3985
2,9,1,2,9,14.8603
2,10,2,2,1,10,24.4841
2,11,3,2,1,7,11,13.3318
2,11,3,2,9,7,11,8.88787
3,4,1,3,4,27.4562
3,5,3,3,4,8,5,3.53817
3,5,3,3,6,10,5,14.1527
3,6,1,3,6,15.5679
3,7,2,3,11,7,18.6815
3,8,2,3,4,8,22.5027
3,9,3,3,11,7,9,15.4264
3,10,2,3,6,10,17.8324
3,11,1,3,11,14.1527
4,5,2,4,8,5,7.01972
4,5,2,4,10,5,10.5296
4,6,2,4,3,6,15.0018
4,7,3,4,3,11,7,15.3981
4,7,3,4,10,1,7,3.84953
4,8,1,4,8,20.3798
4,9,4,4,10,1,2,9,9.51059
4,9,4,4,10,1,7,9,9.51059
4,9,4,4,3,11,7,9,4.7553
4,10,1,4,10,16.8417
4,11,2,4,3,11,14.3791
4,11,3,4,3,6,11,3.59478
5,6,2,5,10,6,14.8603
5,7,3,5,10,1,7,20.8044
5,8,1,5,8,19.8137
5,9,3,5,0,2,9,16.8134
5,9,4,5,10,1,2,9,11.2089
5,10,1,5,10,14.7188
5,11,3,5,10,6,11,15.9925
6,7,2,6,11,7,23.918
6,8,3,6,3,4,8,21.1724
6,8,3,6,10,4,8,5.2931
6,9,3,6,11,7,9,27.7392
6,10,1,6,10,27.3146
6,11,1,6,11,21.3705
7,8,4,7,11,3,4,8,15.0018
7,9,1,7,9,17.6908
7,10,2,7,1,10,21.9649
7,10,3,7,11,6,10,5.49123
7,11,1,7,11,27.4562
8,9,4,8,5,0,2,9,6.96311
8,9,5,8,4,3,11,7,9,6.96311
8,9,5,8,4,10,1,2,9,3.48156
8,10,2,8,4,10,25.6163
8,11,3,8,4,3,11,27.3146
9,10,3,9,2,0,10,25.6163
9,11,2,9,7,11,27.5977
10,11,2,10,6,11,19.9553
