switch_id,used_rules,usage
11,1,0.0384615
10,1,0.0384615
9,0,0
8,1,0.0384615
7,1,0.0384615
6,1,0.0384615
5,1,0.0384615
4,0,0
3,2,0.0769231
2,1,0.0384615
1,2,0.0769231
0,0,0
