switch_id,used_rules,usage
11,5,0.192308
10,9,0.346154
9,4,0.153846
8,4,0.153846
7,4,0.153846
6,5,0.192308
5,5,0.192308
4,4,0.153846
3,5,0.192308
2,5,0.192308
1,2,0.0769231
0,5,0.192308
