switch_id,used_rules,usage
26,204,3.04478
25,260,3.8806
24,228,3.40299
23,322,4.80597
22,205,3.0597
21,283,4.22388
20,156,2.32836
19,293,4.37313
18,414,6.1791
17,282,4.20896
16,358,5.34328
15,489,7.29851
14,278,4.14925
13,235,3.50746
12,259,3.86567
11,248,3.70149
10,341,5.08955
9,182,2.71642
8,341,5.08955
7,198,2.95522
6,242,3.61194
5,279,4.16418
4,313,4.67164
3,220,3.28358
2,328,4.89552
1,217,3.23881
0,141,2.10448
