switch_id,used_rules,usage
14,296,2.81905
13,458,4.3619
12,422,4.01905
11,306,2.91429
10,240,2.28571
9,531,5.05714
8,593,5.64762
7,546,5.2
6,603,5.74286
5,580,5.52381
4,336,3.2
3,337,3.20952
2,288,2.74286
1,255,2.42857
0,445,4.2381
