switch_id,used_rules,usage
14,96,0.914286
13,241,2.29524
12,227,2.1619
11,113,1.07619
10,137,1.30476
9,213,2.02857
8,218,2.07619
7,234,2.22857
6,268,2.55238
5,281,2.67619
4,171,1.62857
3,183,1.74286
2,152,1.44762
1,126,1.2
0,170,1.61905
