switch_id,used_rules,usage
14,45,0.428571
13,129,1.22857
12,130,1.2381
11,46,0.438095
10,56,0.533333
9,108,1.02857
8,104,0.990476
7,134,1.27619
6,152,1.44762
5,181,1.72381
4,107,1.01905
3,110,1.04762
2,102,0.971429
1,88,0.838095
0,126,1.2
