switch_id,used_rules,usage
14,193,1.8381
13,335,3.19048
12,313,2.98095
11,192,1.82857
10,176,1.67619
9,363,3.45714
8,398,3.79048
7,384,3.65714
6,405,3.85714
5,415,3.95238
4,239,2.27619
3,246,2.34286
2,221,2.10476
1,193,1.8381
0,290,2.7619
