switch_id,used_rules,usage
14,328,3.12381
13,481,4.58095
12,449,4.27619
11,347,3.30476
10,246,2.34286
9,600,5.71429
8,651,6.2
7,603,5.74286
6,644,6.13333
5,642,6.11429
4,385,3.66667
3,356,3.39048
2,351,3.34286
1,295,2.80952
0,478,4.55238
