switch_id,used_rules,usage
14,37,0.352381
13,110,1.04762
12,109,1.0381
11,42,0.4
10,55,0.52381
9,84,0.8
8,75,0.714286
7,97,0.92381
6,119,1.13333
5,133,1.26667
4,77,0.733333
3,85,0.809524
2,66,0.628571
1,56,0.533333
0,85,0.809524
