switch_id,used_rules,usage
14,153,1.45714
13,281,2.67619
12,264,2.51429
11,164,1.5619
10,156,1.48571
9,304,2.89524
8,314,2.99048
7,294,2.8
6,340,3.2381
5,344,3.27619
4,208,1.98095
3,222,2.11429
2,183,1.74286
1,155,1.47619
0,207,1.97143
