switch_id,used_rules,usage
14,34,0.32381
13,97,0.92381
12,102,0.971429
11,37,0.352381
10,42,0.4
9,84,0.8
8,76,0.72381
7,98,0.933333
6,117,1.11429
5,138,1.31429
4,73,0.695238
3,76,0.72381
2,77,0.733333
1,71,0.67619
0,91,0.866667
