switch_id,used_rules,usage
14,122,1.1619
13,230,2.19048
12,220,2.09524
11,121,1.15238
10,119,1.13333
9,245,2.33333
8,256,2.4381
7,256,2.4381
6,279,2.65714
5,303,2.88571
4,181,1.72381
3,190,1.80952
2,167,1.59048
1,152,1.44762
0,193,1.8381
