switch_id,used_rules,usage
10,65,1.18182
9,75,1.36364
8,35,0.636364
7,40,0.727273
6,42,0.763636
5,42,0.763636
4,30,0.545455
3,42,0.763636
2,66,1.2
1,36,0.654545
0,37,0.672727
