switch_id,used_rules,usage
10,311,5.65455
9,503,9.14545
8,152,2.76364
7,160,2.90909
6,177,3.21818
5,174,3.16364
4,150,2.72727
3,186,3.38182
2,271,4.92727
1,168,3.05455
0,168,3.05455
