switch_id,used_rules,usage
10,169,3.07273
9,274,4.98182
8,89,1.61818
7,99,1.8
6,100,1.81818
5,96,1.74545
4,94,1.70909
3,106,1.92727
2,127,2.30909
1,98,1.78182
0,98,1.78182
