switch_id,used_rules,usage
10,39,0.709091
9,44,0.8
8,23,0.418182
7,25,0.454545
6,25,0.454545
5,25,0.454545
4,21,0.381818
3,26,0.472727
2,38,0.690909
1,22,0.4
0,24,0.436364
