switch_id,used_rules,usage
10,57,1.03636
9,58,1.05455
8,29,0.527273
7,33,0.6
6,32,0.581818
5,29,0.527273
4,26,0.472727
3,36,0.654545
2,55,1
1,28,0.509091
0,32,0.581818
