switch_id,used_rules,usage
10,61,1.10909
9,68,1.23636
8,38,0.690909
7,38,0.690909
6,42,0.763636
5,40,0.727273
4,35,0.636364
3,42,0.763636
2,69,1.25455
1,35,0.636364
0,38,0.690909
