switch_id,used_rules,usage
10,80,1.45455
9,99,1.8
8,50,0.909091
7,46,0.836364
6,50,0.909091
5,46,0.836364
4,40,0.727273
3,59,1.07273
2,78,1.41818
1,44,0.8
0,47,0.854545
