switch_id,used_rules,usage
27,166,0.878307
26,78,0.412698
25,98,0.518519
24,92,0.486772
23,125,0.661376
22,63,0.333333
21,121,0.640212
20,86,0.455026
19,185,0.978836
18,55,0.291005
17,173,0.915344
16,176,0.931217
15,55,0.291005
14,117,0.619048
13,86,0.455026
12,121,0.640212
11,65,0.343915
10,165,0.873016
9,55,0.291005
8,81,0.428571
7,103,0.544974
6,108,0.571429
5,72,0.380952
4,185,0.978836
3,98,0.518519
2,64,0.338624
1,65,0.343915
0,110,0.582011
