switch_id,used_rules,usage
27,194,1.02646
26,106,0.560847
25,122,0.645503
24,125,0.661376
23,149,0.78836
22,80,0.42328
21,143,0.756614
20,116,0.613757
19,235,1.24339
18,74,0.391534
17,233,1.2328
16,204,1.07937
15,75,0.396825
14,137,0.724868
13,101,0.534392
12,144,0.761905
11,82,0.433862
10,222,1.1746
9,63,0.333333
8,96,0.507937
7,128,0.677249
6,145,0.767196
5,102,0.539683
4,228,1.20635
3,116,0.613757
2,78,0.412698
1,72,0.380952
0,143,0.756614
