switch_id,used_rules,usage
27,236,1.24868
26,137,0.724868
25,154,0.814815
24,160,0.846561
23,188,0.994709
22,103,0.544974
21,178,0.941799
20,161,0.851852
19,284,1.50265
18,94,0.497354
17,285,1.50794
16,251,1.32804
15,89,0.470899
14,166,0.878307
13,115,0.608466
12,191,1.01058
11,103,0.544974
10,286,1.51323
9,75,0.396825
8,119,0.62963
7,157,0.830688
6,169,0.89418
5,119,0.62963
4,294,1.55556
3,144,0.761905
2,95,0.502646
1,88,0.465608
0,172,0.910053
