switch_id,used_rules,usage
27,172,0.910053
26,81,0.428571
25,103,0.544974
24,90,0.47619
23,126,0.666667
22,64,0.338624
21,122,0.645503
20,85,0.449735
19,191,1.01058
18,54,0.285714
17,178,0.941799
16,180,0.952381
15,55,0.291005
14,125,0.661376
13,89,0.470899
12,123,0.650794
11,70,0.37037
10,171,0.904762
9,55,0.291005
8,79,0.417989
7,104,0.550265
6,111,0.587302
5,77,0.407407
4,187,0.989418
3,98,0.518519
2,66,0.349206
1,62,0.328042
0,116,0.613757
