switch_id,used_rules,usage
27,252,1.33333
26,152,0.804233
25,155,0.820106
24,168,0.888889
23,213,1.12698
22,107,0.566138
21,186,0.984127
20,160,0.846561
19,316,1.67196
18,106,0.560847
17,301,1.59259
16,264,1.39683
15,95,0.502646
14,178,0.941799
13,123,0.650794
12,205,1.08466
11,110,0.582011
10,312,1.65079
9,80,0.42328
8,130,0.687831
7,153,0.809524
6,184,0.973545
5,129,0.68254
4,315,1.66667
3,151,0.798942
2,100,0.529101
1,89,0.470899
0,182,0.962963
