switch_id,used_rules,usage
27,962,5.08995
26,538,2.84656
25,635,3.35979
24,615,3.25397
23,765,4.04762
22,472,2.49735
21,650,3.43915
20,629,3.32804
19,1273,6.73545
18,369,1.95238
17,975,5.15873
16,968,5.12169
15,460,2.43386
14,820,4.33862
13,588,3.11111
12,630,3.33333
11,434,2.2963
10,1004,5.31217
9,318,1.68254
8,346,1.83069
7,594,3.14286
6,667,3.5291
5,471,2.49206
4,944,4.99471
3,455,2.40741
2,518,2.74074
1,248,1.31217
0,759,4.01587
