switch_id,used_rules,usage
27,207,1.09524
26,116,0.613757
25,136,0.719577
24,133,0.703704
23,167,0.883598
22,87,0.460317
21,151,0.798942
20,133,0.703704
19,255,1.34921
18,77,0.407407
17,251,1.32804
16,217,1.14815
15,80,0.42328
14,149,0.78836
13,103,0.544974
12,160,0.846561
11,89,0.470899
10,252,1.33333
9,69,0.365079
8,101,0.534392
7,138,0.730159
6,158,0.835979
5,110,0.582011
4,254,1.34392
3,127,0.671958
2,84,0.444444
1,76,0.402116
0,146,0.772487
