switch_id,used_rules,usage
27,400,2.1164
26,278,1.4709
25,246,1.30159
24,310,1.64021
23,337,1.78307
22,153,0.809524
21,296,1.56614
20,288,1.52381
19,541,2.86243
18,138,0.730159
17,477,2.52381
16,423,2.2381
15,184,0.973545
14,311,1.6455
13,208,1.10053
12,323,1.70899
11,166,0.878307
10,491,2.59788
9,133,0.703704
8,170,0.899471
7,254,1.34392
6,311,1.6455
5,232,1.22751
4,468,2.47619
3,224,1.18519
2,183,0.968254
1,115,0.608466
0,299,1.58201
