source,destination,length,path
0,1,1,0,1,0.833333
0,4,2,0,7,4,0.166667
0,4,2,0,2,4,0.333333
0,4,2,0,8,4,0.5
0,4,3,0,9,1,4,0.166667
0,4,2,0,6,4,0.0833333
0,5,2,0,9,5,0.416667
0,5,2,0,10,5,0.166667
0,5,2,0,2,5,0.416667
0,5,3,0,6,3,5,0.0833333
0,5,3,0,9,3,5,0.166667
0,7,1,0,7,0.704245
0,7,2,0,6,7,0.166667
0,7,2,0,10,7,0.333333
0,7,2,0,9,7,0.120911
0,7,3,0,6,4,7,0.166667
1,2,1,1,2,0.416667
4,5,1,4,5,0.666667
4,5,2,4,1,5,0.166667
4,6,1,4,6,0.666667
4,6,2,4,3,6,0.166667
3,4,1,3,4,0.416667
3,9,1,3,9,0.333333
3,9,2,3,6,9,0.0833333
0,10,1,0,10,0.333333
0,10,2,0,8,10,0.0833333
10,5,1,10,5,0.5
10,5,2,10,2,5,0.0833333
10,5,2,10,1,5,0.25
10,5,2,10,3,5,0.166667
10,5,2,10,7,5,0.25
10,6,1,10,6,0.833333
0,6,1,0,6,0.333333
0,6,2,0,8,6,0.0833333
6,8,1,6,8,0.833333
6,8,2,6,4,8,0.166667
6,8,2,6,9,8,0.5
6,8,2,6,3,8,0.166667
2,9,1,2,9,0.882597
2,9,2,2,8,9,0.333333
2,9,2,2,1,9,0.583333
2,9,2,2,5,9,0.25
1,9,1,1,9,0.166667
1,9,2,1,5,9,0.166667
1,9,2,1,3,9,0.166667
1,9,2,1,7,9,0.333333
3,8,1,3,8,0.416667
7,9,1,7,9,0.5
7,9,2,7,5,9,0.25
7,9,2,7,3,9,0.333333
7,9,3,7,4,8,9,0.166667
2,3,2,2,1,3,0.0833333
2,3,2,2,10,3,0.25
2,3,2,2,7,3,0.0833333
2,6,2,2,7,6,0.666667
2,6,2,2,8,6,0.0833333
2,6,3,2,4,3,6,0.166667
2,6,3,2,4,8,6,0.166667
2,6,3,2,10,7,6,0.0833333
2,6,4,2,10,1,3,6,0.0833333
10,8,1,10,8,0.882597
10,8,2,10,0,8,0.166667
10,8,2,10,3,8,0.166667
10,8,2,10,2,8,0.46593
10,8,3,10,1,4,8,0.166667
10,8,3,10,5,4,8,0.0833333
6,7,1,6,7,0.583333
6,7,2,6,3,7,0.333333
6,7,2,6,4,7,0.166667
6,7,3,6,10,1,7,0.0833333
6,7,2,6,9,7,0.0833333
