source,destination,length,path
0,1,1,0,1,0.333333
0,1,3,0,8,3,1,0.0833333
0,1,2,0,9,1,0.25
0,1,3,0,9,7,1,0.0833333
0,1,3,0,6,3,1,0.0833333
0,1,2,0,7,1,0.0833333
0,4,2,0,7,4,0.125
0,4,2,0,2,4,0.208333
0,4,2,0,8,4,0.5
0,4,2,0,6,4,0.208333
0,4,3,0,9,7,4,0.0833333
0,4,3,0,9,5,4,0.208333
0,4,3,0,8,3,4,0.0416667
0,5,2,0,9,5,0.166667
0,5,2,0,10,5,0.416667
0,5,2,0,2,5,0.541667
0,5,3,0,9,3,5,0.0513412
0,5,2,0,7,5,0.0833333
0,5,3,0,1,3,5,0.0833333
0,7,1,0,7,0.551341
0,7,2,0,6,7,0.0833333
0,7,2,0,10,7,0.25
0,7,2,0,1,7,0.426341
0,7,3,0,8,3,7,0.0833333
0,7,3,0,1,4,7,0
0,7,2,0,2,7,0.0833333
0,7,3,0,6,4,7,0.0833333
1,2,1,1,2,0.416667
1,2,2,1,10,2,0.0416667
4,5,1,4,5,0.666667
4,5,2,4,1,5,0.166667
4,5,2,4,7,5,0.0833333
4,6,1,4,6,0.5
4,6,2,4,3,6,0.333333
4,6,2,4,7,6,0.0833333
3,4,1,3,4,0.458333
3,9,1,3,9,0.333333
3,9,2,3,5,9,0.125
0,10,1,0,10,0.176341
0,10,2,0,6,10,0.0833333
0,10,2,0,2,10,0.00967458
0,10,2,0,8,10,0.0416667
10,5,1,10,5,0.375
10,5,2,10,2,5,0.208333
10,5,2,10,1,5,0.208333
10,5,2,10,3,5,0.291667
10,5,2,10,7,5,0.291667
10,6,1,10,6,0.850639
0,6,1,0,6,0.301341
0,6,2,0,9,6,0
0,6,2,0,8,6,0.0416667
6,8,1,6,8,0.833333
6,8,2,6,9,8,0.666667
6,8,2,6,3,8,0.0833333
6,8,2,6,4,8,0.25
2,9,1,2,9,0.845238
2,9,2,2,1,9,0.166667
2,9,2,2,8,9,0.416667
2,9,2,2,0,9,0
2,9,2,2,5,9,0.0416667
2,9,3,2,1,5,9,0.166667
2,9,2,2,7,9,0.125
2,9,3,2,4,1,9,0.0833333
2,9,4,2,10,7,3,9,0.0416667
2,9,3,2,7,5,9,0.0833333
2,9,3,2,4,3,9,0.0416667
2,9,4,2,1,4,8,9,0.0833333
2,9,3,2,10,1,9,0.0416667
1,9,1,1,9,0.568314
1,9,2,1,5,9,0.166667
1,9,2,1,3,9,0.166667
3,8,1,3,8,0.458333
7,9,1,7,9,0.720238
7,9,2,7,5,9,0.166667
7,9,2,7,3,9,0.25
7,9,2,7,6,9,0.0833333
7,9,3,7,3,5,9,0.0416667
7,9,3,7,4,8,9,0.0416667
2,3,2,2,10,3,0.125
2,3,2,2,1,3,0.125
2,3,2,2,4,3,0.125
2,3,2,2,7,3,0.0416667
2,3,3,2,10,1,3,0.0416667
2,6,2,2,8,6,0.166667
2,6,2,2,7,6,0.5
2,6,3,2,10,3,6,0.0833333
2,6,2,2,4,6,0.291667
2,6,3,2,1,3,6,0.208333
2,6,3,2,4,3,6,0.0416667
2,6,3,2,10,7,6,0.0416667
2,6,3,2,5,3,6,0.0416667
10,8,1,10,8,0.870911
10,8,2,10,0,8,0.0513412
10,8,3,10,1,4,8,0.416667
10,8,2,10,2,8,0.261905
10,8,2,10,3,8,0.25
10,8,3,10,7,4,8,0.0641369
6,7,1,6,7,0.666667
6,7,2,6,4,7,0.125
6,7,2,6,10,7,0.0833333
6,7,2,6,3,7,0.458333
6,7,2,6,9,7,0.0416667
