source,destination,length,path
0,1,1,0,1,0.855804
0,4,2,0,7,4,0.125
0,4,2,0,2,4,0.375
0,4,2,0,8,4,0.5
0,4,3,0,9,7,4,0.0625
0,4,3,0,9,1,4,0.125
0,4,3,0,9,5,4,0.125
0,5,2,0,9,5,0.4375
0,5,2,0,10,5,0.0625
0,5,2,0,2,5,0.3125
0,5,3,0,9,3,5,0.105804
0,5,3,0,10,3,5,0.0625
0,5,3,0,6,3,5,0.1875
0,5,3,0,2,1,5,0.0625
0,5,3,0,6,4,5,0.0625
0,7,1,0,7,0.730804
0,7,2,0,6,7,0.125
0,7,2,0,10,7,0.375
0,7,3,0,6,3,7,0.125
0,7,3,0,8,3,7,0.125
0,7,3,0,10,1,7,0.125
1,2,1,1,2,0.3125
1,2,2,1,7,2,0.0625
1,2,2,1,10,2,0.0625
4,5,1,4,5,0.625
4,5,2,4,1,5,0.25
4,6,1,4,6,0.5
4,6,2,4,3,6,0.375
3,4,1,3,4,0.375
3,4,2,3,1,4,0.0625
3,9,1,3,9,0.4375
0,10,1,0,10,0.230804
0,10,2,0,8,10,0.125
0,10,2,0,2,10,0.0625
10,5,1,10,5,0.75
10,5,2,10,2,5,0.0625
10,5,2,10,1,5,0.1875
10,5,2,10,3,5,0.1875
10,5,2,10,7,5,0.125
10,6,1,10,6,0.857807
0,6,1,0,6,0.355804
0,6,2,0,9,6,0
6,8,1,6,8,0.857807
6,8,2,6,9,8,0.625
6,8,2,6,3,8,0.125
6,8,2,6,4,8,0.125
2,9,1,2,9,0.857807
2,9,2,2,1,9,0.3125
2,9,2,2,8,9,0.4375
2,9,3,2,7,5,9,0.0625
2,9,2,2,5,9,0.3125
2,9,4,2,7,3,6,9,0.0625
2,9,3,2,1,3,9,0.0625
1,9,1,1,9,0.5
1,9,2,1,3,9,0.125
1,9,2,1,7,9,0.125
1,9,3,1,3,8,9,0.125
3,8,1,3,8,0.3125
3,8,2,3,4,8,0.0625
3,8,3,3,7,4,8,0.0625
7,9,1,7,9,0.730804
7,9,2,7,5,9,0.375
7,9,2,7,3,9,0.125
7,9,2,7,1,9,0.0618842
2,3,2,2,10,3,0.1875
2,3,2,2,1,3,0.125
2,3,2,2,7,3,0.125
2,6,2,2,8,6,0.1875
2,6,2,2,7,6,0.5625
2,6,3,2,4,3,6,0.0625
2,6,3,2,1,7,6,0.125
2,6,2,2,4,6,0.25
2,6,3,2,5,3,6,0.0625
2,6,3,2,10,3,6,0.0625
10,8,1,10,8,0.878255
10,8,2,10,0,8,0.105804
10,8,3,10,1,4,8,0.375
10,8,2,10,2,8,0.232807
10,8,2,10,3,8,0.1875
10,8,3,10,7,4,8,0.125
6,7,1,6,7,0.5625
6,7,2,6,4,7,0.375
6,7,2,6,10,7,0.125
6,7,2,6,9,7,0.0625
6,7,2,6,3,7,0.1875
