source,destination,length,path
0,1,1,0,1,0.843008
0,4,2,0,7,4,0.291667
0,4,2,0,2,4,0.25
0,4,2,0,8,4,0.333333
0,4,3,0,9,1,4,0.0833333
0,4,2,0,6,4,0.0833333
0,4,3,0,9,5,4,0.166667
0,4,3,0,7,1,4,0.0416667
0,4,3,0,9,3,4,0.0833333
0,4,3,0,10,5,4,0.0416667
0,5,2,0,9,5,0.291667
0,5,2,0,10,5,0.0833333
0,5,2,0,2,5,0.25
0,5,2,0,7,5,0.0833333
0,5,2,0,1,5,0
0,5,3,0,8,3,5,0.291667
0,5,3,0,10,3,5,0.0833333
0,5,3,0,10,1,5,0.125
0,5,3,0,2,4,5,0.0833333
0,5,3,0,8,9,5,0.0416667
0,7,1,0,7,0.426341
0,7,2,0,6,7,0.0833333
0,7,2,0,10,7,0.333333
0,7,2,0,9,7,0.218008
0,7,2,0,2,7,0.0833333
0,7,3,0,2,1,7,0.0833333
0,7,3,0,2,10,7,0.0833333
0,7,3,0,6,3,7,0.166667
0,7,3,0,6,10,7,0.0833333
1,2,1,1,2,0.416667
1,2,2,1,7,2,0.0416667
4,5,1,4,5,0.583333
4,5,2,4,3,5,0.0833333
4,5,2,4,1,5,0.25
4,6,1,4,6,0.666667
4,6,2,4,3,6,0.166667
4,6,2,4,7,6,0.0833333
3,4,1,3,4,0.375
3,4,2,3,1,4,0.0416667
3,4,2,3,7,4,0.0416667
3,9,1,3,9,0.416667
3,9,2,3,5,9,0.0416667
0,10,1,0,10,0.176341
0,10,2,0,6,10,0.125
0,10,2,0,2,10,0.00967458
10,5,1,10,5,0.708333
10,5,2,10,1,5,0.208333
10,5,2,10,3,5,0.166667
10,5,2,10,2,5,0.125
10,5,2,10,7,5,0.166667
10,6,1,10,6,0.833333
10,6,2,10,3,6,0.0833333
0,6,1,0,6,0.301341
0,6,2,0,8,6,0.125
6,8,1,6,8,0.833333
6,8,2,6,4,8,0.166667
6,8,2,6,9,8,0.666667
6,8,2,6,3,8,0.166667
2,9,1,2,9,0.843008
2,9,2,2,8,9,0.416667
2,9,2,2,5,9,0.291667
2,9,2,2,1,9,0.333333
2,9,2,2,7,9,0.0416667
2,9,3,2,4,8,9,0.166667
2,9,4,2,10,1,3,9,0.0416667
2,9,3,2,1,3,9,0.0416667
1,9,1,1,9,0.5
1,9,2,1,3,9,0.166667
1,9,2,1,7,9,0.166667
1,9,2,1,5,9,0.0833333
3,8,1,3,8,0.416667
3,8,2,3,4,8,0.0416667
7,9,1,7,9,0.635756
7,9,2,7,5,9,0.416667
7,9,2,7,3,9,0.125
7,9,2,7,6,9,0.0833333
7,9,3,7,3,6,9,0.0416667
7,9,2,7,1,9,0.0290148
2,3,2,2,1,3,0.125
2,3,2,2,10,3,0.125
2,3,2,2,7,3,0.166667
2,3,2,2,5,3,0.0416667
2,6,2,2,7,6,0.375
2,6,2,2,8,6,0.166667
2,6,3,2,4,3,6,0.166667
2,6,2,2,0,6,0
2,6,3,2,1,3,6,0.0416667
2,6,3,2,1,7,6,0.0833333
2,6,3,2,10,3,6,0.0833333
2,6,2,2,4,6,0.0833333
2,6,3,2,7,3,6,0.0833333
2,6,3,2,4,7,6,0.0416667
2,6,3,2,5,3,6,0.0833333
2,6,3,2,10,7,6,0.0416667
2,6,2,2,10,6,0.0107563
10,8,1,10,8,0.878255
10,8,2,10,0,8,0.0513412
10,8,2,10,3,8,0.25
10,8,3,10,7,4,8,0.0833333
10,8,3,10,1,4,8,0.395619
10,8,2,10,2,8,0.259675
6,7,1,6,7,0.625
6,7,2,6,3,7,0.25
6,7,2,6,4,7,0.416667
6,7,3,6,3,1,7,0.0833333
