source,destination,length,path
0,1,1,0,1,0.857143
0,4,2,0,7,4,0.142857
0,4,2,0,2,4,0.142857
0,4,2,0,8,4,0.5
0,4,2,0,6,4,0.0714286
0,4,3,0,9,7,4,0.142857
0,4,3,0,10,7,4,0.0714286
0,4,3,0,2,5,4,0.142857
0,4,3,0,8,3,4,0.0714286
0,5,2,0,9,5,0.5
0,5,2,0,10,5,0.285714
0,5,2,0,2,5,0.357143
0,5,3,0,9,3,5,0.142857
0,7,1,0,7,0.71495
0,7,2,0,6,7,0.142857
0,7,2,0,10,7,0.142857
0,7,3,0,2,1,7,0.142857
0,7,3,0,6,10,7,0.142857
0,7,3,0,6,3,7,0.142857
0,7,3,0,8,3,7,0.142857
1,2,1,1,2,0.357143
1,2,2,1,7,2,0.0714286
4,5,1,4,5,0.571429
4,5,2,4,1,5,0.142857
4,5,2,4,7,5,0.142857
4,6,1,4,6,0.714286
4,6,2,4,3,6,0.142857
3,4,1,3,4,0.357143
3,4,2,3,1,4,0.0714286
3,9,1,3,9,0.214286
3,9,2,3,5,9,0.142857
3,9,2,3,1,9,0.0714286
0,10,1,0,10,0.285714
0,10,2,0,6,10,0.0714286
0,10,2,0,8,10,0.0714286
10,5,1,10,5,0.428571
10,5,2,10,2,5,0.0714286
10,5,2,10,1,5,0.357143
10,5,2,10,3,5,0.214286
10,5,2,10,7,5,0.214286
10,6,1,10,6,0.855804
0,6,1,0,6,0.285714
0,6,2,0,9,6,0.0720924
6,8,1,6,8,0.855804
6,8,2,6,9,8,0.571429
6,8,2,6,3,8,0.142857
6,8,2,6,4,8,0.142857
2,9,1,2,9,0.859981
2,9,2,2,1,9,0.285714
2,9,2,2,8,9,0.428571
2,9,3,2,7,5,9,0.142857
2,9,2,2,5,9,0.142857
2,9,3,2,1,3,9,0.142857
2,9,3,2,4,8,9,0.0714286
1,9,1,1,9,0.428571
1,9,2,1,5,9,0.142857
1,9,2,1,3,9,0.285714
3,8,1,3,8,0.428571
7,9,1,7,9,0.853952
7,9,2,7,3,9,0.142857
7,9,2,7,6,9,0.142857
7,9,2,7,5,9,0.142857
2,3,2,2,10,3,0.214286
2,3,2,2,1,3,0.0714286
2,3,2,2,4,3,0.142857
2,6,2,2,8,6,0.285714
2,6,2,2,7,6,0.571429
2,6,3,2,4,3,6,0.142857
2,6,3,2,10,3,6,0.142857
2,6,3,2,7,3,6,0.0714286
2,6,3,2,5,3,6,0.0714286
10,8,1,10,8,0.874384
10,8,2,10,0,8,0.0720924
10,8,3,10,1,4,8,0.357143
10,8,2,10,2,8,0.145695
10,8,2,10,3,8,0.0714286
10,8,3,10,2,4,8,0.142857
10,8,3,10,7,3,8,0.0714286
10,8,3,10,7,4,8,0.142857
6,7,1,6,7,0.5
6,7,2,6,4,7,0.285714
6,7,2,6,9,7,0.0714286
6,7,2,6,3,7,0.214286
6,7,3,6,4,1,7,0.0714286
6,7,3,6,3,1,7,0.142857
