source,destination,length,path
0,1,1,0,1,0.5
0,1,2,0,9,1,0.125
0,1,3,0,2,10,1,0.125
0,1,3,0,8,3,1,0.125
0,4,2,0,7,4,0.25
0,4,2,0,2,4,0.1875
0,4,2,0,8,4,0.5
0,4,3,0,9,1,4,0.125
0,4,3,0,9,7,4,0.125
0,4,2,0,6,4,0.125
0,5,2,0,9,5,0.478952
0,5,2,0,10,5,0.1875
0,5,2,0,2,5,0.3125
0,5,3,0,6,3,5,0.0625
0,5,2,0,1,5,0.125
0,5,3,0,8,3,5,0.0625
0,5,2,0,7,5,0.0625
0,7,1,0,7,0.541452
0,7,2,0,6,7,0.25
0,7,2,0,10,7,0.375
0,7,2,0,1,7,0.228952
0,7,2,0,2,7,0.125
1,2,1,1,2,0.4375
4,5,1,4,5,0.625
4,5,2,4,3,5,0.125
4,5,2,4,1,5,0.125
4,6,1,4,6,0.5
4,6,2,4,3,6,0.25
4,6,2,4,7,6,0.125
3,4,1,3,4,0.4375
3,9,1,3,9,0.3125
3,9,2,3,6,9,0.0625
3,9,2,3,1,9,0.0625
0,10,1,0,10,0.291452
0,10,2,0,2,10,0.103952
10,5,1,10,5,0.625
10,5,2,10,2,5,0.125
10,5,2,10,1,5,0.25
10,5,2,10,3,5,0.125
10,5,2,10,7,5,0.1875
10,6,1,10,6,0.857807
0,6,1,0,6,0.375
0,6,2,0,9,6,0
6,8,1,6,8,0.857807
6,8,2,6,4,8,0.25
6,8,2,6,9,8,0.625
2,9,1,2,9,0.855804
2,9,2,2,8,9,0.375
2,9,2,2,1,9,0.4375
2,9,2,2,5,9,0.25
2,9,3,2,4,8,9,0.125
2,9,3,2,7,5,9,0.0625
2,9,4,2,7,3,5,9,0.0625
1,9,1,1,9,0.375
1,9,2,1,5,9,0.125
1,9,2,1,3,9,0.375
3,8,1,3,8,0.4375
7,9,1,7,9,0.864936
7,9,2,7,5,9,0.25
7,9,2,7,3,9,0.125
7,9,2,7,6,9,0.0625
2,3,2,2,1,3,0.125
2,3,2,2,10,3,0.1875
2,3,2,2,7,3,0.125
2,6,2,2,7,6,0.375
2,6,2,2,8,6,0.3125
2,6,2,2,4,6,0.25
2,6,2,2,0,6,0.0414519
2,6,3,2,1,3,6,0.0625
2,6,4,2,1,7,3,6,0.0625
2,6,3,2,5,3,6,0.0625
2,6,3,2,10,3,6,0.125
10,8,1,10,8,0.893082
10,8,2,10,0,8,0.166452
10,8,2,10,3,8,0.3125
10,8,3,10,1,4,8,0.375
10,8,2,10,2,8,0.168304
10,8,3,10,2,4,8,0.125
6,7,1,6,7,0.4375
6,7,2,6,3,7,0.5
6,7,2,6,4,7,0.1875
6,7,2,6,10,7,0.1875
