source,destination,length,path
0,1,1,0,1,0.777778
0,1,2,0,9,1,0.111111
0,4,2,0,7,4,0.277778
0,4,2,0,2,4,0.222222
0,4,2,0,8,4,0.388889
0,4,3,0,9,1,4,0.166667
0,4,2,0,6,4,0.111111
0,4,3,0,2,1,4,0.111111
0,4,3,0,10,7,4,0.0555556
0,5,2,0,9,5,0.444444
0,5,2,0,10,5,0.166667
0,5,2,0,2,5,0.277778
0,5,3,0,6,3,5,0.0555556
0,5,2,0,7,5,0.0555556
0,5,3,0,8,3,5,0.333333
0,7,1,0,7,0.666667
0,7,2,0,6,7,0.111111
0,7,2,0,10,7,0.333333
0,7,2,0,9,7,0.222222
0,7,3,0,2,1,7,0.111111
0,7,2,0,2,7,0.111111
0,7,2,0,1,7,0.222222
1,2,1,1,2,0.444444
4,5,1,4,5,0.666667
4,5,2,4,1,5,0.222222
4,6,1,4,6,0.444444
4,6,2,4,3,6,0.333333
4,6,2,4,7,6,0.111111
3,4,1,3,4,0.444444
3,9,1,3,9,0.444444
0,10,1,0,10,0.277778
0,10,2,0,6,10,0.166667
10,5,1,10,5,0.611111
10,5,2,10,2,5,0.166667
10,5,2,10,1,5,0.333333
10,5,2,10,3,5,0.166667
10,5,2,10,7,5,0.0555556
10,6,1,10,6,0.888889
0,6,1,0,6,0.388889
0,6,2,0,8,6,0.0555556
6,8,1,6,8,0.888889
6,8,2,6,4,8,0.222222
6,8,2,6,9,8,0.666667
2,9,1,2,9,0.944444
2,9,2,2,8,9,0.388889
2,9,2,2,1,9,0.277778
2,9,2,2,5,9,0.333333
2,9,2,2,7,9,0.166667
2,9,3,2,4,8,9,0.111111
1,9,1,1,9,0.555556
1,9,2,1,3,9,0.111111
1,9,2,1,7,9,0.222222
3,8,1,3,8,0.444444
7,9,1,7,9,0.444444
7,9,2,7,5,9,0.444444
7,9,2,7,3,9,0.277778
7,9,2,7,6,9,0.111111
7,9,2,7,1,9,0.0555556
2,3,2,2,1,3,0.111111
2,3,2,2,10,3,0.222222
2,3,2,2,4,3,0.0555556
2,3,2,2,7,3,0.0555556
2,6,2,2,7,6,0.388889
2,6,2,2,8,6,0.222222
2,6,2,2,4,6,0.277778
2,6,3,2,10,7,6,0.111111
2,6,3,2,1,3,6,0.111111
2,6,3,2,7,3,6,0.0555556
2,6,3,2,10,3,6,0.166667
10,8,1,10,8,1
10,8,2,10,0,8,0.166667
10,8,2,10,3,8,0.166667
10,8,3,10,7,4,8,0.166667
10,8,3,10,1,4,8,0.222222
10,8,2,10,2,8,0.277778
10,8,3,10,2,4,8,0.111111
10,8,3,10,1,3,8,0.111111
6,7,1,6,7,0.555556
6,7,2,6,3,7,0.444444
6,7,2,6,4,7,0.277778
6,7,3,6,3,1,7,0.0555556
