switch_id,used_rules,usage
24,216,1.44
23,142,0.946667
22,94,0.626667
21,185,1.23333
20,118,0.786667
19,231,1.54
18,94,0.626667
17,104,0.693333
16,66,0.44
15,162,1.08
14,462,3.08
13,71,0.473333
12,62,0.413333
11,60,0.4
10,140,0.933333
9,130,0.866667
8,211,1.40667
7,109,0.726667
6,120,0.8
5,105,0.7
4,55,0.366667
3,97,0.646667
2,155,1.03333
1,55,0.366667
0,57,0.38
