switch_id,used_rules,usage
24,291,1.94
23,248,1.65333
22,160,1.06667
21,295,1.96667
20,170,1.13333
19,377,2.51333
18,161,1.07333
17,172,1.14667
16,106,0.706667
15,278,1.85333
14,681,4.54
13,89,0.593333
12,82,0.546667
11,94,0.626667
10,198,1.32
9,184,1.22667
8,315,2.1
7,170,1.13333
6,178,1.18667
5,163,1.08667
4,90,0.6
3,151,1.00667
2,213,1.42
1,65,0.433333
0,66,0.44
