switch_id,used_rules,usage
24,671,4.47333
23,541,3.60667
22,357,2.38
21,608,4.05333
20,374,2.49333
19,840,5.6
18,347,2.31333
17,364,2.42667
16,246,1.64
15,606,4.04
14,1438,9.58667
13,166,1.10667
12,173,1.15333
11,201,1.34
10,413,2.75333
9,478,3.18667
8,750,5
7,352,2.34667
6,406,2.70667
5,378,2.52
4,196,1.30667
3,349,2.32667
2,537,3.58
1,162,1.08
0,165,1.1
