switch_id,used_rules,usage
24,812,5.41333
23,654,4.36
22,405,2.7
21,713,4.75333
20,449,2.99333
19,974,6.49333
18,399,2.66
17,413,2.75333
16,306,2.04
15,796,5.30667
14,1745,11.6333
13,217,1.44667
12,229,1.52667
11,308,2.05333
10,486,3.24
9,679,4.52667
8,963,6.42
7,451,3.00667
6,550,3.66667
5,513,3.42
4,253,1.68667
3,455,3.03333
2,751,5.00667
1,190,1.26667
0,195,1.3
