switch_id,used_rules,usage
24,197,1.31333
23,117,0.78
22,81,0.54
21,160,1.06667
20,104,0.693333
19,196,1.30667
18,80,0.533333
17,90,0.6
16,56,0.373333
15,140,0.933333
14,395,2.63333
13,59,0.393333
12,55,0.366667
11,57,0.38
10,113,0.753333
9,107,0.713333
8,180,1.2
7,92,0.613333
6,105,0.7
5,96,0.64
4,53,0.353333
3,88,0.586667
2,139,0.926667
1,50,0.333333
0,52,0.346667
