switch_id,used_rules,usage
24,161,1.07333
23,91,0.606667
22,58,0.386667
21,135,0.9
20,67,0.446667
19,151,1.00667
18,63,0.42
17,65,0.433333
16,35,0.233333
15,100,0.666667
14,299,1.99333
13,47,0.313333
12,46,0.306667
11,45,0.3
10,82,0.546667
9,83,0.553333
8,163,1.08667
7,83,0.553333
6,78,0.52
5,79,0.526667
4,46,0.306667
3,72,0.48
2,108,0.72
1,42,0.28
0,43,0.286667
