switch_id,used_rules,usage
24,235,1.56667
23,187,1.24667
22,121,0.806667
21,223,1.48667
20,139,0.926667
19,280,1.86667
18,112,0.746667
17,127,0.846667
16,82,0.546667
15,200,1.33333
14,533,3.55333
13,84,0.56
12,69,0.46
11,68,0.453333
10,152,1.01333
9,148,0.986667
8,245,1.63333
7,124,0.826667
6,144,0.96
5,128,0.853333
4,62,0.413333
3,110,0.733333
2,178,1.18667
1,54,0.36
0,60,0.4
