switch_id,used_rules,usage
24,326,2.17333
23,277,1.84667
22,183,1.22
21,328,2.18667
20,190,1.26667
19,426,2.84
18,162,1.08
17,174,1.16
16,113,0.753333
15,293,1.95333
14,747,4.98
13,92,0.613333
12,86,0.573333
11,102,0.68
10,223,1.48667
9,205,1.36667
8,366,2.44
7,197,1.31333
6,193,1.28667
5,194,1.29333
4,110,0.733333
3,173,1.15333
2,229,1.52667
1,70,0.466667
0,70,0.466667
