switch_id,used_rules,usage
10,1,0.111111
9,2,0.222222
8,4,0.444444
7,3,0.333333
6,2,0.222222
5,3,0.333333
4,3,0.333333
3,1,0.111111
2,2,0.222222
1,4,0.444444
0,1,0.111111
