switch_id,used_rules,usage
10,6,0.666667
9,4,0.444444
8,6,0.666667
7,3,0.333333
6,3,0.333333
5,2,0.222222
4,1,0.111111
3,2,0.222222
2,4,0.444444
1,7,0.777778
0,1,0.111111
