switch_id,used_rules,usage
10,18,2
9,17,1.88889
8,24,2.66667
7,25,2.77778
6,21,2.33333
5,17,1.88889
4,20,2.22222
3,10,1.11111
2,14,1.55556
1,31,3.44444
0,14,1.55556
