switch_id,used_rules,usage
10,17,1.88889
9,18,2
8,22,2.44444
7,25,2.77778
6,17,1.88889
5,15,1.66667
4,15,1.66667
3,9,1
2,11,1.22222
1,29,3.22222
0,14,1.55556
