switch_id,used_rules,usage
10,22,2.44444
9,30,3.33333
8,30,3.33333
7,37,4.11111
6,25,2.77778
5,24,2.66667
4,34,3.77778
3,15,1.66667
2,22,2.44444
1,49,5.44444
0,17,1.88889
