source,destination,length,path
8,1,1,8,1,25.2245
8,1,2,8,7,1,4.55354
8,1,2,8,5,1,14.8661
8,1,3,8,5,2,1,4.24745
8,1,3,8,0,7,1,6.19897
8,1,3,8,5,4,1,2.12373
8,1,2,8,10,1,0.650506
8,1,3,8,5,3,1,2.12373
8,1,3,8,7,4,1,0.650506
2,3,1,2,3,20.7015
2,3,2,2,5,3,12.8252
2,3,2,2,4,3,2.12373
6,7,1,6,7,24.5217
6,7,2,6,9,7,1.74106
6,7,2,6,10,7,6.56887
6,7,2,6,0,7,0.580355
6,7,2,6,4,7,1.74106
9,2,1,9,2,23.1824
9,2,3,9,6,4,2,1.94514
9,2,3,9,7,4,2,7.14923
9,2,3,9,7,5,2,0.389028
8,10,1,8,10,24.4898
8,10,3,8,0,7,10,2.04082
1,7,1,1,7,18.3673
1,7,2,1,9,7,4.08163
1,7,2,1,10,7,4.08163
1,4,1,1,4,20.2041
1,4,3,1,9,6,4,1.83673
1,4,3,1,10,6,4,1.83673
0,6,1,0,6,22.8826
2,4,1,2,4,15.8163
2,4,2,2,5,4,4.7449
5,7,1,5,7,19.0689
0,9,1,0,9,17.602
0,9,2,0,7,9,1.46684
9,10,1,9,10,25.7482
9,10,2,9,6,10,13.7819
9,10,2,9,1,10,7.16198
9,10,2,9,7,10,7.55739
9,10,3,9,0,7,10,2.12373
9,10,2,9,2,10,2.12373
4,7,1,4,7,17.9082
3,4,1,3,4,13.3928
3,4,2,3,5,4,4.01785
8,7,1,8,7,14.0306
8,7,2,8,0,7,2.55102
10,2,1,10,2,15.1531
10,2,3,10,7,5,2,1.26275
4,5,1,4,5,14.5408
4,5,2,4,3,5,1.21173
1,2,1,1,2,25.2245
1,2,2,1,5,2,6.3903
1,2,2,1,4,2,2.84438
1,2,2,1,10,2,4.26657
1,2,2,1,9,2,1.08326
1,2,2,1,3,2,1.42219
1,2,3,1,7,4,2,1.42219
10,1,1,10,1,21.2117
10,1,2,10,7,1,2.53826
10,1,3,10,6,4,1,4.66199
10,1,2,10,9,1,13.1569
10,1,3,10,7,4,1,1.26913
10,1,3,10,6,9,1,1.26913
8,9,1,8,9,25.6427
8,9,2,8,0,9,3.69259
8,9,3,8,0,7,9,4.92346
8,9,2,8,7,9,1.23086
8,9,2,8,6,9,2.46173
8,9,2,8,10,9,0.502431
8,9,3,8,5,2,9,1.23086
0,8,1,0,8,27.1554
0,8,2,0,7,8,5.62499
0,8,2,0,6,8,3.50127
0,8,2,0,9,8,5.83545
8,6,1,8,6,23.8198
8,6,2,8,7,6,4.96732
8,6,2,8,10,6,0
8,6,3,8,5,4,6,1.59201
8,6,2,8,0,6,0.771471
8,6,3,8,0,7,6,1.02678
1,5,1,1,5,18.463
1,5,2,1,8,5,0
1,5,3,1,9,7,5,2.6977
1,5,3,1,10,7,5,2.6977
1,5,2,1,7,5,5.43493
1,5,2,1,3,5,6.04591
1,3,1,1,3,17.7564
1,3,2,1,4,3,2.176
1,3,4,1,9,6,4,3,4.82142
1,3,4,1,10,6,4,3,3.02296
1,3,4,1,10,7,4,3,0.899232
1,3,2,1,5,3,0.371152
1,3,4,1,9,7,4,3,1.8168
1,3,4,1,10,7,5,3,0.899232
