switch_id,used_rules,usage
10,4,0.444444
9,5,0.555556
8,6,0.666667
7,4,0.444444
6,3,0.333333
5,1,0.111111
4,4,0.444444
3,3,0.333333
2,4,0.444444
1,8,0.888889
0,2,0.222222
