source,destination,length,path
8,1,1,8,1,29.5394
8,1,2,8,5,1,11.8158
8,1,2,8,7,1,5.90788
8,1,3,8,5,2,1,5.90788
8,1,3,8,5,3,1,5.90788
2,3,1,2,3,24.4246
2,3,2,2,5,3,7.49394
2,3,2,2,4,3,1.58606
6,7,1,6,7,24.3311
6,7,2,6,0,7,1.39906
6,7,2,6,10,7,5.90788
6,7,2,6,9,7,1.39906
9,2,1,9,2,23.6315
9,2,3,9,7,4,2,5.90788
8,10,1,8,10,24.9336
1,7,1,1,7,19.9469
1,7,2,1,10,7,4.98673
1,4,1,1,4,13.4642
1,4,3,1,9,6,4,4.48805
1,4,3,1,10,6,4,4.48805
0,6,1,0,6,21.5053
2,4,1,2,4,15.4588
2,4,2,2,5,4,3.86471
5,7,1,5,7,17.921
0,9,1,0,9,14.3368
0,9,2,0,7,9,3.58421
9,10,1,9,10,28.5975
9,10,2,9,6,10,11.8158
9,10,2,9,7,10,10.8738
9,10,2,9,1,10,5.43692
4,7,1,4,7,16.8302
3,4,1,3,4,13.0902
3,4,2,3,5,4,3.27254
8,7,1,8,7,12.4668
8,7,2,8,0,7,3.1167
10,2,1,10,2,15.4277
4,5,1,4,5,14.8043
1,2,1,1,2,26.3881
1,2,2,1,10,2,2.75655
1,2,4,1,9,6,4,2,2.75655
1,2,3,1,7,5,2,5.90788
1,2,2,1,3,2,5.51311
10,1,1,10,1,22.4887
10,1,2,10,9,1,10.673
10,1,3,10,6,4,1,2.38255
10,1,2,10,7,1,5.90788
8,9,1,8,9,28.2096
8,9,2,8,6,9,4.57809
8,9,3,8,0,7,9,2.28905
8,9,2,8,0,9,5.90788
0,8,1,0,8,27.898
0,8,2,0,7,8,10.1743
0,8,2,0,9,8,2.13321
8,6,1,8,6,25.4219
8,6,2,8,7,6,7.69826
8,6,2,8,0,6,1.79037
8,6,2,8,10,6,1.79037
8,6,3,8,0,7,6,1.79037
1,5,1,1,5,26.5889
1,5,2,1,8,5,2.95741
1,5,3,1,9,7,5,7.38659
1,3,1,1,3,22.1598
1,3,2,1,4,3,14.7732
