switch_id,used_rules,usage
10,6,0.666667
9,4,0.444444
8,6,0.666667
7,6,0.666667
6,5,0.555556
5,4,0.444444
4,1,0.111111
3,2,0.222222
2,4,0.444444
1,9,1
0,2,0.222222
