switch_id,used_rules,usage
10,16,1.77778
9,18,2
8,20,2.22222
7,23,2.55556
6,18,2
5,15,1.66667
4,17,1.88889
3,11,1.22222
2,14,1.55556
1,30,3.33333
0,11,1.22222
