switch_id,used_rules,usage
10,6,0.666667
9,4,0.444444
8,7,0.777778
7,4,0.444444
6,4,0.444444
5,2,0.222222
4,4,0.444444
3,3,0.333333
2,4,0.444444
1,8,0.888889
0,2,0.222222
