switch_id,used_rules,usage
10,4,0.444444
9,4,0.444444
8,7,0.777778
7,5,0.555556
6,5,0.555556
5,2,0.222222
4,4,0.444444
3,4,0.444444
2,4,0.444444
1,9,1
0,5,0.555556
