source,destination,length,path
8,1,1,8,1,25.6936
8,1,2,8,5,1,14.3993
8,1,2,8,7,1,4.79977
8,1,3,8,5,2,1,9.59955
2,3,1,2,3,20.4877
2,3,2,2,5,3,10.8881
2,3,2,2,4,3,1.28857
6,7,1,6,7,20.3357
6,7,2,6,0,7,0.568322
6,7,2,6,10,7,4.79977
6,7,2,6,9,7,5.93642
6,7,2,6,4,7,0.568322
9,2,1,9,2,19.1991
9,2,3,9,7,4,2,4.79977
9,2,3,9,6,4,2,4.79977
8,10,1,8,10,24.3084
1,7,1,1,7,16.2056
1,7,2,1,10,7,4.05139
1,7,2,1,9,7,4.05139
1,4,1,1,4,14.585
1,4,3,1,10,7,4,3.64625
1,4,2,1,7,4,3.64625
0,6,1,0,6,20.966
2,4,1,2,4,15.6992
2,4,2,2,5,4,3.13983
5,7,1,5,7,17.4716
0,9,1,0,9,14.5597
0,9,2,0,7,9,2.91194
9,10,1,9,10,23.2336
9,10,2,9,6,10,14.3993
9,10,2,9,7,10,4.41715
9,10,2,9,1,10,8.83429
9,10,3,9,0,7,10,4.41715
4,7,1,4,7,16.4081
3,4,1,3,4,10.6349
3,4,2,3,5,4,5.31745
8,7,1,8,7,12.6606
8,7,2,8,0,7,2.53212
10,2,1,10,2,15.0408
4,5,1,4,5,14.4331
1,2,1,1,2,25.6936
1,2,2,1,10,2,2.23952
1,2,2,1,3,2,4.47904
1,2,2,1,9,2,4.79977
1,2,3,1,7,5,2,2.23952
1,2,2,1,4,2,2.23952
10,1,1,10,1,18.2707
10,1,2,10,9,1,8.67111
10,1,3,10,6,4,1,6.73544
10,1,2,10,7,1,6.73544
8,9,1,8,9,26.3894
8,9,2,8,6,9,1.8597
8,9,3,8,0,7,9,1.8597
8,9,2,8,0,9,8.51918
0,8,1,0,8,27.4651
0,8,2,0,7,8,8.26597
0,8,3,0,7,10,8,1.7331
0,8,2,0,6,8,1.7331
8,6,1,8,6,25.1023
8,6,2,8,7,6,7.7089
8,6,2,8,0,6,1.45456
8,6,2,8,10,6,1.45456
1,5,1,1,5,25.6936
1,5,2,1,8,5,1.20135
1,5,3,1,9,7,5,2.4027
1,5,2,1,7,5,2.4027
1,3,1,1,3,21.2146
1,3,2,1,4,3,7.20248
1,3,4,1,9,6,4,3,1.20135
1,3,4,1,10,6,4,3,4.79977
1,3,3,1,8,5,3,1.20135
