switch_id,used_rules,usage
10,18,2
9,20,2.22222
8,21,2.33333
7,22,2.44444
6,16,1.77778
5,15,1.66667
4,17,1.88889
3,8,0.888889
2,12,1.33333
1,22,2.44444
0,11,1.22222
