switch_id,used_rules,usage
10,2,0.222222
9,3,0.333333
8,4,0.444444
7,2,0.222222
6,1,0.111111
5,2,0.222222
4,2,0.222222
3,3,0.333333
2,4,0.444444
1,4,0.444444
0,1,0.111111
