switch_id,used_rules,usage
10,6,0.666667
9,7,0.777778
8,9,1
7,5,0.555556
6,5,0.555556
5,1,0.111111
4,5,0.555556
3,4,0.444444
2,6,0.666667
1,8,0.888889
0,5,0.555556
