switch_id,used_rules,usage
10,4,0.444444
9,3,0.333333
8,6,0.666667
7,5,0.555556
6,3,0.333333
5,2,0.222222
4,3,0.333333
3,3,0.333333
2,4,0.444444
1,9,1
0,2,0.222222
