switch_id,used_rules,usage
10,3,0.333333
9,2,0.222222
8,6,0.666667
7,4,0.444444
6,3,0.333333
5,1,0.111111
4,3,0.333333
3,1,0.111111
2,2,0.222222
1,8,0.888889
0,2,0.222222
