switch_id,used_rules,usage
10,5,0.555556
9,6,0.666667
8,7,0.777778
7,4,0.444444
6,4,0.444444
5,2,0.222222
4,2,0.222222
3,2,0.222222
2,5,0.555556
1,7,0.777778
0,3,0.333333
