switch_id,used_rules,usage
10,16,1.77778
9,15,1.66667
8,17,1.88889
7,18,2
6,14,1.55556
5,14,1.55556
4,15,1.66667
3,8,0.888889
2,10,1.11111
1,21,2.33333
0,9,1
