switch_id,used_rules,usage
10,2,0.222222
9,2,0.222222
8,3,0.333333
7,2,0.222222
6,1,0.111111
5,2,0.222222
4,1,0.111111
3,2,0.222222
2,3,0.333333
1,5,0.555556
0,1,0.111111
