switch_id,used_rules,usage
10,4,0.444444
9,4,0.444444
8,5,0.555556
7,5,0.555556
6,4,0.444444
5,2,0.222222
4,3,0.333333
3,3,0.333333
2,3,0.333333
1,9,1
0,2,0.222222
