switch_id,used_rules,usage
10,24,2.66667
9,23,2.55556
8,27,3
7,31,3.44444
6,22,2.44444
5,19,2.11111
4,25,2.77778
3,14,1.55556
2,21,2.33333
1,36,4
0,14,1.55556
