switch_id,used_rules,usage
10,4,0.444444
9,5,0.555556
8,7,0.777778
7,6,0.666667
6,4,0.444444
5,4,0.444444
4,5,0.555556
3,3,0.333333
2,5,0.555556
1,8,0.888889
0,4,0.444444
