source,destination,length,path
8,1,1,8,1,25.6936
8,1,2,8,5,1,12.8571
8,1,2,8,7,1,8.57143
8,1,3,8,5,2,1,4.28571
8,1,3,8,5,3,1,4.28571
2,3,1,2,3,23.1544
2,3,2,2,5,3,10.2973
2,3,2,2,4,3,0.575282
6,7,1,6,7,21.936
6,7,2,6,0,7,0.507454
6,7,2,6,10,7,4.79317
6,7,2,6,9,7,5.80808
6,7,2,6,4,7,0.507454
9,2,1,9,2,21.4286
9,2,3,9,7,4,2,4.28571
9,2,3,9,6,4,2,4.28571
8,10,1,8,10,21.7049
8,10,2,8,7,10,3.61749
1,7,1,1,7,14.4699
1,7,2,1,10,7,7.23497
1,7,2,1,9,7,3.61749
1,4,1,1,4,16.2787
1,4,3,1,9,6,4,3.25574
1,4,3,1,10,7,4,3.25574
0,6,1,0,6,18.7205
0,6,2,0,7,6,3.12008
2,4,1,2,4,16.8213
2,4,2,2,5,4,2.80355
5,7,1,5,7,18.2005
0,9,1,0,9,18.2005
9,10,1,9,10,25.3726
9,10,2,9,6,10,12.1738
9,10,2,9,7,10,7.88813
9,10,2,9,1,10,8.22978
9,10,3,9,0,7,10,3.94407
4,7,1,4,7,17.0926
3,4,1,3,4,11.8699
3,4,2,3,5,4,4.74795
8,7,1,8,7,9.04371
8,7,2,8,0,7,6.78279
10,2,1,10,2,15.6682
4,5,1,4,5,12.8873
4,5,2,4,3,5,2.14788
1,2,1,1,2,25.6936
1,2,2,1,10,2,1.99967
1,2,2,1,3,2,3.99933
1,2,2,1,9,2,4.28571
1,2,2,1,5,2,4.28571
1,2,3,1,8,5,2,1.99967
10,1,1,10,1,22.3279
10,1,2,10,9,1,10.2998
10,1,3,10,6,4,1,6.01407
10,1,2,10,7,1,3.45671
8,9,1,8,9,26.1839
8,9,2,8,6,9,4.98158
8,9,2,8,0,9,5.94624
8,9,3,8,0,7,9,1.66053
0,8,1,0,8,28.3056
0,8,2,0,7,8,7.38068
0,8,2,0,6,8,4.64244
8,6,1,8,6,21.6609
8,6,2,8,7,6,4.70648
8,6,2,8,0,6,1.29878
8,6,3,8,5,4,6,2.59756
8,6,2,8,10,6,4.47894
1,5,1,1,5,21.4079
1,5,2,1,8,5,1.07269
1,5,3,1,9,7,5,2.14537
1,5,2,1,7,5,9.64411
1,3,1,1,3,21.6943
1,3,2,1,4,3,9.41492
1,3,4,1,9,6,4,3,1.07269
1,3,3,1,7,4,3,1.07269
