switch_id,used_rules,usage
10,19,2.11111
9,22,2.44444
8,25,2.77778
7,30,3.33333
6,22,2.44444
5,21,2.33333
4,24,2.66667
3,12,1.33333
2,19,2.11111
1,37,4.11111
0,13,1.44444
