switch_id,used_rules,usage
10,4,0.444444
9,4,0.444444
8,6,0.666667
7,3,0.333333
6,3,0.333333
5,1,0.111111
4,2,0.222222
3,3,0.333333
2,4,0.444444
1,6,0.666667
0,3,0.333333
