source,destination,length,path
8,1,1,8,1,25.398
8,1,2,8,5,1,12.5
8,1,2,8,7,1,7.5
8,1,3,8,5,4,1,2.5
8,1,3,8,5,2,1,5
8,1,3,8,7,4,1,5
2,3,1,2,3,19.5135
2,3,2,2,5,3,14.5135
6,7,1,6,7,23.388
6,7,2,6,0,7,2.79601
6,7,2,6,9,7,2.79601
6,7,2,6,10,7,3.68406
6,7,2,6,4,7,0.888045
9,2,1,9,2,25
9,2,3,9,6,4,2,2.5
9,2,3,9,7,5,2,2.5
8,10,1,8,10,25.3224
1,7,1,1,7,10.551
1,7,2,1,9,7,8.4408
1,7,2,1,10,7,6.3306
1,4,1,1,4,15.1934
1,4,2,1,7,4,1.89918
1,4,3,1,9,6,4,3.79836
1,4,3,1,10,6,4,1.89918
0,6,1,0,6,18.2005
0,6,2,0,7,6,3.64009
2,4,1,2,4,17.9895
2,4,2,2,5,4,1.6354
5,7,1,5,7,16.6838
5,7,3,5,2,10,7,1.51671
0,9,1,0,9,15.1671
0,9,2,0,7,9,3.03341
9,10,1,9,10,26.2815
9,10,2,9,6,10,14.6014
9,10,2,9,7,10,9.40211
9,10,2,9,1,10,6.90211
4,7,1,4,7,17.0926
3,4,1,3,4,12.4634
3,4,2,3,5,4,4.15446
8,7,1,8,7,7.91325
8,7,2,8,0,7,6.59437
8,7,2,8,5,7,1.31887
10,2,1,10,2,15.6682
4,5,1,4,5,13.7822
4,5,2,4,3,5,1.25293
1,2,1,1,2,25.398
1,2,2,1,10,2,2.33294
1,2,2,1,5,2,1.16647
1,2,4,1,10,6,4,2,2.33294
1,2,2,1,9,2,1.16647
1,2,3,1,7,4,2,2.5
1,2,2,1,4,2,3.49942
1,2,2,1,3,2,3.66647
10,1,1,10,1,19.5575
10,1,2,10,9,1,13.0246
10,1,2,10,7,1,6.00821
10,1,3,10,6,4,1,3.50821
8,9,1,8,9,26.0137
8,9,2,8,0,9,5.40592
8,9,3,8,0,7,9,1.93728
8,9,2,8,6,9,3.87456
8,9,3,8,5,2,9,2.5
0,8,1,0,8,26.1108
0,8,2,0,7,8,6.11079
0,8,2,0,6,8,3.4027
0,8,2,0,9,8,5.20809
8,6,1,8,6,22.407
8,6,2,8,10,6,0.691279
8,6,2,8,7,6,5.28036
8,6,2,8,0,6,4.01524
8,6,3,8,5,4,6,2.5
1,5,1,1,5,24.2315
1,5,2,1,8,5,0.0705055
1,5,3,1,9,7,5,1.25147
1,5,2,1,7,5,7.50293
1,5,3,1,10,7,5,0.625734
1,5,2,1,3,5,0.625734
1,3,1,1,3,21.1058
1,3,2,1,4,3,6.2544
1,3,3,1,7,4,3,2.94489
1,3,4,1,9,6,4,3,1.25147
1,3,4,1,10,6,4,3,2.5
