switch_id,used_rules,usage
10,3,0.333333
9,2,0.222222
8,4,0.444444
7,2,0.222222
6,2,0.222222
5,2,0.222222
4,1,0.111111
3,2,0.222222
2,2,0.222222
1,5,0.555556
0,1,0.111111
