switch_id,used_rules,usage
10,7,0.777778
9,4,0.444444
8,7,0.777778
7,5,0.555556
6,6,0.666667
5,5,0.555556
4,2,0.222222
3,3,0.333333
2,5,0.555556
1,9,1
0,3,0.333333
