switch_id,used_rules,usage
10,20,2.22222
9,25,2.77778
8,29,3.22222
7,30,3.33333
6,21,2.33333
5,20,2.22222
4,23,2.55556
3,12,1.33333
2,15,1.66667
1,37,4.11111
0,16,1.77778
