switch_id,used_rules,usage
10,4,0.444444
9,4,0.444444
8,6,0.666667
7,6,0.666667
6,2,0.222222
5,3,0.333333
4,2,0.222222
3,3,0.333333
2,4,0.444444
1,8,0.888889
0,2,0.222222
