switch_id,used_rules,usage
10,3,0.333333
9,4,0.444444
8,5,0.555556
7,4,0.444444
6,4,0.444444
5,4,0.444444
4,5,0.555556
3,3,0.333333
2,4,0.444444
1,9,1
0,2,0.222222
