source,destination,length,path
8,1,1,8,1,25.5507
8,1,2,8,5,1,15
8,1,2,8,7,1,7.5
8,1,3,8,5,4,1,3.75
8,1,3,8,10,2,1,3.75
8,1,3,8,5,3,1,3.75
2,3,1,2,3,20.7635
2,3,2,2,5,3,12.2567
2,3,2,2,4,3,0.503372
2,3,3,2,5,4,3,0.503372
6,7,1,6,7,23.388
6,7,2,6,0,7,4.19402
6,7,2,6,9,7,4.19402
6,7,2,6,10,7,1.33207
6,7,2,6,4,7,0.444022
9,2,1,9,2,22.5
9,2,3,9,6,4,2,7.5
8,10,1,8,10,22.1571
8,10,3,8,0,7,10,3.1653
1,7,1,1,7,15.8265
1,7,2,1,10,7,6.3306
1,7,2,1,9,7,3.1653
1,4,1,1,4,22.7902
0,6,1,0,6,19.1105
0,6,2,0,7,6,2.73007
2,4,1,2,4,14.7186
2,4,3,2,10,6,4,2.45311
2,4,2,2,5,4,2.45311
5,7,1,5,7,18.2005
0,9,1,0,9,15.9254
0,9,2,0,7,9,2.27506
9,10,1,9,10,25.6521
9,10,2,9,6,10,14.1032
9,10,2,9,7,10,10.6521
9,10,2,9,1,10,7.20106
4,7,1,4,7,17.0926
3,4,1,3,4,12.4634
3,4,2,3,5,4,4.15446
8,7,1,8,7,13.8482
8,7,2,8,0,7,1.97831
10,2,1,10,2,13.7097
10,2,3,10,7,4,2,1.95853
4,5,1,4,5,13.1558
4,5,2,4,3,5,1.8794
1,2,1,1,2,25.5507
1,2,2,1,10,2,1.74971
1,2,2,1,5,2,7.24942
1,2,2,1,9,2,3.49942
1,2,3,1,7,4,2,1.74971
1,2,3,1,7,5,2,1.74971
10,1,1,10,1,21.7746
10,1,2,10,9,1,10.5246
10,1,2,10,7,1,6.77462
10,1,3,10,6,4,1,3.02462
8,9,1,8,9,26.0137
8,9,2,8,0,9,5.20296
8,9,3,8,0,7,9,2.90592
8,9,2,8,6,9,2.90592
8,9,2,8,1,9,0
0,8,1,0,8,27.6367
0,8,2,0,7,8,7.81214
0,8,2,0,9,8,2.70809
0,8,2,0,6,8,1.35405
8,6,1,8,6,23.7366
8,6,2,8,0,6,4.88643
8,6,2,8,7,6,4.40004
8,6,2,8,10,6,0.106579
8,6,3,8,5,4,6,1.13643
1,5,1,1,5,18.3013
1,5,2,1,8,5,3.0061
1,5,3,1,9,7,5,4.6886
1,5,2,1,7,5,3.75
1,5,3,1,10,7,5,1.8772
1,5,2,1,3,5,0.938601
1,3,1,1,3,24.6121
1,3,2,1,4,3,1.8772
1,3,4,1,9,7,4,3,0.938601
1,3,4,1,10,6,4,3,3.75
1,3,3,1,7,4,3,2.47479
