switch_id,used_rules,usage
10,2,0.222222
9,3,0.333333
8,6,0.666667
7,4,0.444444
6,2,0.222222
5,3,0.333333
4,1,0.111111
3,2,0.222222
2,3,0.333333
1,5,0.555556
0,1,0.111111
