switch_id,used_rules,usage
10,6,0.666667
9,5,0.555556
8,5,0.555556
7,6,0.666667
6,3,0.333333
5,2,0.222222
4,4,0.444444
3,3,0.333333
2,6,0.666667
1,9,1
0,1,0.111111
