switch_id,used_rules,usage
10,3,0.333333
9,3,0.333333
8,8,0.888889
7,3,0.333333
6,3,0.333333
5,2,0.222222
4,3,0.333333
3,3,0.333333
2,4,0.444444
1,7,0.777778
0,3,0.333333
