switch_id,used_rules,usage
10,18,2
9,21,2.33333
8,25,2.77778
7,27,3
6,20,2.22222
5,15,1.66667
4,21,2.33333
3,11,1.22222
2,12,1.33333
1,33,3.66667
0,13,1.44444
