source,destination,length,path
8,1,1,8,1,25.8704
8,1,2,8,5,1,12.4697
8,1,2,8,7,1,4.15658
8,1,3,8,5,4,1,4.15658
8,1,3,8,5,2,1,8.31316
2,3,1,2,3,18.3002
2,3,2,2,5,3,14.1436
2,3,2,2,4,3,0.557948
6,7,1,6,7,21.2751
6,7,2,6,0,7,5.63307
6,7,2,6,10,7,4.64875
6,7,2,6,4,7,0.984328
9,2,1,9,2,20.7829
9,2,3,9,6,4,2,8.31316
8,10,1,8,10,24.5594
1,7,1,1,7,17.5424
1,7,2,1,10,7,7.01697
1,4,1,1,4,22.1035
0,6,1,0,6,15.1304
0,6,2,0,7,6,3.02607
0,6,3,0,7,4,6,3.02607
2,4,1,2,4,16.3145
2,4,2,2,5,4,2.71908
5,7,1,5,7,17.6521
0,9,1,0,9,17.6521
9,10,1,9,10,24.2768
9,10,2,9,6,10,12.1384
9,10,2,9,7,10,11.807
9,10,2,9,1,10,7.65045
4,7,1,4,7,16.5776
3,4,1,3,4,13.8147
3,4,2,3,5,4,2.30244
8,7,1,8,7,13.1568
8,7,2,8,0,7,2.1928
10,2,1,10,2,15.1961
4,5,1,4,5,12.499
4,5,2,4,3,5,2.08316
1,2,1,1,2,24.6617
1,2,2,1,10,2,1.93942
1,2,2,1,5,2,6.096
1,2,2,1,9,2,3.87883
1,2,4,1,9,7,4,2,4.15658
1,2,2,1,3,2,1.93942
10,1,1,10,1,19.9789
10,1,2,10,9,1,11.6657
10,1,3,10,6,4,1,3.35256
10,1,2,10,7,1,5.83286
8,9,1,8,9,26.3894
8,9,2,8,6,9,4.83148
8,9,2,8,0,9,5.76708
8,9,3,8,0,7,9,1.61049
8,9,2,8,7,9,1.61049
0,8,1,0,8,27.9412
0,8,2,0,7,8,7.15829
0,8,2,0,6,8,4.50256
8,6,1,8,6,22.1305
8,6,2,8,7,6,6.67587
8,6,2,8,10,6,1.25965
8,6,2,8,0,6,5.41623
1,5,1,1,5,19.7474
1,5,2,1,8,5,2.08073
1,5,3,1,9,7,5,8.31316
1,5,2,1,7,5,6.23731
1,3,1,1,3,23.931
1,3,2,1,4,3,3.1211
1,3,3,1,7,4,3,1.04037
1,3,4,1,10,6,4,3,4.15658
