source,destination,length,path
8,1,1,8,1,20.4202
8,1,2,8,5,1,7.05882
8,1,2,8,7,1,1.76471
8,1,3,8,0,7,1,0.504202
8,1,3,8,10,9,1,0.252101
2,3,1,2,3,17.1429
2,3,2,2,5,3,12.605
2,3,3,2,5,4,3,0.252101
6,7,1,6,7,19.1597
6,7,2,6,0,7,0.252101
6,7,2,6,9,7,1.0084
6,7,2,6,10,7,9.32773
6,7,2,6,4,7,0.252101
9,2,1,9,2,19.4118
9,2,3,9,6,4,2,6.30252
9,2,3,9,7,5,2,0.252101
9,2,3,9,7,4,2,4.03361
8,10,1,8,10,15.9595
8,10,2,8,7,10,5.74542
8,10,3,8,5,2,10,1.91514
8,10,3,8,0,7,10,1.70235
1,7,1,1,7,13.406
1,7,2,1,10,7,4.89425
1,7,2,1,9,7,7.02218
1,4,1,1,4,13.789
1,4,3,1,9,6,4,2.10665
1,4,3,1,10,6,4,2.6812
1,4,3,1,10,7,4,0.383028
1,4,2,1,7,4,0.95757
1,4,2,1,5,4,1.53211
1,4,3,1,9,7,4,0.574542
1,4,2,1,3,4,0.191514
1,4,3,1,3,5,4,0.191514
1,4,2,1,2,4,0.383028
0,6,1,0,6,13.9486
0,6,2,0,7,6,7.70844
0,6,3,0,7,4,6,0.183534
2,4,1,2,4,15.8318
2,4,2,2,5,4,3.46321
2,4,3,2,10,7,4,0.164915
2,4,3,2,10,6,4,0.164915
5,7,1,5,7,17.5887
5,7,3,5,2,10,7,0.30589
5,7,2,5,4,7,0.30589
0,9,1,0,9,15.1416
0,9,2,0,7,9,1.6824
0,9,2,0,6,9,1.37651
9,10,1,9,10,19.4118
9,10,2,9,6,10,8.82353
9,10,2,9,7,10,0.252101
9,10,2,9,1,10,1.51261
4,7,1,4,7,17.0926
3,4,1,3,4,13.2663
3,4,2,3,5,4,3.35149
8,7,1,8,7,11.7036
8,7,2,8,0,7,4.12287
10,2,1,10,2,15.0099
10,2,3,10,6,4,2,0.658329
4,5,1,4,5,13.3927
4,5,2,4,3,5,1.6425
1,2,1,1,2,19.4118
1,2,2,1,10,2,2.77311
1,2,3,1,8,5,2,0.504202
1,2,3,1,7,5,2,0.252101
1,2,4,1,9,7,4,2,0.504202
1,2,2,1,5,2,4.28571
1,2,2,1,4,2,0.504202
1,2,3,1,7,4,2,0.504202
1,2,2,1,3,2,1.0084
1,2,2,1,9,2,0.252101
10,1,1,10,1,15.6303
10,1,2,10,9,1,12.1008
10,1,2,10,7,1,0.756303
10,1,3,10,6,9,1,1.51261
8,9,1,8,9,20.4202
8,9,2,8,7,9,0.504202
8,9,3,8,5,2,9,5.29412
8,9,2,8,0,9,0.756303
8,9,3,8,0,7,9,1.0084
8,9,2,8,6,9,0.252101
8,9,3,8,0,6,9,0.756303
8,9,2,8,10,9,0.504202
8,9,3,8,10,6,9,0.504202
0,8,1,0,8,20.6723
0,8,2,0,7,8,2.52101
0,8,2,0,6,8,2.77311
0,8,2,0,9,8,4.03361
8,6,1,8,6,20.4202
8,6,2,8,0,6,1.2605
8,6,3,8,5,4,6,4.53782
8,6,2,8,7,6,0.252101
8,6,2,8,10,6,3.02521
8,6,3,8,0,7,6,0.504202
1,5,1,1,5,13.1092
1,5,2,1,8,5,1.2605
1,5,3,1,10,7,5,2.26891
1,5,3,1,9,7,5,4.53782
1,5,2,1,7,5,2.77311
1,5,2,1,3,5,4.53782
1,5,2,1,4,5,1.0084
1,5,3,1,4,3,5,0.504202
1,3,1,1,3,14.1176
1,3,3,1,7,4,3,1.76471
1,3,4,1,10,6,4,3,4.53782
1,3,2,1,4,3,4.03361
1,3,4,1,9,6,4,3,1.76471
1,3,4,1,9,7,4,3,1.0084
1,3,4,1,9,7,5,3,0.504202
1,3,4,1,10,7,5,3,0.504202
1,3,2,1,5,3,1.2605
1,3,3,1,2,5,3,0.252101
1,3,3,1,7,5,3,0.252101
