switch_id,used_rules,usage
10,4,0.444444
9,5,0.555556
8,8,0.888889
7,4,0.444444
6,3,0.333333
5,4,0.444444
4,3,0.333333
3,2,0.222222
2,4,0.444444
1,8,0.888889
0,3,0.333333
