switch_id,used_rules,usage
10,2,0.222222
9,2,0.222222
8,3,0.333333
7,2,0.222222
6,2,0.222222
5,0,0
4,2,0.222222
3,1,0.111111
2,3,0.333333
1,4,0.444444
0,1,0.111111
