source,destination,length,path
8,1,1,8,1,28
8,1,2,8,5,1,10
8,1,2,8,7,1,4
8,1,3,8,5,4,1,2
8,1,3,8,5,2,1,2
8,1,3,8,0,7,1,8
8,1,3,8,7,4,1,2
8,1,2,8,9,1,2
8,1,4,8,0,7,4,1,2
2,3,1,2,3,18.1477
2,3,2,2,5,3,15.8793
6,7,1,6,7,23.1841
6,7,2,6,0,7,2.23681
6,7,2,6,9,7,2.23681
6,7,2,6,10,7,3.42087
6,7,2,6,4,7,2.47362
9,2,1,9,2,24
9,2,3,9,6,4,2,4
9,2,3,9,7,4,2,2
8,10,1,8,10,25.3224
1,7,1,1,7,6.75264
1,7,2,1,9,7,5.06448
1,7,2,1,10,7,13.5053
1,4,1,1,4,19.7515
1,4,3,1,9,6,4,3.03869
0,6,1,0,6,20.3845
0,6,2,0,7,6,1.45604
2,4,1,2,4,18.3165
2,4,3,2,10,6,4,1.30832
5,7,1,5,7,18.2005
0,9,1,0,9,16.9871
0,9,2,0,7,9,1.21336
9,10,1,9,10,25.5217
9,10,2,9,6,10,15.3623
9,10,2,9,7,10,13.0434
9,10,2,9,1,10,3.68113
4,7,1,4,7,17.0926
3,4,1,3,4,13.2943
3,4,2,3,5,4,3.32356
8,7,1,8,7,12.6612
8,7,2,8,0,7,3.1653
10,2,1,10,2,15.6682
4,5,1,4,5,14.0328
4,5,2,4,3,5,1.00234
1,2,1,1,2,25.7327
1,2,2,1,10,2,1.86636
1,2,2,1,4,2,2.93318
1,2,2,1,5,2,7.73271
1,2,2,1,9,2,1.86636
1,2,4,1,10,6,4,2,0.933178
1,2,3,1,7,4,2,0.933178
1,2,3,1,7,5,2,2
10,1,1,10,1,20.0328
10,1,2,10,9,1,14.4197
10,1,2,10,7,1,2.80657
10,1,3,10,6,4,1,3.22626
10,1,2,10,2,1,1.61313
8,9,1,8,9,25.0997
8,9,2,8,7,9,0.774913
8,9,2,8,0,9,1.54983
8,9,3,8,0,7,9,2.77491
8,9,2,8,6,9,9.09965
8,9,3,8,5,2,9,2.32474
0,8,1,0,8,27.4443
0,8,2,0,7,8,4.16647
0,8,3,0,7,6,8,0.722158
0,8,2,0,9,8,6.33295
0,8,2,0,6,8,2.16647
8,6,1,8,6,19.0305
8,6,2,8,0,6,2.6061
8,6,2,8,10,6,1.81829
8,6,2,8,7,6,6.42439
8,6,3,8,5,4,6,9.21219
1,5,1,1,5,18.0047
1,5,2,1,8,5,1.00117
1,5,2,1,7,5,11.0012
1,5,2,1,3,5,3.00117
1,5,3,1,9,7,5,2.50059
1,5,4,1,7,4,3,5,2
1,3,1,1,3,24.5029
1,3,2,1,4,3,3.00117
1,3,4,1,10,6,4,3,1.50176
1,3,4,1,9,6,4,3,3.00117
1,3,4,1,10,7,4,3,2
1,3,3,1,7,4,3,3.00117
1,3,2,1,5,3,0.500587
