switch_id,used_rules,usage
10,15,1.66667
9,20,2.22222
8,20,2.22222
7,23,2.55556
6,17,1.88889
5,14,1.55556
4,16,1.77778
3,11,1.22222
2,14,1.55556
1,27,3
0,11,1.22222
