source,destination,length,path
8,1,1,8,1,21
8,1,2,8,5,1,9
2,3,1,2,3,18
2,3,2,2,5,3,12
6,7,1,6,7,18
6,7,2,6,0,7,3
6,7,2,6,9,7,3
6,7,2,6,10,7,6
9,2,1,9,2,18
9,2,3,9,6,4,2,6
9,2,3,9,7,4,2,3
9,2,3,9,7,5,2,3
8,10,1,8,10,17.7257
8,10,2,8,7,10,7.59672
1,7,1,1,7,15.1934
1,7,2,1,10,7,5.06448
1,7,2,1,9,7,5.06448
1,4,1,1,4,11.3951
1,4,2,1,7,4,2.27902
1,4,3,1,9,6,4,2.27902
1,4,3,1,10,6,4,6.83705
0,6,1,0,6,13.1043
0,6,2,0,7,6,8.73623
2,4,1,2,4,15.6999
2,4,2,2,5,4,1.96249
2,4,3,2,10,7,4,1.96249
5,7,1,5,7,18.2005
0,9,1,0,9,18.2005
9,10,1,9,10,18
9,10,2,9,6,10,9
9,10,2,9,1,10,3
4,7,1,4,7,17.0926
3,4,1,3,4,11.6325
3,4,2,3,5,4,4.98535
8,7,1,8,7,11.0785
8,7,2,8,0,7,4.74795
10,2,1,10,2,15.6682
4,5,1,4,5,12.0281
4,5,2,4,3,5,3.00703
1,2,1,1,2,21
1,2,3,1,8,5,2,3
1,2,2,1,4,2,3
1,2,2,1,9,2,3
10,1,1,10,1,18
10,1,2,10,9,1,9
10,1,2,10,7,1,3
8,9,1,8,9,21
8,9,3,8,5,2,9,6
8,9,2,8,10,9,3
0,8,1,0,8,21
0,8,2,0,6,8,3
0,8,2,0,7,8,3
0,8,2,0,9,8,3
8,6,1,8,6,21
8,6,2,8,0,6,6
8,6,3,8,5,4,6,3
1,5,1,1,5,21
1,5,3,1,9,7,5,6
1,5,2,1,7,5,3
1,3,1,1,3,24
1,3,2,1,4,3,6
