switch_id,used_rules,usage
10,15,1.66667
9,16,1.77778
8,17,1.88889
7,22,2.44444
6,14,1.55556
5,16,1.77778
4,16,1.77778
3,9,1
2,14,1.55556
1,23,2.55556
0,9,1
