switch_id,used_rules,usage
10,4,0.444444
9,6,0.666667
8,8,0.888889
7,6,0.666667
6,4,0.444444
5,5,0.555556
4,3,0.333333
3,2,0.222222
2,4,0.444444
1,9,1
0,3,0.333333
