switch_id,used_rules,usage
10,3,0.333333
9,1,0.111111
8,4,0.444444
7,3,0.333333
6,2,0.222222
5,2,0.222222
4,0,0
3,1,0.111111
2,2,0.222222
1,5,0.555556
0,1,0.111111
