switch_id,used_rules,usage
10,13,1.44444
9,12,1.33333
8,15,1.66667
7,19,2.11111
6,10,1.11111
5,12,1.33333
4,12,1.33333
3,7,0.777778
2,10,1.11111
1,19,2.11111
0,8,0.888889
