switch_id,used_rules,usage
10,6,0.666667
9,4,0.444444
8,9,1
7,5,0.555556
6,5,0.555556
5,3,0.333333
4,2,0.222222
3,3,0.333333
2,4,0.444444
1,8,0.888889
0,4,0.444444
