switch_id,used_rules,usage
10,17,1.88889
9,26,2.88889
8,28,3.11111
7,28,3.11111
6,22,2.44444
5,19,2.11111
4,22,2.44444
3,12,1.33333
2,18,2
1,35,3.88889
0,15,1.66667
