switch_id,used_rules,usage
10,1,0.111111
9,1,0.111111
8,3,0.333333
7,3,0.333333
6,0,0
5,1,0.111111
4,2,0.222222
3,1,0.111111
2,2,0.222222
1,5,0.555556
0,1,0.111111
