switch_id,used_rules,usage
10,3,0.333333
9,4,0.444444
8,4,0.444444
7,3,0.333333
6,4,0.444444
5,2,0.222222
4,3,0.333333
3,2,0.222222
2,3,0.333333
1,7,0.777778
0,2,0.222222
