source,destination,length,path
8,1,1,8,1,30
8,1,2,8,5,1,15
8,1,2,8,7,1,5
8,1,3,8,5,2,1,5
8,1,3,8,0,7,1,5
2,3,1,2,3,17.0135
2,3,2,2,5,3,12.0135
2,3,2,2,4,3,5
6,7,1,6,7,20.592
6,7,2,6,0,7,0.59203
6,7,2,6,10,7,5.59203
6,7,2,6,9,7,6.77609
9,2,1,9,2,20
9,2,3,9,7,4,2,5
9,2,3,9,6,4,2,5
8,10,1,8,10,25.3224
1,7,1,1,7,12.6612
1,7,2,1,10,7,8.4408
1,7,2,1,9,7,4.2204
1,4,1,1,4,22.7902
0,6,1,0,6,21.8406
2,4,1,2,4,13.0832
2,4,2,2,5,4,6.54162
5,7,1,5,7,18.2005
0,9,1,0,9,18.2005
9,10,1,9,10,24.6014
9,10,2,9,6,10,14.2028
9,10,2,9,7,10,4.60141
9,10,2,9,1,10,9.60141
9,10,3,9,0,7,10,4.60141
4,7,1,4,7,17.0926
3,4,1,3,4,13.8482
3,4,2,3,5,4,2.76964
8,7,1,8,7,13.1887
8,7,2,8,0,7,2.63775
10,2,1,10,2,15.6682
4,5,1,4,5,12.5293
4,5,2,4,3,5,2.50586
1,2,1,1,2,26.9988
1,2,2,1,10,2,2.33294
1,2,2,1,3,2,2.33294
1,2,2,1,9,2,5
1,2,2,1,5,2,5
1,2,3,1,8,5,2,2.33294
10,1,1,10,1,21.0492
10,1,2,10,9,1,10
10,1,3,10,6,4,1,7.01641
10,1,2,10,7,1,4.03283
8,9,1,8,9,28.8746
8,9,2,8,6,9,3.87456
8,9,2,8,0,9,1.93728
8,9,3,8,0,7,9,5
8,9,2,8,7,9,1.93728
0,8,1,0,8,28.6108
0,8,2,0,7,8,6.80539
0,8,2,0,9,8,3.61079
0,8,2,0,6,8,1.80539
8,6,1,8,6,24.5457
8,6,2,8,7,6,6.51524
8,6,2,8,0,6,1.51524
8,6,2,8,10,6,1.51524
8,6,3,8,5,4,6,5
1,5,1,1,5,22.5029
1,5,2,1,8,5,2.50293
1,5,3,1,9,7,5,1.25147
1,5,2,1,7,5,11.2515
1,3,1,1,3,26.2515
1,3,2,1,4,3,2.50293
1,3,4,1,9,6,4,3,1.25147
1,3,2,1,5,3,1.25147
1,3,3,1,7,4,3,5
1,3,4,1,10,6,4,3,1.25147
