switch_id,used_rules,usage
10,15,1.66667
9,22,2.44444
8,24,2.66667
7,25,2.77778
6,16,1.77778
5,17,1.88889
4,16,1.77778
3,13,1.44444
2,16,1.77778
1,30,3.33333
0,13,1.44444
