switch_id,used_rules,usage
10,17,1.88889
9,21,2.33333
8,21,2.33333
7,25,2.77778
6,17,1.88889
5,16,1.77778
4,20,2.22222
3,10,1.11111
2,16,1.77778
1,26,2.88889
0,12,1.33333
