switch_id,used_rules,usage
10,7,0.777778
9,5,0.555556
8,6,0.666667
7,6,0.666667
6,4,0.444444
5,2,0.222222
4,4,0.444444
3,3,0.333333
2,6,0.666667
1,9,1
0,3,0.333333
