switch_id,used_rules,usage
10,5,0.555556
9,5,0.555556
8,9,1
7,4,0.444444
6,4,0.444444
5,2,0.222222
4,3,0.333333
3,3,0.333333
2,5,0.555556
1,8,0.888889
0,3,0.333333
