switch_id,used_rules,usage
10,7,0.777778
9,6,0.666667
8,8,0.888889
7,5,0.555556
6,4,0.444444
5,3,0.333333
4,3,0.333333
3,3,0.333333
2,6,0.666667
1,9,1
0,3,0.333333
