switch_id,used_rules,usage
10,15,1.66667
9,19,2.11111
8,20,2.22222
7,23,2.55556
6,18,2
5,14,1.55556
4,16,1.77778
3,10,1.11111
2,14,1.55556
1,28,3.11111
0,11,1.22222
