source,destination,length,path
8,1,1,8,1,20.5263
8,1,2,8,5,1,7.89474
8,1,2,8,7,1,1.57895
2,3,1,2,3,17.3684
2,3,2,2,5,3,12.6316
6,7,1,6,7,18.9474
6,7,2,6,0,7,1.57895
6,7,2,6,9,7,4.73684
6,7,2,6,10,7,4.73684
9,2,1,9,2,20.5263
9,2,3,9,6,4,2,6.31579
9,2,3,9,7,4,2,3.15789
8,10,1,8,10,14.6603
8,10,2,8,7,10,5.33103
8,10,3,8,5,2,10,3.99827
8,10,3,8,0,7,10,1.33276
1,7,1,1,7,11.9948
1,7,2,1,10,7,6.66379
1,7,2,1,9,7,6.66379
1,4,1,1,4,19.1917
1,4,3,1,10,7,4,2.39896
1,4,3,1,10,6,4,1.19948
0,6,1,0,6,17.2426
0,6,2,0,7,6,4.59801
2,4,1,2,4,15.4933
2,4,3,2,10,6,4,2.06577
2,4,2,2,5,4,2.06577
5,7,1,5,7,17.2426
5,7,2,5,4,7,0.95792
0,9,1,0,9,16.2846
0,9,2,0,7,9,1.91584
9,10,1,9,10,18.9474
9,10,2,9,6,10,9.47368
9,10,2,9,1,10,1.57895
4,7,1,4,7,16.193
4,7,3,4,2,10,7,0.899612
3,4,1,3,4,12.2447
3,4,2,3,5,4,4.37311
8,7,1,8,7,9.99568
8,7,2,8,0,7,5.83082
10,2,1,10,2,15.6682
4,5,1,4,5,11.8699
4,5,2,4,3,5,3.1653
1,2,1,1,2,20.5263
1,2,2,1,5,2,4.73684
1,2,3,1,8,5,2,1.57895
1,2,3,1,7,5,2,1.57895
1,2,3,1,7,4,2,1.57895
10,1,1,10,1,15.7895
10,1,2,10,9,1,12.6316
10,1,2,10,7,1,1.57895
8,9,1,8,9,22.1053
8,9,2,8,7,9,1.57895
8,9,2,8,0,9,1.57895
8,9,3,8,0,7,9,1.57895
8,9,2,8,6,9,1.57895
8,9,2,8,10,9,1.57895
0,8,1,0,8,22.1053
0,8,2,0,7,8,3.15789
0,8,2,0,9,8,1.57895
0,8,2,0,6,8,3.15789
8,6,1,8,6,20.5263
8,6,3,8,5,4,6,3.15789
8,6,2,8,7,6,1.57895
8,6,2,8,10,6,4.73684
1,5,1,1,5,15.7895
1,5,2,1,8,5,4.73684
1,5,2,1,7,5,3.15789
1,5,3,1,9,7,5,4.73684
1,5,3,1,10,7,5,1.57895
1,3,1,1,3,20.5263
1,3,4,1,10,6,4,3,4.73684
1,3,4,1,9,6,4,3,1.57895
1,3,3,1,7,4,3,1.57895
1,3,2,1,4,3,1.57895
