switch_id,used_rules,usage
10,4,0.444444
9,4,0.444444
8,7,0.777778
7,4,0.444444
6,2,0.222222
5,3,0.333333
4,1,0.111111
3,2,0.222222
2,4,0.444444
1,9,1
0,2,0.222222
