source,destination,length,path
8,1,1,8,1,25.807
8,1,2,8,7,1,14.4868
8,1,2,8,5,1,14.4868
8,1,3,8,7,4,1,1.3421
8,1,3,8,5,3,1,1.3421
8,1,3,8,0,7,1,1.3421
2,3,1,2,3,21.3553
2,3,2,2,5,3,12.5921
6,7,1,6,7,19.921
6,7,2,6,9,7,4.38158
6,7,2,6,0,7,1.19736
6,7,2,6,10,7,6.77631
6,7,2,6,4,7,1.19736
9,2,1,9,2,23.5132
9,2,3,9,6,4,2,1.60525
9,2,3,9,7,4,2,5.98683
8,10,1,8,10,25.2631
1,7,1,1,7,21.0526
1,7,2,1,10,7,4.21052
1,4,1,1,4,18.9474
1,4,3,1,9,6,4,3.78947
0,6,1,0,6,18.1579
0,6,2,0,7,6,3.63158
2,4,1,2,4,19.5789
5,7,1,5,7,18.1579
0,9,1,0,9,18.1579
9,10,1,9,10,26.2895
9,10,2,9,6,10,10.3947
9,10,2,9,1,10,13.1447
9,10,2,9,7,10,6.01314
9,10,3,9,0,7,10,1.63156
4,7,1,4,7,17.0526
3,4,1,3,4,13.8158
3,4,2,3,5,4,2.76316
8,7,1,8,7,5.26315
8,7,2,8,0,7,10.5263
10,2,1,10,2,15.6316
4,5,1,4,5,15
1,2,1,1,2,25.807
1,2,2,1,5,2,8.80261
1,2,2,1,10,2,4.38158
1,2,2,1,9,2,2.9342
10,1,1,10,1,22.7632
10,1,2,10,9,1,7
10,1,3,10,6,4,1,5.23683
10,1,3,10,7,4,1,7
8,9,1,8,9,26.2815
8,9,2,8,0,9,2.53947
8,9,3,8,0,7,9,2.53947
8,9,2,8,6,9,7.6184
0,8,1,0,8,26.7237
0,8,2,0,7,8,2.40789
0,8,2,0,6,8,6.78947
0,8,2,0,9,8,4.81578
8,6,1,8,6,19.0241
8,6,3,8,5,4,6,8.61841
8,6,2,8,10,6,1.0184
8,6,2,8,7,6,5.00286
1,5,1,1,5,17.0044
1,5,2,1,3,5,4.38158
1,5,2,1,8,5,1.85526
1,5,2,1,7,5,4.75439
1,5,3,1,9,7,5,6.23684
1,3,1,1,3,21.4254
1,3,2,1,4,3,6.23684
1,3,4,1,10,6,4,3,1.85526
1,3,4,1,9,6,4,3,3.71052
