switch_id,used_rules,usage
10,18,2
9,17,1.88889
8,25,2.77778
7,26,2.88889
6,18,2
5,17,1.88889
4,18,2
3,10,1.11111
2,14,1.55556
1,31,3.44444
0,13,1.44444
