switch_id,used_rules,usage
10,3,0.333333
9,3,0.333333
8,3,0.333333
7,2,0.222222
6,3,0.333333
5,2,0.222222
4,2,0.222222
3,0,0
2,2,0.222222
1,3,0.333333
0,1,0.111111
