source,destination,length,path
8,1,1,8,1,24.9395
8,1,2,8,5,1,12.4697
8,1,2,8,7,1,4.15658
8,1,3,8,5,2,1,4.15658
8,1,3,8,5,4,1,4.15658
8,1,2,8,9,1,4.15658
8,1,3,8,5,3,1,4.15658
2,3,1,2,3,18.8581
2,3,2,2,5,3,9.98701
2,3,2,2,4,3,4.15658
6,7,1,6,7,21.7672
6,7,2,6,0,7,5.63307
6,7,2,6,10,7,4.15658
6,7,2,6,9,7,0.984328
9,2,1,9,2,24.9395
9,2,3,9,6,4,2,4.15658
8,10,1,8,10,24.5594
1,7,1,1,7,17.5424
1,7,2,1,9,7,3.50849
1,7,2,1,10,7,3.50849
1,4,1,1,4,15.7882
1,4,3,1,9,6,4,3.15764
1,4,2,1,7,4,3.15764
0,6,1,0,6,15.1304
0,6,2,0,7,6,3.02607
0,6,3,0,7,4,6,3.02607
2,4,1,2,4,13.5954
2,4,2,2,5,4,5.43816
5,7,1,5,7,17.6521
0,9,1,0,9,17.6521
9,10,1,9,10,24.6081
9,10,2,9,6,10,11.807
9,10,2,9,7,10,11.4757
9,10,2,9,1,10,7.98181
4,7,1,4,7,16.5776
3,4,1,3,4,13.8147
3,4,2,3,5,4,2.30244
8,7,1,8,7,13.1568
8,7,2,8,0,7,2.1928
10,2,1,10,2,15.1961
4,5,1,4,5,12.499
4,5,2,4,3,5,2.08316
1,2,1,1,2,25.4328
1,2,2,1,10,2,3.87883
1,2,2,1,3,2,1.93942
1,2,4,1,10,7,4,2,1.93942
1,2,2,1,5,2,6.096
1,2,2,1,4,2,1.93942
10,1,1,10,1,21.6552
10,1,2,10,9,1,5.83286
10,1,3,10,6,4,1,5.83286
10,1,2,10,7,1,7.50914
8,9,1,8,9,21.9384
8,9,2,8,6,9,7.37757
8,9,2,8,0,9,5.76708
8,9,3,8,0,7,9,1.61049
8,9,2,8,7,9,1.61049
8,9,2,8,1,9,0.493347
0,8,1,0,8,27.9412
0,8,2,0,7,8,7.15829
0,8,2,0,6,8,4.50256
8,6,1,8,6,19.265
8,6,2,8,7,6,6.67587
8,6,2,8,10,6,1.53554
8,6,2,8,0,6,8.31316
1,5,1,1,5,19.3368
1,5,2,1,8,5,2.02254
1,5,3,1,9,7,5,5.19695
1,5,2,1,7,5,4.15658
1,5,2,1,3,5,1.04037
1,5,3,1,10,7,5,4.15658
1,3,1,1,3,22.4531
1,3,2,1,4,3,6.23731
1,3,4,1,10,6,4,3,1.04037
1,3,4,1,9,7,4,3,1.04037
1,3,4,1,9,6,4,3,1.04037
