switch_id,used_rules,usage
10,6,0.666667
9,4,0.444444
8,5,0.555556
7,3,0.333333
6,4,0.444444
5,2,0.222222
4,1,0.111111
3,2,0.222222
2,5,0.555556
1,8,0.888889
0,2,0.222222
