switch_id,used_rules,usage
10,23,2.55556
9,23,2.55556
8,28,3.11111
7,30,3.33333
6,21,2.33333
5,19,2.11111
4,22,2.44444
3,10,1.11111
2,16,1.77778
1,38,4.22222
0,14,1.55556
