switch_id,used_rules,usage
10,7,0.777778
9,6,0.666667
8,7,0.777778
7,6,0.666667
6,3,0.333333
5,3,0.333333
4,4,0.444444
3,4,0.444444
2,6,0.666667
1,9,1
0,3,0.333333
