switch_id,used_rules,usage
10,3,0.333333
9,4,0.444444
8,6,0.666667
7,5,0.555556
6,2,0.222222
5,2,0.222222
4,2,0.222222
3,2,0.222222
2,3,0.333333
1,9,1
0,2,0.222222
