switch_id,used_rules,usage
10,5,0.555556
9,4,0.444444
8,8,0.888889
7,6,0.666667
6,3,0.333333
5,3,0.333333
4,4,0.444444
3,3,0.333333
2,5,0.555556
1,8,0.888889
0,2,0.222222
