switch_id,used_rules,usage
10,16,1.77778
9,15,1.66667
8,17,1.88889
7,19,2.11111
6,16,1.77778
5,14,1.55556
4,14,1.55556
3,7,0.777778
2,10,1.11111
1,20,2.22222
0,9,1
