switch_id,used_rules,usage
10,13,1.44444
9,17,1.88889
8,18,2
7,20,2.22222
6,14,1.55556
5,15,1.66667
4,16,1.77778
3,9,1
2,14,1.55556
1,23,2.55556
0,10,1.11111
