switch_id,used_rules,usage
10,16,1.77778
9,17,1.88889
8,20,2.22222
7,26,2.88889
6,17,1.88889
5,15,1.66667
4,17,1.88889
3,10,1.11111
2,13,1.44444
1,28,3.11111
0,11,1.22222
