switch_id,used_rules,usage
10,5,0.555556
9,4,0.444444
8,7,0.777778
7,5,0.555556
6,4,0.444444
5,1,0.111111
4,3,0.333333
3,3,0.333333
2,3,0.333333
1,8,0.888889
0,2,0.222222
