source,destination,length,path
8,1,1,8,1,25.3651
8,1,2,8,5,1,11.5385
8,1,2,8,7,1,6.92308
8,1,3,8,5,4,1,4.61538
8,1,3,8,5,2,1,4.61538
8,1,3,8,7,4,1,2.30769
8,1,3,8,0,7,1,2.30769
2,3,1,2,3,20.0104
2,3,2,2,5,3,13.7068
2,3,2,2,4,3,0.309767
6,7,1,6,7,22.1355
6,7,2,6,0,7,2.58094
6,7,2,6,9,7,0.819734
6,7,2,6,10,7,2.85418
6,7,2,6,4,7,5.16187
9,2,1,9,2,20.7692
9,2,3,9,6,4,2,2.30769
9,2,3,9,7,4,2,4.61538
9,2,3,9,7,5,2,2.30769
8,10,1,8,10,23.3745
8,10,2,8,7,10,1.94788
1,7,1,1,7,21.4266
1,7,2,1,9,7,3.89575
1,4,1,1,4,19.284
1,4,3,1,10,7,4,1.75309
1,4,2,1,5,4,1.75309
0,6,1,0,6,20.1605
0,6,2,0,7,6,1.68004
2,4,1,2,4,16.6057
2,4,2,2,5,4,3.01921
5,7,1,5,7,18.2005
0,9,1,0,9,15.4004
0,9,2,0,7,9,2.80007
9,10,1,9,10,25.0167
9,10,2,9,6,10,17.3578
9,10,2,9,7,10,6.37118
9,10,2,9,1,10,6.55515
9,10,2,9,2,10,2.30769
4,7,1,4,7,15.7778
4,7,3,4,2,10,7,1.31482
3,4,1,3,4,14.0612
3,4,2,3,5,4,2.55659
8,7,1,8,7,9.73938
8,7,2,8,0,7,4.86969
8,7,2,8,5,7,1.21742
10,2,1,10,2,15.6682
4,5,1,4,5,13.8786
4,5,2,4,3,5,1.15655
1,2,1,1,2,25.2304
1,2,2,1,10,2,3.38444
1,2,2,1,5,2,5.38372
1,2,4,1,10,6,4,2,1.07674
1,2,2,1,9,2,3.20462
1,2,2,1,4,2,2.15349
1,2,3,1,7,4,2,3.38444
10,1,1,10,1,20.3607
10,1,2,10,9,1,12.9534
10,1,2,10,7,1,6.47669
10,1,3,10,6,4,1,2.30769
8,9,1,8,9,25.6427
8,9,2,8,7,9,0.89413
8,9,2,8,0,9,4.99008
8,9,3,8,0,7,9,0.89413
8,9,2,8,6,9,4.09595
8,9,3,8,5,2,9,1.78826
8,9,3,8,0,6,9,0.89413
0,8,1,0,8,26.962
0,8,2,0,7,8,5.64073
0,8,3,0,7,6,8,0.833259
0,8,2,0,6,8,3.33304
0,8,2,0,9,8,3.97421
8,6,1,8,6,21.999
8,6,2,8,0,6,0.699343
8,6,2,8,10,6,2.2682
8,6,2,8,7,6,3.6576
8,6,3,8,0,7,6,3.00703
8,6,3,8,5,4,6,2.09803
1,5,1,1,5,16.1566
1,5,2,1,8,5,0.310916
1,5,3,1,9,7,5,6.34819
1,5,3,1,10,7,5,5.77059
1,5,2,1,3,5,5.19298
1,5,2,1,7,5,0.554007
1,5,4,1,10,6,4,5,2.30769
1,3,1,1,3,20.1721
1,3,2,1,4,3,3.4656
1,3,4,1,10,6,4,3,2.88529
1,3,4,1,9,6,4,3,4.61538
1,3,2,1,5,3,2.07173
1,3,4,1,10,7,4,3,0.5776
1,3,3,1,2,4,3,0.134679
