switch_id,used_rules,usage
10,17,1.88889
9,25,2.77778
8,26,2.88889
7,29,3.22222
6,23,2.55556
5,17,1.88889
4,23,2.55556
3,11,1.22222
2,18,2
1,32,3.55556
0,15,1.66667
