source,destination,length,path
8,1,1,8,1,20
8,1,2,8,5,1,6
8,1,3,8,0,7,1,2
8,1,2,8,7,1,2
2,3,1,2,3,18
2,3,2,2,5,3,12
6,7,1,6,7,18
6,7,2,6,0,7,2
6,7,2,6,9,7,4
6,7,2,6,10,7,6
9,2,1,9,2,20
9,2,3,9,6,4,2,4
9,2,3,9,7,4,2,4
9,2,4,9,6,4,3,2,2
8,10,1,8,10,16.8816
8,10,2,8,7,10,3.37632
8,10,3,8,5,2,10,5.06448
1,7,1,1,7,13.5053
1,7,2,1,10,7,8.4408
1,7,2,1,9,7,3.37632
1,4,1,1,4,13.6741
1,4,3,1,10,6,4,3.03869
1,4,3,1,9,6,4,1.51934
1,4,3,1,9,7,4,1.51934
1,4,2,1,7,4,3.03869
0,6,1,0,6,16.0164
0,6,2,0,7,6,5.82415
2,4,1,2,4,15.6999
2,4,2,2,5,4,3.92497
5,7,1,5,7,16.9871
5,7,3,5,2,10,7,1.21336
0,9,1,0,9,16.9871
0,9,2,0,7,9,1.21336
9,10,1,9,10,18
9,10,2,9,6,10,8
9,10,2,9,1,10,2
9,10,2,9,7,10,2
4,7,1,4,7,17.0926
3,4,1,3,4,12.1864
3,4,2,3,5,4,4.43142
8,7,1,8,7,12.6612
8,7,2,8,0,7,3.1653
10,2,1,10,2,14.6237
10,2,3,10,6,4,2,1.04455
4,5,1,4,5,12.0281
4,5,2,4,3,5,3.00703
1,2,1,1,2,22
1,2,2,1,5,2,4
1,2,2,1,10,2,2
1,2,2,1,4,2,2
10,1,1,10,1,16
10,1,2,10,9,1,12
10,1,2,10,7,1,2
8,9,1,8,9,22
8,9,3,8,5,2,9,2
8,9,2,8,7,9,2
8,9,3,8,0,7,9,2
8,9,3,8,10,6,9,2
0,8,1,0,8,22
0,8,2,0,7,8,4
0,8,2,0,9,8,2
0,8,2,0,6,8,2
8,6,1,8,6,22
8,6,2,8,0,6,2
8,6,3,8,5,4,6,4
8,6,2,8,10,6,2
1,5,1,1,5,18
1,5,2,1,8,5,4
1,5,2,1,7,5,4
1,5,3,1,9,7,5,4
1,3,1,1,3,22
1,3,4,1,9,6,4,3,2
1,3,4,1,10,6,4,3,2
1,3,2,1,4,3,4
