switch_id,used_rules,usage
10,17,1.88889
9,19,2.11111
8,25,2.77778
7,25,2.77778
6,21,2.33333
5,16,1.77778
4,21,2.33333
3,13,1.44444
2,16,1.77778
1,31,3.44444
0,13,1.44444
