switch_id,used_rules,usage
10,2,0.222222
9,3,0.333333
8,5,0.555556
7,3,0.333333
6,3,0.333333
5,1,0.111111
4,2,0.222222
3,3,0.333333
2,3,0.333333
1,7,0.777778
0,2,0.222222
