switch_id,used_rules,usage
10,4,0.444444
9,5,0.555556
8,6,0.666667
7,4,0.444444
6,5,0.555556
5,2,0.222222
4,3,0.333333
3,4,0.444444
2,4,0.444444
1,8,0.888889
0,5,0.555556
