switch_id,used_rules,usage
10,3,0.333333
9,4,0.444444
8,5,0.555556
7,1,0.111111
6,2,0.222222
5,1,0.111111
4,0,0
3,1,0.111111
2,3,0.333333
1,5,0.555556
0,3,0.333333
