switch_id,used_rules,usage
10,3,0.333333
9,4,0.444444
8,6,0.666667
7,6,0.666667
6,2,0.222222
5,3,0.333333
4,4,0.444444
3,3,0.333333
2,3,0.333333
1,9,1
0,1,0.111111
