switch_id,used_rules,usage
10,17,1.88889
9,24,2.66667
8,27,3
7,27,3
6,20,2.22222
5,15,1.66667
4,18,2
3,11,1.22222
2,14,1.55556
1,31,3.44444
0,15,1.66667
