source,destination,length,path
8,1,1,8,1,28.3009
8,1,2,8,7,1,9.06879
8,1,2,8,5,1,13.2123
8,1,3,8,5,4,1,1.73558
8,1,4,8,0,7,4,1,2.12646
8,1,3,8,5,2,1,4.00278
8,1,3,8,0,7,1,2.79881
8,1,3,8,7,4,1,1.73558
8,1,3,8,0,9,1,0.531615
8,1,2,8,9,1,0.531615
2,3,1,2,3,19.6647
2,3,2,2,5,3,16.1935
6,7,1,6,7,23.1984
6,7,2,6,9,7,0.948571
6,7,2,6,0,7,1.73558
6,7,2,6,10,7,4.5813
6,7,2,6,4,7,3.15844
6,7,4,6,4,2,10,7,1.73558
9,2,1,9,2,26.9875
9,2,3,9,6,4,2,3.00729
9,2,3,9,7,4,2,2.86135
8,10,1,8,10,23.3495
8,10,3,8,0,7,10,3.33565
1,7,1,1,7,10.0069
1,7,2,1,9,7,6.6713
1,7,2,1,10,7,10.0069
1,4,1,1,4,18.0125
1,4,2,1,7,4,1.50104
1,4,3,1,10,6,4,1.50104
1,4,3,1,9,6,4,1.50104
1,4,2,1,5,4,1.50104
0,6,1,0,6,18.7005
0,6,2,0,7,6,4.31549
2,4,1,2,4,19.3885
2,4,2,2,5,4,1.29256
5,7,1,5,7,19.18
0,9,1,0,9,16.7825
0,9,2,0,7,9,2.3975
9,10,1,9,10,27.7693
9,10,2,9,6,10,17.5591
9,10,2,9,1,10,4.44057
9,10,2,9,7,10,10.2936
9,10,3,9,0,7,10,0.323137
9,10,4,9,7,4,2,10,0.323137
4,7,1,4,7,18.0125
3,4,1,3,4,14.2286
3,4,2,3,5,4,3.28353
8,7,1,8,7,12.5087
8,7,2,8,0,7,2.08478
8,7,2,8,5,7,2.08478
10,2,1,10,2,16.5115
4,5,1,4,5,14.8541
4,5,2,4,3,5,0.990271
1,2,1,1,2,27.2116
1,2,2,1,5,2,11.607
1,2,2,1,10,2,2.32453
1,2,4,1,10,6,4,2,1.16226
1,2,2,1,4,2,2.89784
1,2,2,1,3,2,1.16226
10,1,1,10,1,22.5417
10,1,2,10,7,1,2.77276
10,1,2,10,9,1,13.5042
10,1,3,10,6,4,1,1.73558
10,1,3,10,6,9,1,1.73558
10,1,3,10,7,4,1,1.03718
10,1,2,10,2,1,1.03718
8,9,1,8,9,28.7752
8,9,2,8,0,9,4.02362
8,9,3,8,0,7,9,4.02362
8,9,2,8,6,9,4.02362
8,9,3,8,0,6,9,2.01181
8,9,2,8,10,9,1.0059
0,8,1,0,8,27.9413
0,8,2,0,7,8,3.81514
0,8,2,0,6,8,5.55072
0,8,2,0,9,8,5.72271
8,6,1,8,6,25.9764
8,6,2,8,10,6,5.09207
8,6,2,8,7,6,4.19561
8,6,3,8,5,4,6,5.09207
8,6,2,8,0,6,0.839122
1,5,1,1,5,12.6181
1,5,2,1,8,5,2.47046
1,5,3,1,9,7,5,3.67442
1,5,2,1,7,5,11.8833
1,5,3,1,10,7,5,2.47046
1,5,5,1,9,6,4,3,5,0.734883
1,5,5,1,10,6,4,3,5,0.734883
1,5,3,1,4,3,5,0.734883
1,5,4,1,7,4,3,5,1.73558
1,5,4,1,9,7,4,5,0.734883
1,5,2,1,3,5,1.73558
1,3,1,1,3,24.7672
1,3,2,1,4,3,6.14488
1,3,4,1,9,6,4,3,2.20465
1,3,4,1,10,6,4,3,3.20535
1,3,2,1,5,3,1.46977
1,3,3,1,7,4,3,1.73558
