source,destination,length,path
8,1,1,8,1,25.4698
8,1,2,8,5,1,16.6667
8,1,2,8,7,1,6.66667
8,1,3,8,5,4,1,3.33333
8,1,3,8,0,7,1,3.33333
8,1,3,8,5,2,1,3.33333
2,3,1,2,3,18.9039
2,3,2,2,5,3,15.1231
6,7,1,6,7,24.1227
6,7,2,6,0,7,3.72802
6,7,2,6,9,7,1.18406
6,7,2,6,10,7,4.12271
6,7,2,6,4,7,0.394687
9,2,1,9,2,20
9,2,3,9,6,4,2,6.66667
9,2,3,9,7,5,2,3.33333
8,10,1,8,10,22.5088
8,10,3,8,0,7,10,2.8136
1,7,1,1,7,16.8816
1,7,2,1,10,7,5.6272
1,7,2,1,9,7,2.8136
1,4,1,1,4,22.7902
0,6,1,0,6,21.8406
2,4,1,2,4,17.4443
2,4,2,2,5,4,2.18054
5,7,1,5,7,18.2005
0,9,1,0,9,12.1336
0,9,2,0,7,9,6.06682
9,10,1,9,10,26.1352
9,10,2,9,6,10,15.8695
9,10,2,9,7,10,6.40094
9,10,2,9,1,10,6.13521
9,10,2,9,2,10,3.06761
4,7,1,4,7,17.0926
3,4,1,3,4,12.925
3,4,2,3,5,4,3.69285
8,7,1,8,7,14.068
8,7,2,8,0,7,1.7585
10,2,1,10,2,15.6682
4,5,1,4,5,13.3646
4,5,2,4,3,5,1.67057
1,2,1,1,2,25.4698
1,2,2,1,10,2,3.11059
1,2,2,1,5,2,3.11059
1,2,4,1,10,6,4,2,3.33333
1,2,2,1,9,2,1.5553
1,2,3,1,7,5,2,1.5553
1,2,3,1,7,4,2,1.5553
1,2,2,1,3,2,1.5553
10,1,1,10,1,21.3443
10,1,2,10,9,1,12.0438
10,1,2,10,7,1,4.67761
10,1,3,10,6,4,1,2.68855
10,1,3,10,7,4,1,1.34428
8,9,1,8,9,26.0137
8,9,2,8,0,9,7.74913
8,9,2,8,6,9,4.62485
0,8,1,0,8,26.9441
0,8,2,0,7,8,5.74053
0,8,3,0,7,6,8,1.2036
0,8,2,0,6,8,2.40719
0,8,2,0,9,8,4.53693
8,6,1,8,6,21.8842
8,6,2,8,0,6,1.01016
8,6,2,8,7,6,4.90805
8,6,2,8,10,6,3.50488
8,6,3,8,5,4,6,1.01016
8,6,3,8,0,7,6,2.73349
1,5,1,1,5,22.3592
1,5,2,1,8,5,2.29903
1,5,3,1,9,7,5,5.00196
1,5,2,1,3,5,0.834312
1,5,2,1,7,5,3.33333
1,5,3,1,10,7,5,0.834312
1,3,1,1,3,23.0802
1,3,2,1,4,3,1.66862
1,3,4,1,9,7,4,3,4.16764
1,3,3,1,7,4,3,1.66862
1,3,4,1,10,6,4,3,3.33333
