switch_id,used_rules,usage
10,17,1.88889
9,20,2.22222
8,23,2.55556
7,25,2.77778
6,18,2
5,14,1.55556
4,17,1.88889
3,10,1.11111
2,15,1.66667
1,33,3.66667
0,12,1.33333
