switch_id,used_rules,usage
10,21,2.33333
9,24,2.66667
8,28,3.11111
7,32,3.55556
6,18,2
5,20,2.22222
4,22,2.44444
3,12,1.33333
2,19,2.11111
1,37,4.11111
0,15,1.66667
