source,destination,length,path
8,1,1,8,1,28
8,1,2,8,5,1,14
8,1,2,8,7,1,8
8,1,3,8,5,4,1,4
8,1,3,8,5,2,1,4
8,1,3,8,0,7,1,2
2,3,1,2,3,19.8793
2,3,2,2,5,3,14.1477
6,7,1,6,7,22.9472
6,7,2,6,0,7,0.710436
6,7,2,6,9,7,2
6,7,2,6,10,7,6.47362
6,7,2,6,4,7,1.42087
9,2,1,9,2,20
9,2,3,9,6,4,2,8
9,2,3,9,7,4,2,2
8,10,1,8,10,20.2579
8,10,3,8,5,2,10,1.68816
8,10,2,8,7,10,1.68816
8,10,3,8,0,7,10,1.68816
1,7,1,1,7,16.8816
1,7,2,1,9,7,1.68816
1,7,2,1,10,7,6.75264
1,4,1,1,4,13.6741
1,4,2,1,7,4,3.03869
1,4,3,1,10,6,4,1.51934
1,4,3,1,9,6,4,1.51934
1,4,3,1,10,7,4,3.03869
0,6,1,0,6,16.0164
0,6,2,0,7,6,5.82415
2,4,1,2,4,17.0082
2,4,2,2,5,4,2.61665
5,7,1,5,7,18.2005
0,9,1,0,9,18.2005
9,10,1,9,10,25.2028
9,10,2,9,6,10,11.6811
9,10,2,9,7,10,9.20282
9,10,2,9,1,10,7.68113
9,10,3,9,0,7,10,1.84056
9,10,2,9,2,10,2
4,7,1,4,7,17.0926
3,4,1,3,4,13.2943
3,4,2,3,5,4,3.32356
8,7,1,8,7,11.6061
8,7,2,8,0,7,4.2204
10,2,1,10,2,15.6682
4,5,1,4,5,14.0328
4,5,2,4,3,5,1.00234
1,2,1,1,2,26.7995
1,2,2,1,10,2,1.86636
1,2,2,1,4,2,0.933178
1,2,2,1,9,2,3.73271
1,2,2,1,5,2,4.93318
1,2,4,1,9,6,4,2,1.86636
1,2,2,1,3,2,2.93318
1,2,4,1,9,7,4,2,0.933178
10,1,1,10,1,21.646
10,1,2,10,9,1,12.0328
10,1,2,10,7,1,2.80657
10,1,3,10,6,4,1,4
10,1,2,10,2,1,1.61313
8,9,1,8,9,26.6495
8,9,2,8,0,9,1.54983
8,9,3,8,0,7,9,4.77491
8,9,2,8,6,9,7.09965
8,9,3,8,0,6,9,0.774913
8,9,3,8,5,2,9,0.774913
0,8,1,0,8,26.1665
0,8,2,0,7,8,4.16647
0,8,2,0,9,8,5.61079
0,8,2,0,6,8,4.88863
8,6,1,8,6,21.0305
8,6,2,8,0,6,3.21219
8,6,2,8,7,6,5.03048
8,6,2,8,10,6,6.6061
8,6,3,8,0,7,6,0.606097
8,6,3,8,5,4,6,2.6061
1,5,1,1,5,22.5029
1,5,2,1,8,5,0.500587
1,5,3,1,9,7,5,8.00235
1,5,2,1,7,5,4.50059
1,5,3,1,10,7,5,1.00117
1,5,2,1,3,5,1.00117
1,3,1,1,3,23.5041
1,3,4,1,10,6,4,3,1.50176
1,3,2,1,4,3,11.0012
1,3,3,1,7,4,3,1.00117
1,3,4,1,9,7,4,3,0.500587
