source,destination,length,path
8,1,1,8,1,26.7516
8,1,2,8,7,1,5.5414
8,1,2,8,5,1,14.0255
8,1,3,8,0,7,1,8.48409
8,1,4,8,10,6,4,1,1.29935
8,1,3,8,5,3,1,1.29935
8,1,3,8,7,4,1,1.29935
2,3,1,2,3,17.6688
2,3,2,2,5,3,15.1975
6,7,1,6,7,22.3694
6,7,2,6,9,7,4.24204
6,7,2,6,10,7,3.47769
6,7,2,6,4,7,1.15923
6,7,2,6,0,7,1.15923
9,2,1,9,2,22.7643
9,2,3,9,6,4,2,5.01911
9,2,3,9,7,4,2,1.55413
9,2,4,9,0,7,4,2,0.777066
8,10,1,8,10,24.4586
1,7,1,1,7,20.3822
1,7,2,1,10,7,4.07643
1,4,1,1,4,18.344
1,4,2,1,7,4,3.66879
0,6,1,0,6,14.0637
0,6,2,0,7,6,7.03185
2,4,1,2,4,18.9554
5,7,1,5,7,17.5796
0,9,1,0,9,17.5796
9,10,1,9,10,25.4523
9,10,2,9,6,10,14.3057
9,10,2,9,1,10,5.82164
9,10,2,9,7,10,10.0637
4,7,1,4,7,16.5096
3,4,1,3,4,13.3758
3,4,2,3,5,4,2.67516
8,7,1,8,7,15.2866
10,2,1,10,2,15.1338
4,5,1,4,5,12.1019
4,5,2,4,3,5,2.42038
1,2,1,1,2,26.8917
1,2,2,1,5,2,9.92356
1,2,2,1,9,2,2.84076
1,2,4,1,9,7,4,2,2.84076
10,1,1,10,1,18.6242
10,1,2,10,9,1,12.7261
10,1,3,10,6,4,1,6.77707
10,1,2,10,2,1,2.53503
8,9,1,8,9,26.1274
8,9,2,8,7,9,2.45859
8,9,2,8,0,9,2.45859
8,9,2,8,6,9,9.15923
0,8,1,0,8,25.8726
0,8,2,0,7,8,6.57325
0,8,2,0,6,8,4.66241
0,8,2,0,9,8,2.33121
8,6,1,8,6,16.828
8,6,3,8,5,4,6,8.34395
8,6,2,8,0,6,6.29299
8,6,2,8,10,6,4.24204
8,6,3,8,0,7,6,2.05095
1,5,1,1,5,16.3185
1,5,2,1,3,5,4.24204
1,5,2,1,8,5,1.79617
1,5,3,1,10,7,5,8.48409
1,5,3,1,9,7,5,3.59235
1,5,2,1,7,5,1.79617
1,3,1,1,3,24.8026
1,3,2,1,4,3,6.03822
1,3,4,1,10,7,4,3,1.79617
1,3,4,1,9,6,4,3,1.79617
1,3,4,1,10,6,4,3,1.79617
