switch_id,used_rules,usage
10,18,2
9,22,2.44444
8,26,2.88889
7,28,3.11111
6,22,2.44444
5,20,2.22222
4,24,2.66667
3,12,1.33333
2,17,1.88889
1,37,4.11111
0,15,1.66667
