switch_id,used_rules,usage
10,5,0.555556
9,5,0.555556
8,6,0.666667
7,5,0.555556
6,3,0.333333
5,2,0.222222
4,2,0.222222
3,2,0.222222
2,5,0.555556
1,8,0.888889
0,2,0.222222
