switch_id,used_rules,usage
10,5,0.555556
9,6,0.666667
8,8,0.888889
7,6,0.666667
6,4,0.444444
5,3,0.333333
4,3,0.333333
3,4,0.444444
2,6,0.666667
1,9,1
0,4,0.444444
