switch_id,used_rules,usage
10,19,2.11111
9,22,2.44444
8,24,2.66667
7,27,3
6,20,2.22222
5,15,1.66667
4,21,2.33333
3,11,1.22222
2,13,1.44444
1,32,3.55556
0,14,1.55556
