switch_id,used_rules,usage
10,1,0.111111
9,4,0.444444
8,2,0.222222
7,0,0
6,0,0
5,1,0.111111
4,2,0.222222
3,2,0.222222
2,1,0.111111
1,2,0.222222
0,1,0.111111
