switch_id,used_rules,usage
10,2,0.222222
9,3,0.333333
8,3,0.333333
7,2,0.222222
6,3,0.333333
5,0,0
4,2,0.222222
3,2,0.222222
2,2,0.222222
1,6,0.666667
0,3,0.333333
