switch_id,used_rules,usage
10,3,0.333333
9,2,0.222222
8,4,0.444444
7,1,0.111111
6,1,0.111111
5,1,0.111111
4,1,0.111111
3,1,0.111111
2,0,0
1,4,0.444444
0,0,0
