switch_id,used_rules,usage
10,3,0.333333
9,1,0.111111
8,5,0.555556
7,4,0.444444
6,2,0.222222
5,2,0.222222
4,3,0.333333
3,2,0.222222
2,3,0.333333
1,6,0.666667
0,1,0.111111
