source,destination,length,path
8,1,1,8,1,25.4328
8,1,2,8,7,1,8.93262
8,1,2,8,5,1,11.9268
8,1,4,8,0,7,4,1,2.76962
8,1,3,8,5,2,1,1.69669
8,1,3,8,7,4,1,2.76962
8,1,3,8,0,7,1,6.38758
8,1,3,8,7,5,1,0.848345
2,3,1,2,3,20.6515
2,3,2,2,5,3,15.1123
6,7,1,6,7,23.6707
6,7,2,6,9,7,2.27058
6,7,2,6,10,7,7.80981
6,7,2,6,0,7,0.756859
6,7,2,6,4,7,0.756859
9,2,1,9,2,23.679
9,2,3,9,6,4,2,2.02938
9,2,3,9,7,4,2,6.04658
9,2,3,9,7,5,2,1.01469
8,10,1,8,10,25.9391
1,7,1,1,7,23.9534
1,7,2,1,10,7,2.66149
1,4,1,1,4,23.9534
0,6,1,0,6,16.0688
0,6,2,0,7,6,6.88661
2,4,1,2,4,18.5639
2,4,2,2,5,4,2.06266
5,7,1,5,7,19.1295
0,9,1,0,9,19.1295
9,10,1,9,10,26.509
9,10,2,9,6,10,8.63319
9,10,2,9,1,10,9.85583
9,10,2,9,7,10,14.3637
4,7,1,4,7,17.9651
3,4,1,3,4,13.9728
3,4,2,3,5,4,3.49321
8,7,1,8,7,13.1976
8,7,2,8,0,7,1.66343
10,2,1,10,2,16.468
4,5,1,4,5,14.2223
4,5,2,4,3,5,1.58026
1,2,1,1,2,25.4328
1,2,2,1,5,2,5.56417
1,2,2,1,4,2,1.47941
1,2,2,1,9,2,1.85472
1,2,2,1,10,2,3.70945
1,2,2,1,3,2,2.76962
1,2,3,1,7,4,2,1.47941
10,1,1,10,1,24.3527
10,1,2,10,7,1,1.65511
10,1,3,10,6,4,1,4.42473
10,1,2,10,2,1,1.65511
10,1,2,10,9,1,10.5046
10,1,3,10,7,4,1,1.65511
8,9,1,8,9,25.9391
8,9,3,8,0,7,9,1.60521
8,9,2,8,0,9,3.21042
8,9,2,8,10,9,0
8,9,2,8,6,9,8.02605
0,8,1,0,8,27.6367
0,8,2,0,7,8,7.33573
0,8,2,0,6,8,4.56611
0,8,2,0,9,8,3.04408
8,6,1,8,6,18.6165
8,6,2,8,0,6,5.44774
8,6,3,8,5,4,6,8.21736
8,6,4,8,5,2,10,6,4.10868
8,6,2,8,10,6,0
1,5,1,1,5,19.8687
1,5,2,1,8,5,0.559479
1,5,3,1,9,7,5,2.05263
1,5,3,1,10,7,5,6.71195
1,5,2,1,3,5,3.51815
1,5,2,1,7,5,0
1,3,1,1,3,19.1451
1,3,4,1,9,6,4,3,12.9997
1,3,4,1,10,6,4,3,1.17272
1,3,2,1,4,3,0
1,3,3,1,7,5,3,0
