switch_id,used_rules,usage
10,5,0.555556
9,4,0.444444
8,7,0.777778
7,4,0.444444
6,5,0.555556
5,2,0.222222
4,3,0.333333
3,3,0.333333
2,5,0.555556
1,8,0.888889
0,3,0.333333
