source,destination,length,path
8,1,1,8,1,25.7143
8,1,2,8,5,1,12.8571
8,1,2,8,7,1,8.57143
8,1,3,8,5,2,1,4.28571
8,1,3,8,7,4,1,4.28571
8,1,3,8,5,4,1,4.28571
2,3,1,2,3,19.444
2,3,2,2,5,3,14.0077
2,3,2,2,4,3,0.575282
6,7,1,6,7,21.936
6,7,2,6,0,7,4.28571
6,7,2,6,10,7,1.52236
6,7,2,6,9,7,1.01491
6,7,2,6,4,7,4.28571
6,7,4,6,4,2,10,7,0.507454
9,2,1,9,2,25.7143
9,2,3,9,6,4,2,4.28571
8,10,1,8,10,18.0874
8,10,2,8,6,10,3.61749
8,10,2,8,7,10,3.61749
1,7,1,1,7,10.8525
1,7,2,1,9,7,10.8525
1,7,2,1,10,7,3.61749
1,4,1,1,4,9.76721
1,4,3,1,10,6,4,3.25574
1,4,2,1,5,4,3.25574
1,4,3,1,10,7,4,3.25574
1,4,3,1,9,6,4,3.25574
0,6,1,0,6,18.7205
0,6,2,0,7,6,3.12008
2,4,1,2,4,16.8213
2,4,3,2,10,6,4,2.80355
5,7,1,5,7,18.2005
0,9,1,0,9,15.6004
0,9,2,0,7,9,2.60007
9,10,1,9,10,24.3477
9,10,2,9,7,10,12.5155
9,10,2,9,1,10,8.22978
9,10,2,9,6,10,12.5155
4,7,1,4,7,14.6508
4,7,3,4,2,10,7,2.4418
3,4,1,3,4,14.2438
3,4,2,3,5,4,2.37397
8,7,1,8,7,6.78279
8,7,2,8,0,7,9.04371
10,2,1,10,2,13.4299
10,2,3,10,7,4,2,2.23832
4,5,1,4,5,15.0352
1,2,1,1,2,27.4276
1,2,2,1,3,2,3.99933
1,2,2,1,10,2,4.28571
1,2,2,1,5,2,6.28538
1,2,3,1,8,5,2,1.99967
10,1,1,10,1,22.3279
10,1,2,10,9,1,11.1991
10,1,2,10,7,1,4.28571
10,1,2,10,2,1,4.28571
8,9,1,8,9,29.0353
8,9,2,8,0,9,1.66053
8,9,2,8,7,9,1.66053
8,9,3,8,0,7,9,4.28571
8,9,2,8,6,9,1.66053
8,9,2,8,1,9,1.66053
8,9,3,8,0,6,9,1.66053
0,8,1,0,8,28.8092
0,8,2,0,7,8,3.09496
0,8,2,0,9,8,5.8332
0,8,2,0,6,8,3.09496
8,6,1,8,6,24.0261
8,6,3,8,5,4,6,2.59756
8,6,2,8,0,6,1.29878
8,6,2,8,7,6,1.29878
8,6,2,8,10,6,9.87021
1,5,1,1,5,16.0752
1,5,2,1,8,5,1.07269
1,5,2,1,7,5,17.1429
1,5,3,1,4,3,5,2.14537
1,5,2,1,3,5,1.07269
1,3,1,1,3,21.4336
1,3,2,1,4,3,16.0752
