source,destination,length,path
8,1,1,8,1,20
8,1,2,8,5,1,10
2,3,1,2,3,20
2,3,2,2,5,3,10
6,7,1,6,7,20
6,7,2,6,0,7,5
6,7,2,6,10,7,5
9,2,1,9,2,20
9,2,3,9,6,4,2,10
8,10,1,8,10,16.8816
8,10,2,8,7,10,4.2204
8,10,2,8,6,10,4.2204
1,7,1,1,7,16.8816
1,7,2,1,10,7,4.2204
1,7,2,1,9,7,4.2204
1,4,1,1,4,15.1934
1,4,3,1,9,7,4,3.79836
1,4,3,1,10,7,4,3.79836
0,6,1,0,6,14.5604
0,6,2,0,7,6,7.28019
2,4,1,2,4,16.354
2,4,2,2,5,4,3.27081
5,7,1,5,7,18.2005
0,9,1,0,9,18.2005
9,10,1,9,10,20
9,10,2,9,7,10,5
9,10,2,9,1,10,5
4,7,1,4,7,17.0926
3,4,1,3,4,11.0785
3,4,2,3,5,4,5.53927
8,7,1,8,7,13.1887
8,7,2,8,0,7,2.63775
10,2,1,10,2,15.6682
4,5,1,4,5,12.5293
4,5,2,4,3,5,2.50586
1,2,1,1,2,20
1,2,2,1,5,2,5
1,2,4,1,9,7,5,2,5
10,1,1,10,1,20
10,1,2,10,9,1,10
8,9,1,8,9,25
8,9,2,8,7,9,5
0,8,1,0,8,25
0,8,2,0,7,8,5
8,6,1,8,6,20
8,6,2,8,10,6,5
8,6,2,8,0,6,5
1,5,1,1,5,15
1,5,2,1,8,5,10
1,5,2,1,7,5,5
1,3,1,1,3,25
1,3,2,1,4,3,5
