switch_id,used_rules,usage
10,3,0.333333
9,2,0.222222
8,4,0.444444
7,3,0.333333
6,1,0.111111
5,0,0
4,1,0.111111
3,2,0.222222
2,3,0.333333
1,4,0.444444
0,1,0.111111
