switch_id,used_rules,usage
10,3,0.333333
9,2,0.222222
8,6,0.666667
7,5,0.555556
6,2,0.222222
5,4,0.444444
4,4,0.444444
3,3,0.333333
2,6,0.666667
1,9,1
0,2,0.222222
