switch_id,used_rules,usage
10,19,2.11111
9,24,2.66667
8,29,3.22222
7,33,3.66667
6,23,2.55556
5,19,2.11111
4,26,2.88889
3,14,1.55556
2,19,2.11111
1,41,4.55556
0,16,1.77778
