switch_id,used_rules,usage
10,2,0.222222
9,2,0.222222
8,4,0.444444
7,2,0.222222
6,2,0.222222
5,3,0.333333
4,3,0.333333
3,1,0.111111
2,1,0.111111
1,5,0.555556
0,1,0.111111
