switch_id,used_rules,usage
10,1,0.111111
9,2,0.222222
8,2,0.222222
7,2,0.222222
6,0,0
5,1,0.111111
4,2,0.222222
3,3,0.333333
2,2,0.222222
1,3,0.333333
0,0,0
