switch_id,used_rules,usage
10,17,1.88889
9,21,2.33333
8,21,2.33333
7,24,2.66667
6,16,1.77778
5,15,1.66667
4,19,2.11111
3,11,1.22222
2,16,1.77778
1,30,3.33333
0,11,1.22222
