switch_id,used_rules,usage
10,15,1.66667
9,21,2.33333
8,21,2.33333
7,24,2.66667
6,16,1.77778
5,17,1.88889
4,17,1.88889
3,13,1.44444
2,16,1.77778
1,28,3.11111
0,12,1.33333
