switch_id,used_rules,usage
10,27,3
9,31,3.44444
8,28,3.11111
7,39,4.33333
6,27,3
5,26,2.88889
4,34,3.77778
3,16,1.77778
2,25,2.77778
1,45,5
0,17,1.88889
