source,destination,length,path
8,1,1,8,1,25.398
8,1,2,8,7,1,8.78576
8,1,2,8,5,1,15.9717
8,1,3,8,7,4,1,0.921958
8,1,3,8,5,4,1,3.00994
8,1,4,8,0,7,4,1,3.9319
8,1,3,8,5,2,1,0.921958
8,1,3,8,0,9,1,0.921958
2,3,1,2,3,21.5667
2,3,2,2,5,3,12.5369
2,3,2,2,4,3,0.876766
6,7,1,6,7,22.7147
6,7,2,6,9,7,4.65501
6,7,2,6,10,7,5.47754
6,7,2,6,0,7,0.822533
6,7,2,6,4,7,0.822533
9,2,1,9,2,25.7337
9,2,3,9,6,4,2,4.66405
9,2,3,9,7,4,2,1.6541
8,10,1,8,10,23.1395
8,10,3,8,0,7,10,2.89244
1,7,1,1,7,17.3546
1,7,2,1,10,7,5.78487
1,7,2,1,9,7,2.89244
1,4,1,1,4,10.4128
1,4,3,1,9,6,4,7.80958
1,4,3,1,10,6,4,5.20638
0,6,1,0,6,19.9578
0,6,2,0,7,6,2.49473
2,4,1,2,4,17.9331
2,4,2,2,5,4,2.24164
5,7,1,5,7,18.7104
0,9,1,0,9,18.7104
9,10,1,9,10,26.0949
9,10,2,9,6,10,11.8318
9,10,2,9,1,10,6.58029
9,10,2,9,7,10,10.711
9,10,4,9,7,5,2,10,3.00994
4,7,1,4,7,17.5715
3,4,1,3,4,13.2871
3,4,2,3,5,4,3.79632
8,7,1,8,7,9.03886
8,7,2,8,0,7,7.23109
10,2,1,10,2,16.1072
4,5,1,4,5,15.4565
1,2,1,1,2,25.398
1,2,2,1,5,2,2.01566
1,2,2,1,3,2,4.03133
1,2,4,1,10,7,5,2,2.01566
1,2,2,1,4,2,7.04127
1,2,2,1,10,2,3.00994
10,1,1,10,1,22.2446
10,1,2,10,7,1,4.80867
10,1,2,10,2,1,3.00994
10,1,2,10,9,1,11.4161
10,1,3,10,6,4,1,1.79873
8,9,1,8,9,25.807
8,9,2,8,7,9,3.48899
8,9,2,8,0,9,3.48899
8,9,3,8,0,6,9,1.7445
8,9,3,8,5,2,9,3.48899
8,9,2,8,10,9,1.7445
0,8,1,0,8,27.3779
0,8,2,0,7,8,6.31816
0,8,2,0,6,8,4.96233
0,8,2,0,9,8,1.65411
0,8,3,0,7,9,8,1.65411
8,6,1,8,6,26.7925
8,6,2,8,10,6,0.923029
8,6,2,8,7,6,3.35962
8,6,3,8,5,4,6,1.45525
1,5,1,1,5,23.3823
1,5,2,1,8,5,1.6612
1,5,3,1,9,7,5,1.27448
1,5,2,1,7,5,2.54895
1,5,3,1,10,7,5,1.27448
1,5,2,1,3,5,3.82343
1,3,1,1,3,17.5432
1,3,2,1,4,3,7.94396
1,3,4,1,9,7,4,3,1.27448
1,3,3,1,7,4,3,5.49444
1,3,3,1,7,5,3,0
