switch_id,used_rules,usage
10,43,4.77778
9,46,5.11111
8,43,4.77778
7,57,6.33333
6,40,4.44444
5,47,5.22222
4,51,5.66667
3,30,3.33333
2,44,4.88889
1,74,8.22222
0,20,2.22222
