source,destination,length,path
8,1,1,8,1,21.4286
8,1,2,8,5,1,8.57143
2,3,1,2,3,17.1429
2,3,2,2,5,3,12.8571
6,7,1,6,7,17.1429
6,7,2,6,0,7,4.28571
6,7,2,6,10,7,8.57143
9,2,1,9,2,21.4286
9,2,3,9,6,4,2,8.57143
8,10,1,8,10,14.4699
8,10,2,8,7,10,7.23497
8,10,2,8,6,10,3.61749
1,7,1,1,7,18.0874
1,7,2,1,10,7,3.61749
1,7,2,1,9,7,3.61749
1,4,1,1,4,16.2787
1,4,2,1,7,4,3.25574
1,4,3,1,10,7,4,3.25574
0,6,1,0,6,15.6004
0,6,2,0,7,6,6.24016
2,4,1,2,4,16.8213
2,4,2,2,5,4,2.80355
5,7,1,5,7,18.2005
0,9,1,0,9,18.2005
9,10,1,9,10,17.1429
9,10,2,9,7,10,4.28571
9,10,2,9,1,10,4.28571
9,10,2,9,6,10,4.28571
4,7,1,4,7,17.0926
3,4,1,3,4,11.8699
3,4,2,3,5,4,4.74795
8,7,1,8,7,11.3046
8,7,2,8,0,7,4.52186
10,2,1,10,2,15.6682
4,5,1,4,5,10.7394
4,5,2,4,3,5,4.29576
1,2,1,1,2,21.4286
1,2,2,1,5,2,8.57143
10,1,1,10,1,17.1429
10,1,2,10,9,1,8.57143
10,1,3,10,6,4,1,4.28571
8,9,1,8,9,21.4286
8,9,3,8,5,2,9,4.28571
8,9,4,8,5,4,6,9,4.28571
0,8,1,0,8,21.4286
0,8,2,0,7,8,4.28571
0,8,2,0,9,8,4.28571
8,6,1,8,6,17.1429
8,6,2,8,10,6,8.57143
8,6,2,8,0,6,4.28571
1,5,1,1,5,12.8571
1,5,2,1,8,5,4.28571
1,5,3,1,9,7,5,8.57143
1,5,3,1,10,7,5,4.28571
1,3,1,1,3,21.4286
1,3,2,1,4,3,4.28571
1,3,4,1,9,6,4,3,4.28571
