source,destination,length,path
8,1,1,8,1,25.5952
8,1,2,8,5,1,15
8,1,2,8,7,1,7.5
8,1,3,8,5,4,1,3.75
8,1,3,8,7,4,1,3.75
8,1,3,8,5,2,1,3.75
2,3,1,2,3,17.5169
2,3,2,2,5,3,16.0067
2,3,2,2,4,3,0.503372
6,7,1,6,7,23.388
6,7,2,6,0,7,4.19402
6,7,2,6,9,7,4.19402
6,7,2,6,10,7,0.888045
6,7,2,6,4,7,0.888045
9,2,1,9,2,22.5
9,2,3,9,6,4,2,3.75
9,2,3,9,7,4,2,3.75
8,10,1,8,10,22.1571
8,10,2,8,7,10,3.1653
1,7,1,1,7,12.6612
1,7,2,1,10,7,12.6612
1,4,1,1,4,19.9414
1,4,3,1,9,7,4,2.84877
0,6,1,0,6,19.1105
0,6,2,0,7,6,2.73007
2,4,1,2,4,17.1718
2,4,3,2,10,6,4,2.45311
5,7,1,5,7,18.2005
0,9,1,0,9,15.9254
0,9,2,0,7,9,2.27506
9,10,1,9,10,25.9511
9,10,2,9,6,10,17.5542
9,10,2,9,7,10,6.90211
9,10,2,9,1,10,7.20106
4,7,1,4,7,17.0926
3,4,1,3,4,12.4634
3,4,2,3,5,4,4.15446
8,7,1,8,7,7.91325
8,7,2,8,0,7,7.91325
10,2,1,10,2,15.6682
4,5,1,4,5,13.1558
4,5,2,4,3,5,1.8794
1,2,1,1,2,25.5952
1,2,2,1,10,2,1.74971
1,2,2,1,5,2,8.99913
1,2,2,1,9,2,1.74971
1,2,3,1,7,4,2,1.74971
1,2,2,1,3,2,1.74971
10,1,1,10,1,21.7746
10,1,2,10,9,1,10.5246
10,1,2,10,7,1,5.26231
10,1,3,10,6,4,1,3.02462
10,1,2,10,2,1,1.51231
8,9,1,8,9,26.0137
8,9,2,8,0,9,5.20296
8,9,3,8,0,7,9,2.90592
8,9,2,8,6,9,2.90592
8,9,2,8,1,9,0
0,8,1,0,8,27.604
0,8,2,0,7,8,5.41618
0,8,2,0,9,8,3.75
0,8,2,0,6,8,4.06214
8,6,1,8,6,23.6031
8,6,2,8,0,6,1.13643
8,6,2,8,7,6,3.5419
8,6,2,8,10,6,3.85658
8,6,3,8,5,4,6,1.13643
1,5,1,1,5,15.943
1,5,2,1,8,5,4.00027
1,5,3,1,9,7,5,4.6886
1,5,2,1,7,5,11.1843
1,3,1,1,3,23.8455
1,3,2,1,4,3,5.6538
1,3,4,1,9,7,4,3,0.938601
1,3,4,1,9,6,4,3,3.75
1,3,4,1,10,6,4,3,0.938601
