switch_id,used_rules,usage
10,5,0.555556
9,3,0.333333
8,6,0.666667
7,5,0.555556
6,2,0.222222
5,2,0.222222
4,4,0.444444
3,3,0.333333
2,6,0.666667
1,9,1
0,1,0.111111
