switch_id,used_rules,usage
10,2,0.222222
9,3,0.333333
8,4,0.444444
7,1,0.111111
6,0,0
5,1,0.111111
4,1,0.111111
3,1,0.111111
2,1,0.111111
1,6,0.666667
0,2,0.222222
