switch_id,used_rules,usage
10,18,2
9,24,2.66667
8,27,3
7,33,3.66667
6,20,2.22222
5,21,2.33333
4,23,2.55556
3,10,1.11111
2,20,2.22222
1,36,4
0,16,1.77778
