switch_id,used_rules,usage
10,16,1.77778
9,17,1.88889
8,18,2
7,22,2.44444
6,14,1.55556
5,12,1.33333
4,14,1.55556
3,10,1.11111
2,14,1.55556
1,26,2.88889
0,10,1.11111
