switch_id,used_rules,usage
10,4,0.444444
9,5,0.555556
8,5,0.555556
7,2,0.222222
6,4,0.444444
5,1,0.111111
4,2,0.222222
3,2,0.222222
2,4,0.444444
1,7,0.777778
0,3,0.333333
