switch_id,used_rules,usage
10,6,0.666667
9,5,0.555556
8,8,0.888889
7,7,0.777778
6,5,0.555556
5,4,0.444444
4,2,0.222222
3,3,0.333333
2,4,0.444444
1,9,1
0,4,0.444444
