source,destination,length,path
8,1,1,8,1,29.6152
8,1,2,8,5,1,14.8076
8,1,2,8,7,1,4.93587
8,1,3,8,5,2,1,4.93587
8,1,3,8,7,4,1,4.93587
2,3,1,2,3,21.7311
2,3,2,2,5,3,11.1968
2,3,2,2,4,3,0.662554
6,7,1,6,7,20.9123
6,7,2,6,0,7,4.93587
6,7,2,6,10,7,1.16887
6,7,2,6,9,7,1.16887
6,7,2,6,4,7,4.93587
9,2,1,9,2,24.6793
9,2,3,9,6,4,2,4.93587
8,10,1,8,10,20.8313
8,10,2,8,7,10,4.16627
1,7,1,1,7,12.4988
1,7,2,1,9,7,8.33253
1,7,2,1,10,7,4.16627
1,4,1,1,4,11.2489
1,4,3,1,10,6,4,7.49928
1,4,3,1,9,7,4,3.74964
0,6,1,0,6,21.5604
2,4,1,2,4,16.1443
2,4,2,2,5,4,3.22886
5,7,1,5,7,17.967
0,9,1,0,9,14.9725
0,9,2,0,7,9,2.9945
9,10,1,9,10,23.4989
9,10,2,9,7,10,9.87173
9,10,2,9,1,10,4.54239
9,10,2,9,6,10,18.9565
4,7,1,4,7,16.8734
3,4,1,3,4,13.6706
3,4,2,3,5,4,2.73411
8,7,1,8,7,7.81175
8,7,2,8,0,7,5.20783
8,7,4,8,5,2,10,7,2.60392
10,2,1,10,2,12.8894
10,2,3,10,7,4,2,2.57788
4,5,1,4,5,14.8423
1,2,1,1,2,26.6525
1,2,2,1,3,2,7.23889
1,2,2,1,10,2,4.93587
1,2,2,1,5,2,2.30302
1,2,3,1,7,5,2,2.30302
10,1,1,10,1,21.734
10,1,2,10,9,1,12.8981
10,1,2,10,7,1,6.92642
8,9,1,8,9,28.5042
8,9,2,8,0,9,1.91243
8,9,2,8,7,9,1.91243
8,9,3,8,0,7,9,4.93587
8,9,2,8,6,9,3.82487
0,8,1,0,8,28.2438
0,8,2,0,7,8,5.34671
0,8,2,0,9,8,6.7181
8,6,1,8,6,26.1751
8,6,3,8,5,4,6,2.99161
8,6,2,8,0,6,2.99161
8,6,2,8,7,6,1.49581
8,6,2,8,10,6,4.93587
1,5,1,1,5,27.1502
1,5,2,1,8,5,1.23542
1,5,2,1,7,5,7.4067
1,5,2,1,3,5,1.23542
1,3,1,1,3,18.5138
1,3,2,1,4,3,17.2784
1,3,3,1,7,4,3,1.23542
