switch_id,used_rules,usage
10,18,2
9,20,2.22222
8,21,2.33333
7,25,2.77778
6,17,1.88889
5,17,1.88889
4,19,2.11111
3,10,1.11111
2,17,1.88889
1,25,2.77778
0,12,1.33333
