switch_id,used_rules,usage
10,14,1.55556
9,18,2
8,20,2.22222
7,23,2.55556
6,17,1.88889
5,14,1.55556
4,16,1.77778
3,11,1.22222
2,12,1.33333
1,28,3.11111
0,11,1.22222
