switch_id,used_rules,usage
10,5,0.555556
9,4,0.444444
8,8,0.888889
7,6,0.666667
6,5,0.555556
5,1,0.111111
4,3,0.333333
3,3,0.333333
2,2,0.222222
1,9,1
0,4,0.444444
