switch_id,used_rules,usage
10,3,0.333333
9,3,0.333333
8,4,0.444444
7,2,0.222222
6,3,0.333333
5,1,0.111111
4,2,0.222222
3,2,0.222222
2,2,0.222222
1,3,0.333333
0,3,0.333333
