switch_id,used_rules,usage
10,27,3
9,36,4
8,36,4
7,41,4.55556
6,28,3.11111
5,28,3.11111
4,34,3.77778
3,17,1.88889
2,27,3
1,53,5.88889
0,16,1.77778
