switch_id,used_rules,usage
10,17,1.88889
9,18,2
8,24,2.66667
7,28,3.11111
6,15,1.66667
5,15,1.66667
4,17,1.88889
3,10,1.11111
2,16,1.77778
1,27,3
0,11,1.22222
