switch_id,used_rules,usage
10,20,2.22222
9,25,2.77778
8,27,3
7,31,3.44444
6,23,2.55556
5,18,2
4,24,2.66667
3,12,1.33333
2,16,1.77778
1,38,4.22222
0,15,1.66667
