switch_id,used_rules,usage
10,16,1.77778
9,19,2.11111
8,22,2.44444
7,23,2.55556
6,17,1.88889
5,13,1.44444
4,16,1.77778
3,9,1
2,15,1.66667
1,27,3
0,13,1.44444
