switch_id,used_rules,usage
10,2,0.222222
9,3,0.333333
8,2,0.222222
7,1,0.111111
6,1,0.111111
5,0,0
4,1,0.111111
3,1,0.111111
2,2,0.222222
1,4,0.444444
0,3,0.333333
