source,destination,length,path
8,1,1,8,1,28.5698
8,1,2,8,5,1,11.4279
8,1,2,8,7,1,5.71397
8,1,3,8,5,2,1,5.71397
8,1,3,8,5,4,1,5.71397
2,3,1,2,3,19.4429
2,3,2,2,5,3,12.1949
2,3,2,2,4,3,0.767
6,7,1,6,7,23.5324
6,7,2,6,0,7,0.676568
6,7,2,6,10,7,5.71397
6,7,2,6,9,7,2.0297
9,2,1,9,2,22.8559
9,2,3,9,6,4,2,5.71397
8,10,1,8,10,24.1152
1,7,1,1,7,19.2922
1,7,2,1,10,7,4.82304
1,4,1,1,4,17.363
1,4,3,1,10,6,4,4.34074
0,6,1,0,6,20.7994
2,4,1,2,4,18.6893
5,7,1,5,7,17.3328
0,9,1,0,9,13.8663
0,9,2,0,7,9,3.46656
9,10,1,9,10,21.9449
9,10,2,9,6,10,11.4279
9,10,2,9,7,10,16.2309
9,10,2,9,1,10,5.25846
4,7,1,4,7,16.2778
3,4,1,3,4,12.6605
3,4,2,3,5,4,3.16512
8,7,1,8,7,12.0576
8,7,2,8,0,7,3.0144
10,2,1,10,2,14.9213
4,5,1,4,5,11.4547
4,5,2,4,3,5,2.86368
1,2,1,1,2,25.5219
1,2,2,1,10,2,2.66607
1,2,4,1,9,6,4,2,2.66607
1,2,3,1,7,5,2,5.71397
1,2,2,1,9,2,2.66607
1,2,2,1,4,2,2.66607
10,1,1,10,1,21.7506
10,1,2,10,9,1,10.3227
10,1,3,10,6,4,1,2.30435
10,1,2,10,7,1,5.71397
8,9,1,8,9,27.2837
8,9,2,8,6,9,4.42783
8,9,3,8,0,7,9,2.21391
8,9,2,8,0,9,5.71397
0,8,1,0,8,26.9823
0,8,2,0,7,8,7.77716
0,8,3,0,7,6,8,2.06319
0,8,2,0,9,8,2.06319
8,6,1,8,6,24.5875
8,6,2,8,7,6,7.44558
8,6,2,8,0,6,1.73161
8,6,2,8,10,6,1.73161
8,6,4,8,0,7,4,6,1.73161
1,5,1,1,5,30
1,5,2,1,8,5,2.86034
1,5,3,1,9,7,5,1.43017
1,5,3,1,10,7,5,1.43017
1,3,1,1,3,30
1,3,2,1,4,3,4.29051
1,3,4,1,9,7,4,3,1.43017
