switch_id,used_rules,usage
10,21,2.33333
9,20,2.22222
8,25,2.77778
7,31,3.44444
6,18,2
5,18,2
4,21,2.33333
3,10,1.11111
2,16,1.77778
1,28,3.11111
0,13,1.44444
