switch_id,used_rules,usage
10,15,1.66667
9,17,1.88889
8,20,2.22222
7,21,2.33333
6,15,1.66667
5,16,1.77778
4,13,1.44444
3,8,0.888889
2,12,1.33333
1,22,2.44444
0,12,1.33333
