switch_id,used_rules,usage
10,18,2
9,23,2.55556
8,26,2.88889
7,31,3.44444
6,21,2.33333
5,21,2.33333
4,22,2.44444
3,12,1.33333
2,18,2
1,36,4
0,15,1.66667
