switch_id,used_rules,usage
10,3,0.333333
9,2,0.222222
8,6,0.666667
7,1,0.111111
6,1,0.111111
5,1,0.111111
4,1,0.111111
3,2,0.222222
2,3,0.333333
1,5,0.555556
0,1,0.111111
