switch_id,used_rules,usage
10,16,1.77778
9,17,1.88889
8,19,2.11111
7,22,2.44444
6,14,1.55556
5,13,1.44444
4,14,1.55556
3,11,1.22222
2,14,1.55556
1,27,3
0,10,1.11111
