switch_id,used_rules,usage
10,2,0.222222
9,4,0.444444
8,5,0.555556
7,2,0.222222
6,0,0
5,1,0.111111
4,1,0.111111
3,2,0.222222
2,2,0.222222
1,3,0.333333
0,2,0.222222
