switch_id,used_rules,usage
10,8,0.888889
9,5,0.555556
8,8,0.888889
7,6,0.666667
6,4,0.444444
5,3,0.333333
4,2,0.222222
3,1,0.111111
2,5,0.555556
1,9,1
0,3,0.333333
