switch_id,used_rules,usage
10,24,2.66667
9,26,2.88889
8,29,3.22222
7,33,3.66667
6,23,2.55556
5,19,2.11111
4,25,2.77778
3,12,1.33333
2,21,2.33333
1,39,4.33333
0,17,1.88889
