switch_id,used_rules,usage
10,5,0.555556
9,3,0.333333
8,5,0.555556
7,5,0.555556
6,2,0.222222
5,3,0.333333
4,5,0.555556
3,3,0.333333
2,5,0.555556
1,9,1
0,1,0.111111
