switch_id,used_rules,usage
10,20,2.22222
9,20,2.22222
8,25,2.77778
7,31,3.44444
6,20,2.22222
5,19,2.11111
4,20,2.22222
3,12,1.33333
2,18,2
1,35,3.88889
0,15,1.66667
