switch_id,used_rules,usage
10,7,0.777778
9,5,0.555556
8,8,0.888889
7,3,0.333333
6,5,0.555556
5,3,0.333333
4,3,0.333333
3,3,0.333333
2,5,0.555556
1,8,0.888889
0,3,0.333333
