switch_id,used_rules,usage
10,20,2.22222
9,23,2.55556
8,26,2.88889
7,26,2.88889
6,20,2.22222
5,15,1.66667
4,22,2.44444
3,10,1.11111
2,16,1.77778
1,31,3.44444
0,13,1.44444
