source,destination,length,path
8,1,1,8,1,18.75
8,1,2,8,5,1,7.5
8,1,3,8,0,7,1,1.875
8,1,2,8,7,1,1.875
2,3,1,2,3,16.875
2,3,2,2,5,3,13.125
6,7,1,6,7,18.75
6,7,2,6,0,7,1.875
6,7,2,6,9,7,3.75
6,7,2,6,10,7,5.625
9,2,1,9,2,20.625
9,2,3,9,6,4,2,5.625
9,2,3,9,7,4,2,3.75
8,10,1,8,10,18.9918
8,10,2,8,7,10,3.1653
8,10,3,8,5,2,10,3.1653
1,7,1,1,7,15.8265
1,7,2,1,10,7,6.3306
1,7,2,1,9,7,3.1653
1,4,1,1,4,19.9414
1,4,3,1,10,6,4,1.42438
1,4,3,1,9,7,4,1.42438
0,6,1,0,6,16.3804
0,6,2,0,7,6,5.46014
2,4,1,2,4,15.9452
2,4,2,2,5,4,2.45311
2,4,3,2,10,6,4,1.22655
5,7,1,5,7,17.0629
5,7,3,5,2,10,7,1.13753
0,9,1,0,9,17.0629
0,9,2,0,7,9,1.13753
9,10,1,9,10,18.75
9,10,2,9,6,10,7.5
9,10,2,9,1,10,1.875
9,10,2,9,7,10,1.875
4,7,1,4,7,17.0926
3,4,1,3,4,12.4634
3,4,2,3,5,4,4.15446
8,7,1,8,7,11.8699
8,7,2,8,0,7,3.95662
10,2,1,10,2,13.7097
10,2,3,10,6,4,2,0.979265
10,2,3,10,7,4,2,0.979265
4,5,1,4,5,12.2161
4,5,2,4,3,5,2.8191
1,2,1,1,2,20.625
1,2,2,1,5,2,3.75
1,2,2,1,10,2,3.75
1,2,4,1,9,7,5,2,1.875
10,1,1,10,1,15
10,1,2,10,9,1,11.25
10,1,2,10,7,1,1.875
10,1,3,10,6,9,1,1.875
8,9,1,8,9,20.625
8,9,3,8,5,2,9,1.875
8,9,2,8,7,9,3.75
8,9,3,8,0,7,9,1.875
8,9,2,8,1,9,1.875
0,8,1,0,8,20.625
0,8,2,0,7,8,3.75
0,8,2,0,9,8,3.75
0,8,2,0,6,8,1.875
8,6,1,8,6,22.5
8,6,2,8,0,6,1.875
8,6,3,8,5,4,6,3.75
8,6,2,8,10,6,1.875
1,5,1,1,5,16.875
1,5,2,1,8,5,5.625
1,5,2,1,7,5,3.75
1,5,3,1,9,7,5,3.75
1,3,1,1,3,20.625
1,3,4,1,9,6,4,3,3.75
1,3,4,1,10,6,4,3,3.75
1,3,4,1,10,7,4,3,1.875
