switch_id,used_rules,usage
10,21,2.33333
9,22,2.44444
8,23,2.55556
7,27,3
6,20,2.22222
5,16,1.77778
4,20,2.22222
3,9,1
2,16,1.77778
1,27,3
0,14,1.55556
