switch_id,used_rules,usage
10,2,0.222222
9,1,0.111111
8,3,0.333333
7,2,0.222222
6,1,0.111111
5,1,0.111111
4,2,0.222222
3,2,0.222222
2,3,0.333333
1,3,0.333333
0,0,0
