switch_id,used_rules,usage
10,25,2.77778
9,26,2.88889
8,28,3.11111
7,33,3.66667
6,24,2.66667
5,22,2.44444
4,27,3
3,15,1.66667
2,22,2.44444
1,45,5
0,18,2
