switch_id,used_rules,usage
10,2,0.222222
9,3,0.333333
8,4,0.444444
7,0,0
6,1,0.111111
5,2,0.222222
4,2,0.222222
3,3,0.333333
2,2,0.222222
1,5,0.555556
0,2,0.222222
