switch_id,used_rules,usage
10,2,0.222222
9,3,0.333333
8,2,0.222222
7,1,0.111111
6,2,0.222222
5,0,0
4,1,0.111111
3,3,0.333333
2,2,0.222222
1,4,0.444444
0,2,0.222222
