switch_id,used_rules,usage
10,20,2.22222
9,20,2.22222
8,28,3.11111
7,28,3.11111
6,20,2.22222
5,17,1.88889
4,20,2.22222
3,11,1.22222
2,16,1.77778
1,34,3.77778
0,14,1.55556
