switch_id,used_rules,usage
10,1,0.111111
9,3,0.333333
8,3,0.333333
7,1,0.111111
6,2,0.222222
5,1,0.111111
4,1,0.111111
3,2,0.222222
2,2,0.222222
1,4,0.444444
0,2,0.222222
