switch_id,used_rules,usage
10,5,0.555556
9,5,0.555556
8,8,0.888889
7,5,0.555556
6,3,0.333333
5,4,0.444444
4,3,0.333333
3,3,0.333333
2,4,0.444444
1,9,1
0,3,0.333333
