source,destination,length,path
8,1,1,8,1,25.509
8,1,2,8,5,1,13.2918
8,1,2,8,7,1,6.64589
8,1,3,8,5,4,1,3.32294
8,1,3,8,0,7,1,3.32294
8,1,3,8,5,2,1,3.32294
8,1,3,8,7,4,1,3.32294
2,3,1,2,3,18.3989
2,3,2,2,5,3,15.076
2,3,2,2,4,3,0.446047
6,7,1,6,7,23.6541
6,7,2,6,0,7,3.7164
6,7,2,6,9,7,1.18037
6,7,2,6,10,7,4.10986
6,7,2,6,4,7,0.786913
9,2,1,9,2,23.2606
9,2,3,9,6,4,2,6.64589
8,10,1,8,10,25.2435
1,7,1,1,7,16.829
1,7,2,1,9,7,5.60966
1,7,2,1,10,7,2.80483
1,4,1,1,4,12.6217
1,4,2,1,7,4,5.0487
1,4,3,1,10,6,4,2.52435
1,4,3,1,10,7,4,2.52435
0,6,1,0,6,16.9342
0,6,2,0,7,6,4.83833
2,4,1,2,4,17.39
2,4,3,2,10,6,4,2.17374
5,7,1,5,7,18.1438
0,9,1,0,9,16.1278
0,9,2,0,7,9,2.01597
9,10,1,9,10,26.0538
9,10,2,9,6,10,13.0269
9,10,2,9,7,10,12.2322
9,10,2,9,1,10,6.11609
4,7,1,4,7,17.0393
3,4,1,3,4,12.8847
3,4,2,3,5,4,3.68134
8,7,1,8,7,12.2711
8,7,2,8,0,7,1.75302
8,7,2,8,5,7,1.75302
10,2,1,10,2,15.6194
4,5,1,4,5,13.3229
4,5,2,4,3,5,1.66537
1,2,1,1,2,25.509
1,2,2,1,10,2,3.1009
1,2,2,1,5,2,4.65135
1,2,3,1,7,4,2,3.32294
1,2,2,1,3,2,1.55045
1,2,4,1,9,6,4,2,1.55045
1,2,2,1,9,2,3.32294
10,1,1,10,1,22.6178
10,1,2,10,9,1,12.0062
10,1,2,10,7,1,3.32294
10,1,3,10,6,4,1,4.02026
8,9,1,8,9,25.8704
8,9,2,8,0,9,3.86249
8,9,3,8,0,7,9,2.57499
8,9,3,8,5,2,9,3.32294
8,9,2,8,6,9,2.57499
8,9,3,8,0,6,9,1.2875
0,8,1,0,8,26.8601
0,8,2,0,7,8,6.92248
0,8,2,0,6,8,2.39969
0,8,2,0,9,8,4.52279
8,6,1,8,6,23.8144
8,6,2,8,0,6,5.33697
8,6,2,8,7,6,3.56704
8,6,2,8,10,6,0.626965
8,6,3,8,5,4,6,1.77882
1,5,1,1,5,20.8576
1,5,2,1,8,5,0
1,5,3,1,9,7,5,4.98637
1,5,3,1,10,7,5,4.98637
1,5,2,1,3,5,4.15466
1,3,1,1,3,19.8039
1,3,2,1,4,3,12.8872
1,3,2,1,5,3,0
