switch_id,used_rules,usage
10,4,0.444444
9,3,0.333333
8,3,0.333333
7,2,0.222222
6,1,0.111111
5,1,0.111111
4,3,0.333333
3,1,0.111111
2,4,0.444444
1,6,0.666667
0,2,0.222222
