switch_id,used_rules,usage
10,17,1.88889
9,21,2.33333
8,24,2.66667
7,26,2.88889
6,19,2.11111
5,17,1.88889
4,21,2.33333
3,14,1.55556
2,15,1.66667
1,36,4
0,12,1.33333
