switch_id,used_rules,usage
10,5,0.555556
9,5,0.555556
8,8,0.888889
7,4,0.444444
6,4,0.444444
5,3,0.333333
4,4,0.444444
3,3,0.333333
2,5,0.555556
1,9,1
0,4,0.444444
