source,destination,length,path
8,1,1,8,1,26.6667
8,1,2,8,5,1,10
8,1,2,8,7,1,6.66667
8,1,3,8,5,4,1,3.33333
8,1,3,8,0,7,1,6.66667
8,1,4,8,0,7,4,1,3.33333
8,1,2,8,9,1,3.33333
2,3,1,2,3,18.4564
2,3,2,2,5,3,15.1231
2,3,2,2,4,3,0.447442
6,7,1,6,7,23.728
6,7,2,6,0,7,3.72802
6,7,2,6,9,7,1.18406
6,7,2,6,10,7,4.51739
6,7,2,6,4,7,0.394687
9,2,1,9,2,23.3333
9,2,3,9,6,4,2,3.33333
9,2,3,9,7,4,2,3.33333
8,10,1,8,10,25.3224
1,7,1,1,7,14.068
1,7,2,1,9,7,8.4408
1,7,2,1,10,7,2.8136
1,4,1,1,4,22.7902
0,6,1,0,6,21.8406
2,4,1,2,4,17.4443
2,4,3,2,10,6,4,2.18054
5,7,1,5,7,18.2005
0,9,1,0,9,18.2005
9,10,1,9,10,25.8695
9,10,2,9,6,10,13.0676
9,10,2,9,7,10,6.13521
9,10,2,9,1,10,6.40094
9,10,4,9,6,4,2,10,3.06761
9,10,2,9,2,10,3.06761
4,7,1,4,7,17.0926
3,4,1,3,4,14.7714
3,4,2,3,5,4,1.84642
8,7,1,8,7,14.068
8,7,2,8,0,7,1.7585
10,2,1,10,2,15.6682
4,5,1,4,5,11.694
4,5,2,4,3,5,3.34115
1,2,1,1,2,26.4439
1,2,2,1,10,2,6.44393
1,2,2,1,5,2,7.77648
1,2,3,1,7,4,2,3.33333
10,1,1,10,1,22.0438
10,1,2,10,9,1,10.6995
10,1,2,10,7,1,4.67761
10,1,3,10,6,4,1,1.34428
10,1,3,10,7,4,1,3.33333
8,9,1,8,9,23.8746
8,9,2,8,0,9,2.58304
8,9,3,8,0,7,9,2.58304
8,9,2,8,6,9,10
8,9,3,8,5,2,9,1.29152
8,9,2,8,1,9,1.29152
0,8,1,0,8,25.7405
0,8,2,0,7,8,6.94412
0,8,2,0,6,8,2.40719
0,8,2,0,9,8,5.74053
8,6,1,8,6,18.687
8,6,2,8,0,6,1.01016
8,6,2,8,7,6,6.36382
8,6,2,8,10,6,2.02032
8,6,3,8,5,4,6,11.0102
1,5,1,1,5,17.5049
1,5,2,1,8,5,4.16764
1,5,3,1,9,7,5,4.16764
1,5,3,1,10,7,5,4.16764
1,5,2,1,7,5,7.50098
1,3,1,1,3,26.6706
1,3,2,1,4,3,1.66862
1,3,4,1,10,6,4,3,5.00196
1,3,4,1,9,6,4,3,4.16764
