switch_id,used_rules,usage
10,19,2.11111
9,25,2.77778
8,24,2.66667
7,30,3.33333
6,23,2.55556
5,21,2.33333
4,25,2.77778
3,16,1.77778
2,18,2
1,35,3.88889
0,15,1.66667
