switch_id,used_rules,usage
10,4,0.444444
9,4,0.444444
8,5,0.555556
7,4,0.444444
6,3,0.333333
5,2,0.222222
4,2,0.222222
3,3,0.333333
2,6,0.666667
1,8,0.888889
0,3,0.333333
