switch_id,used_rules,usage
10,5,0.555556
9,4,0.444444
8,6,0.666667
7,3,0.333333
6,4,0.444444
5,3,0.333333
4,3,0.333333
3,3,0.333333
2,5,0.555556
1,9,1
0,4,0.444444
