switch_id,used_rules,usage
10,3,0.333333
9,4,0.444444
8,4,0.444444
7,3,0.333333
6,1,0.111111
5,1,0.111111
4,0,0
3,0,0
2,2,0.222222
1,2,0.222222
0,2,0.222222
