switch_id,used_rules,usage
10,2,0.222222
9,4,0.444444
8,6,0.666667
7,4,0.444444
6,3,0.333333
5,1,0.111111
4,4,0.444444
3,2,0.222222
2,4,0.444444
1,7,0.777778
0,3,0.333333
