switch_id,used_rules,usage
10,2,0.222222
9,2,0.222222
8,5,0.555556
7,1,0.111111
6,2,0.222222
5,1,0.111111
4,0,0
3,1,0.111111
2,2,0.222222
1,3,0.333333
0,1,0.111111
