switch_id,used_rules,usage
10,4,0.444444
9,6,0.666667
8,7,0.777778
7,4,0.444444
6,3,0.333333
5,3,0.333333
4,3,0.333333
3,4,0.444444
2,4,0.444444
1,8,0.888889
0,2,0.222222
