switch_id,used_rules,usage
10,3,0.333333
9,3,0.333333
8,5,0.555556
7,4,0.444444
6,1,0.111111
5,0,0
4,1,0.111111
3,2,0.222222
2,3,0.333333
1,5,0.555556
0,1,0.111111
