switch_id,used_rules,usage
10,3,0.333333
9,5,0.555556
8,7,0.777778
7,7,0.777778
6,5,0.555556
5,4,0.444444
4,4,0.444444
3,2,0.222222
2,4,0.444444
1,8,0.888889
0,4,0.444444
