source,destination,length,path
8,1,1,8,1,27
8,1,2,8,5,1,15
8,1,2,8,7,1,3
8,1,3,8,5,4,1,3
8,1,3,8,5,2,1,6
8,1,3,8,0,7,1,3
8,1,3,8,7,4,1,3
2,3,1,2,3,20.0135
2,3,2,2,5,3,14.0135
6,7,1,6,7,22.0657
6,7,2,6,0,7,3.35522
6,7,2,6,9,7,1.06565
6,7,2,6,10,7,3.71044
6,7,2,6,4,7,3.35522
9,2,1,9,2,21
9,2,3,9,6,4,2,6
9,2,3,9,7,4,2,3
8,10,1,8,10,25.3224
1,7,1,1,7,17.7257
1,7,2,1,9,7,2.53224
1,7,2,1,10,7,5.06448
1,4,1,1,4,11.3951
1,4,2,1,7,4,4.55803
1,4,3,1,10,7,4,4.55803
1,4,3,1,10,6,4,2.27902
0,6,1,0,6,17.4725
0,6,2,0,7,6,4.36811
2,4,1,2,4,17.6624
2,4,2,2,5,4,1.96249
5,7,1,5,7,18.2005
0,9,1,0,9,14.5604
0,9,2,0,7,9,3.64009
9,10,1,9,10,26.5217
9,10,2,9,6,10,17.0434
9,10,2,9,7,10,8.52169
9,10,2,9,1,10,5.52169
4,7,1,4,7,17.0926
3,4,1,3,4,13.2943
3,4,2,3,5,4,3.32356
8,7,1,8,7,15.8265
10,2,1,10,2,15.6682
4,5,1,4,5,13.5317
4,5,2,4,3,5,1.50352
1,2,1,1,2,25.3998
1,2,2,1,10,2,1.39977
1,2,2,1,5,2,5.59907
1,2,2,1,9,2,4.1993
1,2,4,1,10,6,4,2,3
1,2,2,1,4,2,1.39977
1,2,2,1,3,2,3
10,1,1,10,1,21.6295
10,1,2,10,9,1,12.6295
10,1,2,10,7,1,5.4197
10,1,3,10,6,4,1,2.4197
8,9,1,8,9,27.4871
8,9,2,8,0,9,3.48711
8,9,3,8,0,7,9,3
8,9,2,8,6,9,5.32474
8,9,3,8,5,2,9,1.16237
8,9,3,8,0,6,9,1.16237
0,8,1,0,8,26.1665
0,8,2,0,7,8,5.41618
0,8,2,0,9,8,7.08324
0,8,2,0,6,8,2.16647
8,6,1,8,6,22.5457
8,6,2,8,0,6,6.90915
8,6,2,8,7,6,3.90915
8,6,2,8,10,6,1.81829
8,6,3,8,5,4,6,0.909145
8,6,3,8,0,7,6,3
1,5,1,1,5,22.5018
1,5,2,1,8,5,1.50176
1,5,3,1,9,7,5,8.25264
1,5,2,1,7,5,3
1,5,3,1,4,3,5,0.75088
1,5,2,1,3,5,0.75088
1,5,2,1,4,5,0.75088
1,3,1,1,3,23.2526
1,3,2,1,4,3,12.7544
1,3,4,1,10,6,4,3,0.75088
1,3,4,1,9,7,5,3,0.75088
