switch_id,used_rules,usage
10,5,0.555556
9,4,0.444444
8,7,0.777778
7,7,0.777778
6,3,0.333333
5,4,0.444444
4,4,0.444444
3,3,0.333333
2,5,0.555556
1,9,1
0,4,0.444444
