switch_id,used_rules,usage
10,17,1.88889
9,15,1.66667
8,18,2
7,21,2.33333
6,14,1.55556
5,14,1.55556
4,14,1.55556
3,9,1
2,13,1.44444
1,21,2.33333
0,10,1.11111
