switch_id,used_rules,usage
10,14,1.55556
9,15,1.66667
8,17,1.88889
7,20,2.22222
6,12,1.33333
5,15,1.66667
4,13,1.44444
3,8,0.888889
2,13,1.44444
1,23,2.55556
0,9,1
