switch_id,used_rules,usage
10,16,1.77778
9,16,1.77778
8,18,2
7,21,2.33333
6,17,1.88889
5,13,1.44444
4,17,1.88889
3,8,0.888889
2,12,1.33333
1,21,2.33333
0,12,1.33333
