switch_id,used_rules,usage
10,53,5.88889
9,51,5.66667
8,45,5
7,56,6.22222
6,37,4.11111
5,46,5.11111
4,56,6.22222
3,31,3.44444
2,49,5.44444
1,83,9.22222
0,22,2.44444
