switch_id,used_rules,usage
10,5,0.555556
9,4,0.444444
8,7,0.777778
7,5,0.555556
6,5,0.555556
5,1,0.111111
4,3,0.333333
3,3,0.333333
2,4,0.444444
1,8,0.888889
0,3,0.333333
