source,destination,length,path
8,1,1,8,1,28.125
8,1,2,8,5,1,13.125
8,1,2,8,7,1,5.625
8,1,3,8,5,4,1,1.875
8,1,3,8,5,2,1,3.75
8,1,3,8,0,7,1,3.75
8,1,3,8,7,4,1,1.875
8,1,2,8,9,1,1.875
2,3,1,2,3,18.8885
2,3,2,2,5,3,15.1385
6,7,1,6,7,23.166
6,7,2,6,0,7,0.666034
6,7,2,6,9,7,2.31902
6,7,2,6,4,7,1.77609
6,7,2,6,10,7,5.625
9,2,1,9,2,20.625
9,2,3,9,6,4,2,3.75
9,2,3,9,7,4,2,3.75
9,2,3,9,7,5,2,1.875
8,10,1,8,10,23.7397
8,10,3,8,0,7,10,1.58265
1,7,1,1,7,12.6612
1,7,2,1,9,7,9.4959
1,7,2,1,10,7,3.1653
1,4,1,1,4,15.6682
1,4,3,1,10,6,4,1.42438
1,4,3,1,10,7,4,1.42438
1,4,2,1,5,4,2.84877
1,4,3,1,9,6,4,1.42438
0,6,1,0,6,20.4755
0,6,2,0,7,6,1.36504
2,4,1,2,4,18.3983
2,4,2,2,5,4,1.22655
5,7,1,5,7,18.2005
0,9,1,0,9,15.9254
0,9,2,0,7,9,2.27506
9,10,1,9,10,25.6521
9,10,2,9,6,10,14.2526
9,10,2,9,7,10,7.20106
9,10,2,9,1,10,6.90211
9,10,3,9,0,7,10,1.875
9,10,2,9,2,10,1.72553
4,7,1,4,7,17.0926
3,4,1,3,4,13.502
3,4,2,3,5,4,3.11584
8,7,1,8,7,11.8699
8,7,2,8,0,7,3.95662
10,2,1,10,2,15.6682
4,5,1,4,5,12.2161
4,5,2,4,3,5,2.8191
1,2,1,1,2,25.9994
1,2,2,1,10,2,3.62471
1,2,2,1,4,2,2.62456
1,2,2,1,9,2,2.62456
1,2,2,1,5,2,3.62471
1,2,4,1,10,6,4,2,0.874854
1,2,3,1,7,4,2,0.874854
1,2,2,1,3,2,3.75
10,1,1,10,1,20.2931
10,1,2,10,9,1,11.6435
10,1,2,10,7,1,4.14347
10,1,3,10,7,4,1,4.50616
10,1,3,10,6,4,1,1.51231
8,9,1,8,9,25.4059
8,9,2,8,0,9,2.17944
8,9,2,8,7,9,1.875
8,9,3,8,0,7,9,1.45296
8,9,3,8,5,2,9,2.17944
8,9,2,8,6,9,8.53092
0,8,1,0,8,27.0831
0,8,2,0,7,8,5.26012
0,8,2,0,6,8,2.03107
0,8,2,0,9,8,6.45809
8,6,1,8,6,18.4093
8,6,2,8,0,6,2.27286
8,6,2,8,10,6,3.01143
8,6,3,8,5,4,6,5.45465
8,6,3,8,0,7,6,4.31822
8,6,2,8,7,6,5.625
1,5,1,1,5,19.6908
1,5,2,1,8,5,0.938601
1,5,3,1,9,7,5,0.4693
1,5,2,1,7,5,12.6579
1,5,2,1,4,5,0.4693
1,5,3,1,10,7,5,0.938601
1,5,4,1,9,6,4,5,2.3443
1,3,1,1,3,22.9715
1,3,2,1,4,3,6.5658
1,3,4,1,10,6,4,3,4.6886
1,3,4,1,10,7,4,3,0.4693
1,3,4,1,9,6,4,3,2.8136
