switch_id,used_rules,usage
10,6,0.666667
9,5,0.555556
8,7,0.777778
7,2,0.222222
6,3,0.333333
5,3,0.333333
4,2,0.222222
3,2,0.222222
2,5,0.555556
1,8,0.888889
0,1,0.111111
