switch_id,used_rules,usage
10,1,0.111111
9,1,0.111111
8,3,0.333333
7,2,0.222222
6,2,0.222222
5,0,0
4,0,0
3,2,0.222222
2,2,0.222222
1,5,0.555556
0,2,0.222222
