switch_id,used_rules,usage
10,4,0.444444
9,5,0.555556
8,6,0.666667
7,4,0.444444
6,4,0.444444
5,3,0.333333
4,4,0.444444
3,4,0.444444
2,3,0.333333
1,9,1
0,3,0.333333
