switch_id,used_rules,usage
10,15,1.66667
9,18,2
8,21,2.33333
7,23,2.55556
6,17,1.88889
5,14,1.55556
4,17,1.88889
3,11,1.22222
2,12,1.33333
1,27,3
0,10,1.11111
