source,destination,length,path
8,1,1,8,1,22.5
8,1,2,8,5,1,7.5
2,3,1,2,3,18.75
2,3,2,2,5,3,11.25
6,7,1,6,7,18.75
6,7,2,6,0,7,3.75
6,7,2,6,9,7,3.75
6,7,2,6,10,7,3.75
9,2,1,9,2,18.75
9,2,3,9,6,4,2,3.75
9,2,3,9,7,4,2,3.75
9,2,4,9,7,4,3,2,3.75
8,10,1,8,10,18.9918
8,10,2,8,7,10,6.3306
1,7,1,1,7,15.8265
1,7,2,1,10,7,6.3306
1,7,2,1,9,7,3.1653
1,4,1,1,4,17.0926
1,4,3,1,10,6,4,2.84877
1,4,3,1,9,6,4,2.84877
0,6,1,0,6,16.3804
0,6,2,0,7,6,5.46014
2,4,1,2,4,17.1718
2,4,2,2,5,4,2.45311
5,7,1,5,7,15.9254
5,7,3,5,2,10,7,2.27506
0,9,1,0,9,18.2005
9,10,1,9,10,18.75
9,10,2,9,6,10,7.5
9,10,2,9,1,10,3.75
4,7,1,4,7,17.0926
3,4,1,3,4,12.4634
3,4,2,3,5,4,4.15446
8,7,1,8,7,11.8699
8,7,2,8,0,7,3.95662
10,2,1,10,2,15.6682
4,5,1,4,5,13.1558
4,5,2,4,3,5,1.8794
1,2,1,1,2,22.5
1,2,2,1,5,2,3.75
1,2,4,1,10,6,4,2,3.75
10,1,1,10,1,15
10,1,2,10,9,1,11.25
10,1,2,10,7,1,3.75
8,9,1,8,9,22.5
8,9,3,8,0,7,9,3.75
8,9,3,8,5,2,9,3.75
0,8,1,0,8,22.5
0,8,2,0,7,8,3.75
0,8,2,0,6,8,3.75
8,6,1,8,6,22.5
8,6,2,8,7,6,3.75
8,6,3,8,5,4,6,3.75
1,5,1,1,5,18.75
1,5,2,1,8,5,3.75
1,5,3,1,9,7,5,3.75
1,5,2,1,7,5,3.75
1,3,1,1,3,22.5
1,3,2,1,4,3,3.75
1,3,3,1,8,5,3,3.75
