switch_id,used_rules,usage
10,17,1.88889
9,20,2.22222
8,23,2.55556
7,26,2.88889
6,19,2.11111
5,16,1.77778
4,19,2.11111
3,12,1.33333
2,16,1.77778
1,30,3.33333
0,12,1.33333
