source,destination,length,path
8,1,1,8,1,25.6549
8,1,2,8,7,1,13.4052
8,1,2,8,5,1,11.8336
8,1,3,8,0,9,1,1.57164
8,1,3,8,5,3,1,1.57164
8,1,4,8,0,7,4,1,5.13097
2,3,1,2,3,19.8767
2,3,2,2,5,3,13.2511
6,7,1,6,7,18.1972
6,7,2,6,9,7,5.13097
6,7,2,6,0,7,1.40215
6,7,2,6,4,7,1.40215
6,7,2,6,10,7,6.53312
9,2,1,9,2,18.2126
9,2,3,9,6,4,2,11.2018
9,2,3,9,7,5,2,0.939902
8,10,1,8,10,24.6533
1,7,1,1,7,19.7226
1,7,2,1,10,7,4.93066
1,4,1,1,4,17.7504
1,4,2,1,7,4,4.43759
0,6,1,0,6,17.0108
0,6,2,0,7,6,4.25269
2,4,1,2,4,19.1063
5,7,1,5,7,17.7196
0,9,1,0,9,17.7196
9,10,1,9,10,25.6549
9,10,2,9,6,10,7.99689
9,10,2,9,1,10,11.2173
9,10,2,9,7,10,11.2173
4,7,1,4,7,16.641
3,4,1,3,4,12.943
3,4,2,3,5,4,3.23575
8,7,1,8,7,12.3267
8,7,2,8,0,7,3.08166
10,2,1,10,2,15.2542
4,5,1,4,5,14.6379
1,2,1,1,2,25.7482
1,2,2,1,5,2,10.3081
1,2,2,1,9,2,5.13097
10,1,1,10,1,23.5901
10,1,3,10,7,4,1,3.06625
10,1,2,10,9,1,5.13097
10,1,3,10,6,4,1,3.06625
10,1,2,10,2,1,3.06625
10,1,2,10,7,1,3.06625
8,9,1,8,9,26.2815
8,9,2,8,10,9,1.62825
8,9,3,8,0,7,9,2.9738
8,9,2,8,6,9,5.9476
0,8,1,0,8,26.1633
0,8,2,0,7,8,5.63943
0,8,2,0,6,8,5.13097
0,8,2,0,9,8,2.81972
8,6,1,8,6,20.3544
8,6,3,8,5,4,6,12.7427
8,6,2,8,0,6,2.48073
8,6,3,8,0,7,6,2.48073
1,5,1,1,5,14.6071
1,5,2,1,3,5,5.13097
1,5,2,1,8,5,1.22999
1,5,3,1,9,7,5,7.30354
1,5,3,1,10,7,5,5.13097
1,5,2,1,7,5,1.58799
1,3,1,1,3,20.6173
1,3,2,1,4,3,7.99785
1,3,4,1,10,6,4,3,2.17257
