switch_id,used_rules,usage
10,5,0.555556
9,5,0.555556
8,4,0.444444
7,2,0.222222
6,3,0.333333
5,1,0.111111
4,2,0.222222
3,2,0.222222
2,6,0.666667
1,8,0.888889
0,2,0.222222
