switch_id,used_rules,usage
10,4,0.444444
9,5,0.555556
8,9,1
7,5,0.555556
6,4,0.444444
5,4,0.444444
4,2,0.222222
3,4,0.444444
2,5,0.555556
1,7,0.777778
0,3,0.333333
