switch_id,used_rules,usage
10,21,2.33333
9,25,2.77778
8,27,3
7,31,3.44444
6,21,2.33333
5,18,2
4,24,2.66667
3,11,1.22222
2,16,1.77778
1,36,4
0,15,1.66667
