switch_id,used_rules,usage
10,3,0.333333
9,3,0.333333
8,7,0.777778
7,4,0.444444
6,3,0.333333
5,1,0.111111
4,2,0.222222
3,2,0.222222
2,4,0.444444
1,8,0.888889
0,2,0.222222
