switch_id,used_rules,usage
10,19,2.11111
9,21,2.33333
8,26,2.88889
7,30,3.33333
6,21,2.33333
5,18,2
4,23,2.55556
3,11,1.22222
2,17,1.88889
1,34,3.77778
0,13,1.44444
