switch_id,used_rules,usage
10,20,2.22222
9,22,2.44444
8,26,2.88889
7,29,3.22222
6,20,2.22222
5,19,2.11111
4,21,2.33333
3,12,1.33333
2,16,1.77778
1,32,3.55556
0,14,1.55556
