switch_id,used_rules,usage
10,4,0.444444
9,4,0.444444
8,7,0.777778
7,5,0.555556
6,2,0.222222
5,3,0.333333
4,3,0.333333
3,3,0.333333
2,5,0.555556
1,7,0.777778
0,2,0.222222
