switch_id,used_rules,usage
10,5,0.555556
9,4,0.444444
8,7,0.777778
7,6,0.666667
6,4,0.444444
5,3,0.333333
4,2,0.222222
3,4,0.444444
2,3,0.333333
1,8,0.888889
0,1,0.111111
