switch_id,used_rules,usage
10,29,3.22222
9,37,4.11111
8,34,3.77778
7,46,5.11111
6,28,3.11111
5,29,3.22222
4,37,4.11111
3,20,2.22222
2,28,3.11111
1,55,6.11111
0,19,2.11111
