switch_id,used_rules,usage
10,6,0.666667
9,6,0.666667
8,9,1
7,6,0.666667
6,5,0.555556
5,4,0.444444
4,5,0.555556
3,4,0.444444
2,5,0.555556
1,9,1
0,5,0.555556
