switch_id,used_rules,usage
10,7,0.777778
9,7,0.777778
8,9,1
7,5,0.555556
6,3,0.333333
5,2,0.222222
4,1,0.111111
3,2,0.222222
2,5,0.555556
1,9,1
0,3,0.333333
