switch_id,used_rules,usage
10,12,1.33333
9,17,1.88889
8,18,2
7,21,2.33333
6,12,1.33333
5,15,1.66667
4,14,1.55556
3,7,0.777778
2,12,1.33333
1,23,2.55556
0,10,1.11111
