switch_id,used_rules,usage
10,0,0
9,2,0.222222
8,3,0.333333
7,1,0.111111
6,1,0.111111
5,2,0.222222
4,3,0.333333
3,2,0.222222
2,3,0.333333
1,4,0.444444
0,1,0.111111
