switch_id,used_rules,usage
10,5,0.555556
9,3,0.333333
8,6,0.666667
7,5,0.555556
6,3,0.333333
5,3,0.333333
4,5,0.555556
3,3,0.333333
2,5,0.555556
1,7,0.777778
0,2,0.222222
