switch_id,used_rules,usage
10,5,0.555556
9,4,0.444444
8,6,0.666667
7,4,0.444444
6,3,0.333333
5,2,0.222222
4,3,0.333333
3,2,0.222222
2,3,0.333333
1,9,1
0,2,0.222222
