switch_id,used_rules,usage
10,2,0.222222
9,2,0.222222
8,5,0.555556
7,4,0.444444
6,2,0.222222
5,1,0.111111
4,3,0.333333
3,2,0.222222
2,2,0.222222
1,6,0.666667
0,1,0.111111
