switch_id,used_rules,usage
10,15,1.66667
9,20,2.22222
8,23,2.55556
7,26,2.88889
6,18,2
5,16,1.77778
4,17,1.88889
3,11,1.22222
2,14,1.55556
1,31,3.44444
0,13,1.44444
