switch_id,used_rules,usage
10,6,0.666667
9,6,0.666667
8,8,0.888889
7,2,0.222222
6,5,0.555556
5,2,0.222222
4,3,0.333333
3,3,0.333333
2,5,0.555556
1,8,0.888889
0,4,0.444444
