switch_id,used_rules,usage
10,4,0.444444
9,4,0.444444
8,7,0.777778
7,6,0.666667
6,4,0.444444
5,3,0.333333
4,4,0.444444
3,1,0.111111
2,4,0.444444
1,8,0.888889
0,4,0.444444
