switch_id,used_rules,usage
10,2,0.222222
9,4,0.444444
8,4,0.444444
7,2,0.222222
6,2,0.222222
5,0,0
4,0,0
3,1,0.111111
2,3,0.333333
1,3,0.333333
0,3,0.333333
