source,destination,length,path
8,1,1,8,1,21.1765
8,1,2,8,5,1,8.82353
2,3,1,2,3,17.6471
2,3,2,2,5,3,12.3529
6,7,1,6,7,19.4118
6,7,2,6,0,7,1.76471
6,7,2,6,9,7,3.52941
6,7,2,6,10,7,5.29412
9,2,1,9,2,17.6471
9,2,3,9,6,4,2,7.05882
9,2,3,9,7,4,2,5.29412
8,10,1,8,10,19.3642
8,10,2,8,7,10,2.97911
8,10,3,8,0,7,10,1.48955
8,10,3,8,5,2,10,1.48955
1,7,1,1,7,13.406
1,7,2,1,10,7,5.95821
1,7,2,1,9,7,5.95821
1,4,1,1,4,14.7466
1,4,3,1,10,6,4,4.02179
1,4,3,1,9,6,4,2.6812
1,4,2,1,7,4,1.3406
0,6,1,0,6,20.5558
0,6,2,0,7,6,1.28474
2,4,1,2,4,16.1616
2,4,2,2,5,4,2.30881
2,4,3,2,10,6,4,1.1544
5,7,1,5,7,17.1299
5,7,3,5,2,10,7,1.07062
0,9,1,0,9,12.8474
0,9,2,0,7,9,5.35308
9,10,1,9,10,19.4118
9,10,2,9,6,10,7.05882
9,10,2,9,1,10,3.52941
4,7,1,4,7,16.0872
4,7,3,4,2,10,7,1.00545
3,4,1,3,4,11.7302
3,4,2,3,5,4,4.8876
8,7,1,8,7,13.0336
8,7,2,8,0,7,2.79291
10,2,1,10,2,15.6682
4,5,1,4,5,12.3819
4,5,2,4,3,5,2.65327
1,2,1,1,2,21.1765
1,2,2,1,5,2,3.52941
1,2,3,1,8,5,2,1.76471
1,2,4,1,7,4,3,2,1.76471
1,2,2,1,9,2,1.76471
10,1,1,10,1,15.8824
10,1,2,10,9,1,10.5882
10,1,2,10,7,1,1.76471
10,1,3,10,6,9,1,1.76471
8,9,1,8,9,21.1765
8,9,2,8,0,9,3.52941
8,9,3,8,5,2,9,1.76471
8,9,3,8,0,7,9,1.76471
8,9,3,8,10,6,9,1.76471
0,8,1,0,8,21.1765
0,8,2,0,7,8,5.29412
0,8,2,0,9,8,3.52941
8,6,1,8,6,21.1765
8,6,3,8,5,4,6,3.52941
8,6,2,8,7,6,3.52941
8,6,3,8,0,7,6,1.76471
1,5,1,1,5,17.6471
1,5,2,1,8,5,3.52941
1,5,2,1,7,5,3.52941
1,5,3,1,9,7,5,3.52941
1,5,3,1,10,7,5,1.76471
1,3,1,1,3,21.1765
1,3,2,1,4,3,5.29412
1,3,4,1,10,6,4,3,1.76471
1,3,4,1,9,7,4,3,1.76471
