switch_id,used_rules,usage
10,5,0.555556
9,4,0.444444
8,6,0.666667
7,2,0.222222
6,4,0.444444
5,3,0.333333
4,1,0.111111
3,3,0.333333
2,4,0.444444
1,8,0.888889
0,2,0.222222
