switch_id,used_rules,usage
10,17,1.88889
9,20,2.22222
8,23,2.55556
7,25,2.77778
6,18,2
5,16,1.77778
4,20,2.22222
3,9,1
2,16,1.77778
1,30,3.33333
0,14,1.55556
