switch_id,used_rules,usage
10,4,0.444444
9,3,0.333333
8,6,0.666667
7,2,0.222222
6,2,0.222222
5,0,0
4,0,0
3,1,0.111111
2,2,0.222222
1,3,0.333333
0,1,0.111111
