switch_id,used_rules,usage
10,18,2
9,20,2.22222
8,21,2.33333
7,27,3
6,17,1.88889
5,13,1.44444
4,18,2
3,11,1.22222
2,16,1.77778
1,30,3.33333
0,13,1.44444
