source,destination,length,path
8,1,1,8,1,20
8,1,2,8,5,1,6.66667
8,1,3,8,0,7,1,3.33333
2,3,1,2,3,20
2,3,2,2,5,3,10
6,7,1,6,7,20
6,7,2,6,0,7,3.33333
6,7,2,6,9,7,3.33333
6,7,2,6,10,7,3.33333
9,2,1,9,2,20
9,2,3,9,6,4,2,3.33333
9,2,3,9,7,4,2,3.33333
9,2,4,9,7,4,3,2,3.33333
8,10,1,8,10,19.6952
8,10,2,8,7,10,5.6272
1,7,1,1,7,16.8816
1,7,2,1,10,7,5.6272
1,7,2,1,9,7,2.8136
1,4,1,1,4,15.1934
1,4,3,1,10,6,4,2.53224
1,4,3,1,9,6,4,5.06448
0,6,1,0,6,16.9871
0,6,2,0,7,6,4.85346
2,4,1,2,4,15.2638
2,4,2,2,5,4,4.36108
5,7,1,5,7,16.1782
5,7,3,5,2,10,7,2.02227
0,9,1,0,9,16.1782
0,9,2,0,7,9,2.02227
9,10,1,9,10,20
9,10,2,9,6,10,6.66667
9,10,2,9,1,10,3.33333
4,7,1,4,7,17.0926
3,4,1,3,4,12.925
3,4,2,3,5,4,3.69285
8,7,1,8,7,12.3095
8,7,2,8,0,7,3.517
10,2,1,10,2,15.6682
4,5,1,4,5,11.694
4,5,2,4,3,5,3.34115
1,2,1,1,2,23.3333
1,2,2,1,5,2,3.33333
1,2,4,1,10,6,4,2,3.33333
10,1,1,10,1,16.6667
10,1,2,10,9,1,10
10,1,2,10,7,1,3.33333
8,9,1,8,9,23.3333
8,9,2,8,7,9,3.33333
8,9,3,8,5,2,9,3.33333
0,8,1,0,8,23.3333
0,8,2,0,7,8,3.33333
0,8,2,0,9,8,3.33333
8,6,1,8,6,23.3333
8,6,2,8,0,6,3.33333
8,6,3,8,5,4,6,3.33333
1,5,1,1,5,16.6667
1,5,2,1,8,5,3.33333
1,5,3,1,9,7,5,6.66667
1,5,2,1,7,5,3.33333
1,3,1,1,3,23.3333
1,3,2,1,4,3,3.33333
1,3,3,1,8,5,3,3.33333
