source,destination,length,path
8,1,1,8,1,28.2589
8,1,2,8,7,1,5.37625
8,1,2,8,5,1,13.3929
8,1,3,8,5,4,1,2.12373
8,1,2,8,10,1,0.650506
8,1,3,8,5,2,1,2.12373
8,1,3,8,0,7,1,5.54846
8,1,2,8,9,1,1.30101
8,1,3,8,7,4,1,4.89796
2,3,1,2,3,20.0829
2,3,2,2,5,3,14.949
2,3,2,2,4,3,0.61862
6,7,1,6,7,24.5217
6,7,2,6,9,7,1.74106
6,7,2,6,0,7,2.12373
6,7,2,6,10,7,5.0255
6,7,2,6,4,7,1.74106
9,2,1,9,2,25.3061
9,2,3,9,6,4,2,4.4579
9,2,3,9,7,4,2,2.90178
8,10,1,8,10,24.4898
8,10,3,8,0,7,10,2.04082
1,7,1,1,7,16.3265
1,7,2,1,10,7,8.16326
1,7,2,1,9,7,2.04082
1,4,1,1,4,16.5306
1,4,3,1,9,7,4,1.83673
1,4,3,1,9,6,4,1.83673
1,4,3,1,10,6,4,3.67347
0,6,1,0,6,19.3622
0,6,2,0,7,6,3.52041
2,4,1,2,4,17.3979
2,4,3,2,10,6,4,1.58163
2,4,2,2,5,4,1.58163
5,7,1,5,7,19.0689
0,9,1,0,9,14.6684
0,9,2,0,7,9,4.40051
9,10,1,9,10,27.6084
9,10,2,9,6,10,14.7194
9,10,2,9,1,10,5.43366
9,10,2,9,7,10,12.5956
4,7,1,4,7,17.9082
3,4,1,3,4,14.7321
3,4,2,3,5,4,2.67857
8,7,1,8,7,12.7551
8,7,2,8,0,7,2.55102
8,7,2,8,5,7,1.27551
10,2,1,10,2,16.4158
4,5,1,4,5,14.5408
4,5,2,4,3,5,1.21173
1,2,1,1,2,28.3291
1,2,2,1,5,2,6.3903
1,2,2,1,10,2,2.84438
1,2,4,1,10,7,4,2,1.42219
1,2,3,1,7,5,2,1.42219
1,2,2,1,9,2,1.42219
1,2,3,1,7,4,2,2.84438
1,2,2,1,4,2,1.42219
10,1,1,10,1,21.6518
10,1,2,10,7,1,3.80739
10,1,2,10,9,1,13.5714
10,1,3,10,6,4,1,3.80739
10,1,2,10,2,1,1.26913
8,9,1,8,9,27.9464
8,9,2,8,0,9,4.92346
8,9,3,8,0,7,9,2.46173
8,9,2,8,6,9,4.58545
8,9,3,8,0,6,9,1.23086
8,9,2,8,10,9,1.23086
8,9,3,8,5,2,9,1.23086
0,8,1,0,8,27.8189
0,8,2,0,7,8,4.66836
0,8,2,0,6,8,3.50127
0,8,2,0,9,8,6.79208
8,6,1,8,6,25.4145
8,6,2,8,7,6,4.10713
8,6,2,8,0,6,3.08035
8,6,3,8,5,4,6,6.30102
8,6,2,8,10,6,2.05357
1,5,1,1,5,20.5867
1,5,2,1,8,5,2.12373
1,5,3,1,9,7,5,3.92219
1,5,2,1,7,5,6.04591
1,5,2,1,3,5,3.92219
1,5,3,1,10,7,5,1.79846
1,5,2,1,4,5,0.899232
1,3,1,1,3,24.8342
1,3,2,1,4,3,7.51912
1,3,4,1,9,7,4,3,0.899232
1,3,4,1,9,6,4,3,3.02296
1,3,4,1,10,6,4,3,2.12373
1,3,2,1,5,3,0.899232
