switch_id,used_rules,usage
10,17,1.88889
9,22,2.44444
8,24,2.66667
7,28,3.11111
6,20,2.22222
5,17,1.88889
4,22,2.44444
3,11,1.22222
2,15,1.66667
1,34,3.77778
0,13,1.44444
