switch_id,used_rules,usage
10,3,0.333333
9,4,0.444444
8,5,0.555556
7,2,0.222222
6,2,0.222222
5,2,0.222222
4,1,0.111111
3,2,0.222222
2,5,0.555556
1,4,0.444444
0,2,0.222222
