switch_id,used_rules,usage
10,3,0.333333
9,1,0.111111
8,2,0.222222
7,0,0
6,0,0
5,1,0.111111
4,0,0
3,2,0.222222
2,2,0.222222
1,5,0.555556
0,0,0
