switch_id,used_rules,usage
10,3,0.333333
9,4,0.444444
8,5,0.555556
7,3,0.333333
6,3,0.333333
5,2,0.222222
4,1,0.111111
3,2,0.222222
2,4,0.444444
1,5,0.555556
0,3,0.333333
