switch_id,used_rules,usage
10,5,0.555556
9,5,0.555556
8,7,0.777778
7,3,0.333333
6,5,0.555556
5,1,0.111111
4,2,0.222222
3,3,0.333333
2,5,0.555556
1,7,0.777778
0,4,0.444444
