switch_id,used_rules,usage
10,5,0.555556
9,5,0.555556
8,9,1
7,4,0.444444
6,5,0.555556
5,3,0.333333
4,2,0.222222
3,2,0.222222
2,4,0.444444
1,8,0.888889
0,4,0.444444
