switch_id,used_rules,usage
10,5,0.555556
9,4,0.444444
8,5,0.555556
7,2,0.222222
6,3,0.333333
5,2,0.222222
4,3,0.333333
3,3,0.333333
2,6,0.666667
1,7,0.777778
0,3,0.333333
