switch_id,used_rules,usage
10,4,0.444444
9,3,0.333333
8,5,0.555556
7,0,0
6,2,0.222222
5,1,0.111111
4,2,0.222222
3,0,0
2,3,0.333333
1,2,0.222222
0,2,0.222222
