switch_id,used_rules,usage
10,6,0.666667
9,5,0.555556
8,8,0.888889
7,6,0.666667
6,3,0.333333
5,3,0.333333
4,2,0.222222
3,3,0.333333
2,5,0.555556
1,9,1
0,3,0.333333
