source,destination,length,path
8,1,1,8,1,25.5952
8,1,2,8,7,1,15.0068
8,1,2,8,5,1,15.0068
8,1,3,8,7,4,1,1.39027
8,1,3,8,5,4,1,1.39027
8,1,4,8,0,7,4,1,1.39027
2,3,1,2,3,18.905
2,3,2,2,5,3,16.2608
6,7,1,6,7,23.9346
6,7,2,6,9,7,4.53885
6,7,2,6,0,7,1.24034
6,7,2,6,10,7,4.96136
9,2,1,9,2,24.3571
9,2,3,9,6,4,2,0.831436
9,2,3,9,7,4,2,6.20172
9,2,3,9,7,5,2,0.831436
8,10,1,8,10,26.0949
1,7,1,1,7,21.8083
1,7,2,1,10,7,4.36165
1,4,1,1,4,15.702
1,4,3,1,9,6,4,3.92549
1,4,3,1,10,6,4,3.92549
0,6,1,0,6,18.8096
0,6,2,0,7,6,3.76193
2,4,1,2,4,20.2817
5,7,1,5,7,18.8096
0,9,1,0,9,18.8096
9,10,1,9,10,26.2815
9,10,2,9,6,10,14.4616
9,10,2,9,1,10,6.22897
9,10,2,9,7,10,10.7678
9,10,3,9,0,7,10,0.845061
4,7,1,4,7,17.6647
3,4,1,3,4,14.3117
3,4,2,3,5,4,2.86234
8,7,1,8,7,5.45207
8,7,2,8,0,7,10.9041
10,2,1,10,2,16.1926
4,5,1,4,5,15.5384
1,2,1,1,2,25.5952
1,2,2,1,5,2,12.1581
1,2,2,1,4,2,4.53885
10,1,1,10,1,23.5802
10,1,2,10,9,1,11.7901
10,1,2,10,2,1,2.7124
10,1,3,10,7,4,1,2.7124
10,1,3,10,6,4,1,2.7124
8,9,1,8,9,26.0949
8,9,2,8,0,9,2.63062
8,9,3,8,0,7,9,2.63062
8,9,2,8,6,9,5.26124
8,9,2,8,7,9,2.63062
0,8,1,0,8,27.6367
0,8,2,0,7,8,4.98863
0,8,2,0,6,8,7.03317
0,8,2,0,9,8,2.49432
8,6,1,8,6,21.2478
8,6,3,8,5,4,6,6.7333
8,6,2,8,10,6,0
8,6,2,8,7,6,1.39067
8,6,2,8,0,6,1.7939
1,5,1,1,5,13.4371
1,5,2,1,3,5,9.0777
1,5,2,1,8,5,3.8437
1,5,2,1,7,5,3.78692
1,5,3,1,9,7,5,1.92185
1,5,3,1,10,7,5,4.53885
1,3,1,1,3,16.5175
1,3,2,1,4,3,5.35439
1,3,4,1,10,6,4,3,1.92185
1,3,4,1,9,6,4,3,4.53885
1,3,4,1,10,7,4,3,4.53885
1,3,3,1,9,2,3,1.92185
