switch_id,used_rules,usage
10,2,0.222222
9,3,0.333333
8,4,0.444444
7,2,0.222222
6,1,0.111111
5,0,0
4,3,0.333333
3,2,0.222222
2,2,0.222222
1,3,0.333333
0,0,0
