switch_id,used_rules,usage
10,4,0.444444
9,5,0.555556
8,8,0.888889
7,5,0.555556
6,5,0.555556
5,3,0.333333
4,3,0.333333
3,3,0.333333
2,3,0.333333
1,9,1
0,4,0.444444
