source,destination,length,path
8,1,1,8,1,20
8,1,2,8,5,1,5
8,1,3,8,0,7,1,5
2,3,1,2,3,17.5
2,3,2,2,5,3,12.5
6,7,1,6,7,17.5
6,7,2,6,0,7,2.5
6,7,2,6,9,7,5
6,7,2,6,10,7,5
9,2,1,9,2,20
9,2,3,9,6,4,2,5
9,2,3,9,7,4,2,5
8,10,1,8,10,21.102
8,10,2,8,7,10,2.1102
8,10,3,8,5,2,10,2.1102
1,7,1,1,7,12.6612
1,7,2,1,10,7,8.4408
1,7,2,1,9,7,4.2204
1,4,1,1,4,15.1934
1,4,3,1,10,6,4,1.89918
1,4,3,1,9,6,4,5.69754
0,6,1,0,6,16.3804
0,6,2,0,7,6,5.46014
2,4,1,2,4,16.354
2,4,2,2,5,4,1.6354
2,4,3,2,10,6,4,1.6354
5,7,1,5,7,16.6838
5,7,2,5,4,7,1.51671
0,9,1,0,9,16.6838
0,9,2,0,6,9,1.51671
9,10,1,9,10,17.5
9,10,2,9,6,10,7.5
9,10,2,9,1,10,2.5
9,10,2,9,7,10,2.5
4,7,1,4,7,15.6682
4,7,2,4,6,7,1.42438
3,4,1,3,4,12.4634
3,4,2,3,5,4,4.15446
8,7,1,8,7,13.1887
8,7,2,8,0,7,2.63775
10,2,1,10,2,15.6682
4,5,1,4,5,12.5293
4,5,2,4,3,5,2.50586
1,2,1,1,2,22.5
1,2,3,1,8,5,2,2.5
1,2,2,1,5,2,2.5
1,2,2,1,4,2,2.5
10,1,1,10,1,17.5
10,1,2,10,9,1,10
10,1,2,10,7,1,2.5
8,9,1,8,9,22.5
8,9,3,8,5,2,9,2.5
8,9,2,8,7,9,5
0,8,1,0,8,22.5
0,8,2,0,7,8,5
0,8,2,0,9,8,2.5
8,6,1,8,6,22.5
8,6,2,8,0,6,2.5
8,6,3,8,5,4,6,5
1,5,1,1,5,20
1,5,3,1,9,7,5,2.5
1,5,2,1,7,5,5
1,5,2,1,8,5,2.5
1,3,1,1,3,22.5
1,3,3,1,7,4,3,2.5
1,3,4,1,10,6,4,3,2.5
1,3,2,1,4,3,2.5
