switch_id,used_rules,usage
10,3,0.333333
9,3,0.333333
8,3,0.333333
7,0,0
6,2,0.222222
5,2,0.222222
4,3,0.333333
3,1,0.111111
2,5,0.555556
1,5,0.555556
0,1,0.111111
