switch_id,used_rules,usage
10,23,2.55556
9,28,3.11111
8,27,3
7,37,4.11111
6,25,2.77778
5,22,2.44444
4,34,3.77778
3,16,1.77778
2,20,2.22222
1,44,4.88889
0,16,1.77778
