switch_id,used_rules,usage
10,24,2.66667
9,28,3.11111
8,29,3.22222
7,35,3.88889
6,24,2.66667
5,21,2.33333
4,29,3.22222
3,11,1.22222
2,20,2.22222
1,42,4.66667
0,17,1.88889
