source,destination,length,path
8,1,1,8,1,25.3044
8,1,2,8,5,1,13.6364
8,1,2,8,7,1,5.45455
8,1,3,8,5,4,1,2.72727
8,1,3,8,5,2,1,5.45455
8,1,3,8,0,7,1,2.72727
8,1,3,8,7,4,1,2.72727
2,3,1,2,3,20.9214
2,3,2,2,5,3,13.1056
6,7,1,6,7,22.787
6,7,2,6,0,7,3.0502
6,7,2,6,9,7,0.968776
6,7,2,6,10,7,6.1004
6,7,2,6,4,7,0.645851
9,2,1,9,2,21.8182
9,2,3,9,6,4,2,5.45455
9,2,3,9,7,4,2,2.72727
8,10,1,8,10,25.3224
1,7,1,1,7,13.8122
1,7,2,1,9,7,9.20815
1,7,2,1,10,7,2.30204
1,4,1,1,4,14.5028
1,4,2,1,7,4,4.14367
1,4,3,1,10,6,4,4.14367
0,6,1,0,6,17.8696
0,6,2,0,7,6,3.97101
2,4,1,2,4,17.8408
2,4,2,2,5,4,1.78408
5,7,1,5,7,18.2005
0,9,1,0,9,16.5459
0,9,2,0,7,9,1.65459
9,10,1,9,10,24.328
9,10,2,9,6,10,15.2766
9,10,2,9,7,10,7.74699
9,10,2,9,1,10,7.52958
9,10,2,9,2,10,2.72727
4,7,1,4,7,17.0926
3,4,1,3,4,13.5964
3,4,2,3,5,4,3.02142
8,7,1,8,7,11.5102
8,7,2,8,0,7,4.31632
10,2,1,10,2,15.6682
4,5,1,4,5,13.6683
4,5,2,4,3,5,1.36683
1,2,1,1,2,25.3044
1,2,2,1,10,2,2.54503
1,2,2,1,5,2,1.27252
1,2,2,1,9,2,1.27252
1,2,4,1,10,6,4,2,2.72727
1,2,2,1,3,2,2.72727
1,2,4,1,9,7,5,2,1.27252
1,2,3,1,7,5,2,3.99979
1,2,4,1,10,7,4,2,1.27252
10,1,1,10,1,20.7631
10,1,2,10,9,1,13.1088
10,1,2,10,7,1,6.02686
10,1,3,10,7,4,1,1.09986
10,1,3,10,6,4,1,1.09986
8,9,1,8,9,25.9391
8,9,2,8,0,9,4.2268
8,9,3,8,0,7,9,5.45455
8,9,2,8,6,9,3.1701
8,9,3,8,5,2,9,1.0567
0,8,1,0,8,27.6367
0,8,2,0,7,8,3.93904
0,8,2,0,6,8,5.68156
0,8,2,0,9,8,2.95428
8,6,1,8,6,23.2193
8,6,2,8,10,6,0.61671
8,6,2,8,7,6,5.90319
8,6,2,8,0,6,1.65299
8,6,3,8,5,4,6,2.72727
1,5,1,1,5,24.0319
1,5,2,1,8,5,0.679394
1,5,3,1,9,7,5,0.682619
1,5,2,1,7,5,3.34875
1,5,3,1,10,7,5,1.36524
1,5,2,1,3,5,4.09251
1,3,1,1,3,18.4846
1,3,2,1,4,3,10.8016
1,3,4,1,9,7,5,3,0.682619
1,3,3,1,8,5,3,0
1,3,4,1,9,6,4,3,2.72727
1,3,4,1,10,6,4,3,0.682619
