switch_id,used_rules,usage
10,2,0.222222
9,3,0.333333
8,6,0.666667
7,2,0.222222
6,2,0.222222
5,0,0
4,0,0
3,2,0.222222
2,2,0.222222
1,2,0.222222
0,1,0.111111
