source,destination,length,path
8,1,1,8,1,21.8182
8,1,2,8,5,1,5.45455
8,1,3,8,0,7,1,2.72727
2,3,1,2,3,19.0909
2,3,2,2,5,3,10.9091
6,7,1,6,7,19.0909
6,7,2,6,0,7,2.72727
6,7,2,6,9,7,2.72727
6,7,2,6,10,7,5.45455
9,2,1,9,2,19.0909
9,2,3,9,6,4,2,10.9091
8,10,1,8,10,20.7183
8,10,2,8,7,10,2.30204
8,10,3,8,5,2,10,2.30204
1,7,1,1,7,9.20815
1,7,2,1,10,7,9.20815
1,7,2,1,9,7,6.90611
1,4,1,1,4,20.7183
1,4,3,1,10,6,4,2.07183
0,6,1,0,6,13.8985
0,6,2,0,7,6,7.94203
2,4,1,2,4,16.0567
2,4,2,2,5,4,3.56816
5,7,1,5,7,18.2005
0,9,1,0,9,16.5459
0,9,2,0,6,9,1.65459
9,10,1,9,10,19.0909
9,10,2,9,6,10,5.45455
9,10,2,9,1,10,2.72727
9,10,2,9,7,10,2.72727
4,7,1,4,7,17.0926
3,4,1,3,4,12.0857
3,4,2,3,5,4,4.53213
8,7,1,8,7,14.3877
8,7,2,8,0,7,1.43877
10,2,1,10,2,15.6682
4,5,1,4,5,12.3015
4,5,2,4,3,5,2.73367
1,2,1,1,2,21.8182
1,2,3,1,8,5,2,2.72727
1,2,2,1,5,2,5.45455
10,1,1,10,1,16.3636
10,1,2,10,9,1,10.9091
10,1,2,10,7,1,2.72727
8,9,1,8,9,21.8182
8,9,3,8,5,2,9,2.72727
8,9,2,8,7,9,2.72727
8,9,3,8,0,6,9,2.72727
0,8,1,0,8,21.8182
0,8,2,0,7,8,5.45455
0,8,2,0,9,8,2.72727
8,6,1,8,6,21.8182
8,6,2,8,0,6,2.72727
8,6,3,8,5,4,6,5.45455
1,5,1,1,5,16.3636
1,5,3,1,9,7,5,5.45455
1,5,2,1,7,5,5.45455
1,5,2,1,8,5,2.72727
1,3,1,1,3,21.8182
1,3,3,1,7,4,3,5.45455
1,3,4,1,10,6,4,3,2.72727
