switch_id,used_rules,usage
10,6,0.666667
9,3,0.333333
8,6,0.666667
7,8,0.888889
6,4,0.444444
5,4,0.444444
4,4,0.444444
3,2,0.222222
2,5,0.555556
1,9,1
0,2,0.222222
