switch_id,used_rules,usage
10,5,0.555556
9,3,0.333333
8,8,0.888889
7,5,0.555556
6,3,0.333333
5,0,0
4,3,0.333333
3,3,0.333333
2,5,0.555556
1,8,0.888889
0,2,0.222222
