switch_id,used_rules,usage
10,19,2.11111
9,21,2.33333
8,26,2.88889
7,29,3.22222
6,22,2.44444
5,19,2.11111
4,25,2.77778
3,11,1.22222
2,18,2
1,34,3.77778
0,13,1.44444
