switch_id,used_rules,usage
13,3,0.032967
12,2,0.021978
11,5,0.0549451
10,5,0.0549451
9,3,0.032967
8,3,0.032967
7,0,0
6,3,0.032967
5,2,0.021978
4,3,0.032967
3,4,0.043956
2,1,0.010989
1,2,0.021978
0,1,0.010989
