switch_id,used_rules,usage
13,1,0.010989
12,2,0.021978
11,2,0.021978
10,3,0.032967
9,4,0.043956
8,3,0.032967
7,0,0
6,2,0.021978
5,2,0.021978
4,1,0.010989
3,3,0.032967
2,1,0.010989
1,1,0.010989
0,1,0.010989
