switch_id,used_rules,usage
13,31,0.340659
12,44,0.483516
11,43,0.472527
10,38,0.417582
9,29,0.318681
8,31,0.340659
7,26,0.285714
6,40,0.43956
5,39,0.428571
4,22,0.241758
3,34,0.373626
2,38,0.417582
1,28,0.307692
0,33,0.362637
