switch_id,used_rules,usage
13,0,0
12,0,0
11,2,0.021978
10,2,0.021978
9,0,0
8,1,0.010989
7,1,0.010989
6,0,0
5,1,0.010989
4,3,0.032967
3,1,0.010989
2,1,0.010989
1,0,0
0,0,0
