switch_id,used_rules,usage
13,0,0
12,4,0.043956
11,4,0.043956
10,7,0.0769231
9,6,0.0659341
8,3,0.032967
7,4,0.043956
6,3,0.032967
5,4,0.043956
4,4,0.043956
3,3,0.032967
2,5,0.0549451
1,1,0.010989
0,0,0
