switch_id,used_rules,usage
13,1,0.010989
12,1,0.010989
11,5,0.0549451
10,0,0
9,2,0.021978
8,2,0.021978
7,1,0.010989
6,2,0.021978
5,0,0
4,3,0.032967
3,3,0.032967
2,2,0.021978
1,1,0.010989
0,0,0
