switch_id,used_rules,usage
13,2,0.021978
12,1,0.010989
11,3,0.032967
10,1,0.010989
9,2,0.021978
8,0,0
7,0,0
6,2,0.021978
5,1,0.010989
4,3,0.032967
3,1,0.010989
2,0,0
1,1,0.010989
0,1,0.010989
