switch_id,used_rules,usage
13,1,0.010989
12,1,0.010989
11,2,0.021978
10,3,0.032967
9,3,0.032967
8,0,0
7,0,0
6,1,0.010989
5,1,0.010989
4,2,0.021978
3,2,0.021978
2,1,0.010989
1,2,0.021978
0,0,0
