switch_id,used_rules,usage
13,28,0.307692
12,41,0.450549
11,40,0.43956
10,36,0.395604
9,28,0.307692
8,30,0.32967
7,25,0.274725
6,38,0.417582
5,35,0.384615
4,21,0.230769
3,31,0.340659
2,36,0.395604
1,25,0.274725
0,30,0.32967
