switch_id,used_rules,usage
13,31,0.340659
12,44,0.483516
11,40,0.43956
10,36,0.395604
9,27,0.296703
8,32,0.351648
7,25,0.274725
6,40,0.43956
5,38,0.417582
4,22,0.241758
3,32,0.351648
2,36,0.395604
1,26,0.285714
0,32,0.351648
