switch_id,used_rules,usage
13,3,0.032967
12,0,0
11,3,0.032967
10,4,0.043956
9,1,0.010989
8,0,0
7,3,0.032967
6,0,0
5,5,0.0549451
4,1,0.010989
3,1,0.010989
2,1,0.010989
1,2,0.021978
0,2,0.021978
