switch_id,used_rules,usage
13,3,0.032967
12,2,0.021978
11,3,0.032967
10,3,0.032967
9,5,0.0549451
8,1,0.010989
7,0,0
6,4,0.043956
5,1,0.010989
4,2,0.021978
3,2,0.021978
2,0,0
1,4,0.043956
0,2,0.021978
