switch_id,used_rules,usage
13,1,0.010989
12,1,0.010989
11,1,0.010989
10,3,0.032967
9,0,0
8,2,0.021978
7,0,0
6,1,0.010989
5,2,0.021978
4,2,0.021978
3,1,0.010989
2,0,0
1,0,0
0,1,0.010989
