switch_id,used_rules,usage
13,1,0.010989
12,4,0.043956
11,4,0.043956
10,1,0.010989
9,2,0.021978
8,0,0
7,1,0.010989
6,4,0.043956
5,1,0.010989
4,2,0.021978
3,1,0.010989
2,4,0.043956
1,2,0.021978
0,0,0
