switch_id,used_rules,usage
13,1,0.010989
12,2,0.021978
11,5,0.0549451
10,4,0.043956
9,4,0.043956
8,2,0.021978
7,0,0
6,4,0.043956
5,2,0.021978
4,4,0.043956
3,4,0.043956
2,2,0.021978
1,0,0
0,1,0.010989
