switch_id,used_rules,usage
13,27,0.296703
12,42,0.461538
11,39,0.428571
10,36,0.395604
9,29,0.318681
8,31,0.340659
7,26,0.285714
6,39,0.428571
5,35,0.384615
4,21,0.230769
3,33,0.362637
2,37,0.406593
1,25,0.274725
0,29,0.318681
