switch_id,used_rules,usage
13,1,0.010989
12,1,0.010989
11,2,0.021978
10,1,0.010989
9,2,0.021978
8,0,0
7,0,0
6,1,0.010989
5,0,0
4,1,0.010989
3,2,0.021978
2,0,0
1,2,0.021978
0,1,0.010989
