switch_id,used_rules,usage
13,2,0.021978
12,1,0.010989
11,3,0.032967
10,4,0.043956
9,4,0.043956
8,0,0
7,2,0.021978
6,3,0.032967
5,1,0.010989
4,4,0.043956
3,2,0.021978
2,2,0.021978
1,2,0.021978
0,3,0.032967
