switch_id,used_rules,usage
13,2,0.021978
12,0,0
11,1,0.010989
10,3,0.032967
9,3,0.032967
8,0,0
7,1,0.010989
6,0,0
5,1,0.010989
4,1,0.010989
3,1,0.010989
2,1,0.010989
1,1,0.010989
0,0,0
