switch_id,used_rules,usage
13,3,0.032967
12,1,0.010989
11,1,0.010989
10,4,0.043956
9,3,0.032967
8,3,0.032967
7,0,0
6,2,0.021978
5,3,0.032967
4,2,0.021978
3,2,0.021978
2,0,0
1,3,0.032967
0,2,0.021978
