switch_id,used_rules,usage
13,1,0.010989
12,2,0.021978
11,6,0.0659341
10,4,0.043956
9,1,0.010989
8,1,0.010989
7,1,0.010989
6,2,0.021978
5,4,0.043956
4,3,0.032967
3,4,0.043956
2,3,0.032967
1,3,0.032967
0,2,0.021978
