switch_id,used_rules,usage
13,1,0.010989
12,0,0
11,2,0.021978
10,2,0.021978
9,2,0.021978
8,3,0.032967
7,2,0.021978
6,2,0.021978
5,0,0
4,1,0.010989
3,1,0.010989
2,2,0.021978
1,0,0
0,1,0.010989
