switch_id,used_rules,usage
13,2,0.021978
12,2,0.021978
11,5,0.0549451
10,6,0.0659341
9,5,0.0549451
8,1,0.010989
7,1,0.010989
6,3,0.032967
5,2,0.021978
4,3,0.032967
3,5,0.0549451
2,1,0.010989
1,3,0.032967
0,1,0.010989
