switch_id,used_rules,usage
13,3,0.032967
12,3,0.032967
11,4,0.043956
10,2,0.021978
9,3,0.032967
8,0,0
7,0,0
6,3,0.032967
5,4,0.043956
4,2,0.021978
3,2,0.021978
2,3,0.032967
1,4,0.043956
0,1,0.010989
