switch_id,used_rules,usage
13,30,0.32967
12,43,0.472527
11,42,0.461538
10,37,0.406593
9,29,0.318681
8,32,0.351648
7,25,0.274725
6,40,0.43956
5,37,0.406593
4,22,0.241758
3,34,0.373626
2,37,0.406593
1,26,0.285714
0,32,0.351648
