switch_id,used_rules,usage
13,4,0.043956
12,3,0.032967
11,4,0.043956
10,6,0.0659341
9,4,0.043956
8,1,0.010989
7,2,0.021978
6,2,0.021978
5,5,0.0549451
4,2,0.021978
3,2,0.021978
2,2,0.021978
1,4,0.043956
0,1,0.010989
