switch_id,used_rules,usage
13,2,0.021978
12,2,0.021978
11,2,0.021978
10,1,0.010989
9,2,0.021978
8,3,0.032967
7,1,0.010989
6,3,0.032967
5,3,0.032967
4,1,0.010989
3,4,0.043956
2,1,0.010989
1,2,0.021978
0,2,0.021978
