switch_id,used_rules,usage
13,1,0.010989
12,0,0
11,2,0.021978
10,4,0.043956
9,4,0.043956
8,5,0.0549451
7,1,0.010989
6,2,0.021978
5,2,0.021978
4,2,0.021978
3,4,0.043956
2,1,0.010989
1,0,0
0,0,0
