switch_id,used_rules,usage
13,4,0.043956
12,0,0
11,4,0.043956
10,1,0.010989
9,1,0.010989
8,2,0.021978
7,2,0.021978
6,1,0.010989
5,3,0.032967
4,0,0
3,3,0.032967
2,2,0.021978
1,2,0.021978
0,0,0
