switch_id,used_rules,usage
13,2,0.021978
12,1,0.010989
11,4,0.043956
10,0,0
9,1,0.010989
8,1,0.010989
7,1,0.010989
6,1,0.010989
5,1,0.010989
4,2,0.021978
3,2,0.021978
2,2,0.021978
1,3,0.032967
0,1,0.010989
