switch_id,used_rules,usage
13,2,0.021978
12,1,0.010989
11,3,0.032967
10,4,0.043956
9,2,0.021978
8,3,0.032967
7,1,0.010989
6,1,0.010989
5,3,0.032967
4,3,0.032967
3,2,0.021978
2,3,0.032967
1,1,0.010989
0,1,0.010989
