switch_id,used_rules,usage
13,2,0.021978
12,3,0.032967
11,3,0.032967
10,4,0.043956
9,5,0.0549451
8,1,0.010989
7,1,0.010989
6,3,0.032967
5,2,0.021978
4,2,0.021978
3,4,0.043956
2,2,0.021978
1,2,0.021978
0,1,0.010989
