switch_id,used_rules,usage
13,0,0
12,0,0
11,2,0.021978
10,4,0.043956
9,2,0.021978
8,1,0.010989
7,0,0
6,0,0
5,1,0.010989
4,1,0.010989
3,2,0.021978
2,0,0
1,1,0.010989
0,1,0.010989
