switch_id,used_rules,usage
13,1,0.010989
12,2,0.021978
11,5,0.0549451
10,8,0.0879121
9,4,0.043956
8,1,0.010989
7,0,0
6,2,0.021978
5,2,0.021978
4,6,0.0659341
3,1,0.010989
2,2,0.021978
1,1,0.010989
0,1,0.010989
