switch_id,used_rules,usage
13,26,0.285714
12,40,0.43956
11,39,0.428571
10,34,0.373626
9,26,0.285714
8,30,0.32967
7,25,0.274725
6,37,0.406593
5,35,0.384615
4,21,0.230769
3,31,0.340659
2,35,0.384615
1,24,0.263736
0,29,0.318681
