switch_id,used_rules,usage
13,71,0.78022
12,70,0.769231
11,80,0.879121
10,54,0.593407
9,49,0.538462
8,41,0.450549
7,54,0.593407
6,58,0.637363
5,81,0.89011
4,38,0.417582
3,57,0.626374
2,70,0.769231
1,63,0.692308
0,67,0.736264
