switch_id,used_rules,usage
13,1,0.010989
12,1,0.010989
11,3,0.032967
10,5,0.0549451
9,5,0.0549451
8,3,0.032967
7,1,0.010989
6,5,0.0549451
5,2,0.021978
4,0,0
3,3,0.032967
2,3,0.032967
1,2,0.021978
0,0,0
