switch_id,used_rules,usage
13,2,0.021978
12,4,0.043956
11,4,0.043956
10,7,0.0769231
9,6,0.0659341
8,3,0.032967
7,1,0.010989
6,5,0.0549451
5,5,0.0549451
4,3,0.032967
3,3,0.032967
2,3,0.032967
1,1,0.010989
0,1,0.010989
