switch_id,used_rules,usage
13,3,0.032967
12,4,0.043956
11,6,0.0659341
10,4,0.043956
9,4,0.043956
8,1,0.010989
7,0,0
6,2,0.021978
5,4,0.043956
4,4,0.043956
3,4,0.043956
2,2,0.021978
1,3,0.032967
0,3,0.032967
