switch_id,used_rules,usage
13,29,0.318681
12,42,0.461538
11,40,0.43956
10,35,0.384615
9,28,0.307692
8,30,0.32967
7,25,0.274725
6,39,0.428571
5,34,0.373626
4,20,0.21978
3,32,0.351648
2,35,0.384615
1,26,0.285714
0,31,0.340659
