switch_id,used_rules,usage
13,0,0
12,2,0.021978
11,2,0.021978
10,5,0.0549451
9,3,0.032967
8,5,0.0549451
7,0,0
6,3,0.032967
5,1,0.010989
4,3,0.032967
3,1,0.010989
2,2,0.021978
1,1,0.010989
0,0,0
