switch_id,used_rules,usage
13,2,0.021978
12,2,0.021978
11,2,0.021978
10,2,0.021978
9,2,0.021978
8,2,0.021978
7,0,0
6,1,0.010989
5,0,0
4,2,0.021978
3,2,0.021978
2,2,0.021978
1,2,0.021978
0,1,0.010989
