switch_id,used_rules,usage
13,2,0.021978
12,2,0.021978
11,2,0.021978
10,3,0.032967
9,3,0.032967
8,2,0.021978
7,2,0.021978
6,4,0.043956
5,3,0.032967
4,1,0.010989
3,0,0
2,1,0.010989
1,1,0.010989
0,1,0.010989
