switch_id,used_rules,usage
13,1,0.010989
12,2,0.021978
11,1,0.010989
10,6,0.0659341
9,6,0.0659341
8,2,0.021978
7,1,0.010989
6,5,0.0549451
5,2,0.021978
4,2,0.021978
3,1,0.010989
2,1,0.010989
1,2,0.021978
0,4,0.043956
