switch_id,used_rules,usage
13,0,0
12,1,0.010989
11,3,0.032967
10,2,0.021978
9,4,0.043956
8,2,0.021978
7,0,0
6,3,0.032967
5,0,0
4,4,0.043956
3,3,0.032967
2,1,0.010989
1,1,0.010989
0,0,0
