switch_id,used_rules,usage
13,1,0.010989
12,1,0.010989
11,3,0.032967
10,1,0.010989
9,1,0.010989
8,0,0
7,0,0
6,1,0.010989
5,1,0.010989
4,1,0.010989
3,1,0.010989
2,0,0
1,5,0.0549451
0,2,0.021978
