switch_id,used_rules,usage
13,28,0.307692
12,42,0.461538
11,42,0.461538
10,37,0.406593
9,29,0.318681
8,31,0.340659
7,26,0.285714
6,39,0.428571
5,36,0.395604
4,21,0.230769
3,34,0.373626
2,37,0.406593
1,26,0.285714
0,31,0.340659
