switch_id,used_rules,usage
13,35,0.384615
12,46,0.505495
11,38,0.417582
10,38,0.417582
9,29,0.318681
8,31,0.340659
7,28,0.307692
6,42,0.461538
5,42,0.461538
4,21,0.230769
3,34,0.373626
2,37,0.406593
1,28,0.307692
0,35,0.384615
