switch_id,used_rules,usage
13,2,0.021978
12,0,0
11,6,0.0659341
10,4,0.043956
9,3,0.032967
8,2,0.021978
7,0,0
6,1,0.010989
5,2,0.021978
4,3,0.032967
3,3,0.032967
2,0,0
1,4,0.043956
0,2,0.021978
