switch_id,used_rules,usage
13,29,0.318681
12,42,0.461538
11,43,0.472527
10,35,0.384615
9,26,0.285714
8,32,0.351648
7,26,0.285714
6,38,0.417582
5,35,0.384615
4,22,0.241758
3,32,0.351648
2,38,0.417582
1,26,0.285714
0,31,0.340659
