switch_id,used_rules,usage
13,0,0
12,0,0
11,2,0.021978
10,3,0.032967
9,2,0.021978
8,2,0.021978
7,1,0.010989
6,2,0.021978
5,2,0.021978
4,2,0.021978
3,1,0.010989
2,1,0.010989
1,3,0.032967
0,3,0.032967
