switch_id,used_rules,usage
13,4,0.043956
12,2,0.021978
11,4,0.043956
10,4,0.043956
9,2,0.021978
8,3,0.032967
7,0,0
6,3,0.032967
5,3,0.032967
4,1,0.010989
3,2,0.021978
2,2,0.021978
1,2,0.021978
0,2,0.021978
