switch_id,used_rules,usage
13,1,0.010989
12,1,0.010989
11,4,0.043956
10,4,0.043956
9,3,0.032967
8,1,0.010989
7,0,0
6,2,0.021978
5,1,0.010989
4,5,0.0549451
3,2,0.021978
2,1,0.010989
1,1,0.010989
0,1,0.010989
