switch_id,used_rules,usage
13,3,0.032967
12,1,0.010989
11,5,0.0549451
10,3,0.032967
9,2,0.021978
8,1,0.010989
7,1,0.010989
6,1,0.010989
5,3,0.032967
4,5,0.0549451
3,3,0.032967
2,0,0
1,3,0.032967
0,3,0.032967
