switch_id,used_rules,usage
13,2,0.021978
12,3,0.032967
11,1,0.010989
10,6,0.0659341
9,3,0.032967
8,2,0.021978
7,3,0.032967
6,2,0.021978
5,4,0.043956
4,1,0.010989
3,0,0
2,2,0.021978
1,2,0.021978
0,2,0.021978
