switch_id,used_rules,usage
13,0,0
12,0,0
11,2,0.021978
10,3,0.032967
9,3,0.032967
8,0,0
7,0,0
6,2,0.021978
5,0,0
4,3,0.032967
3,0,0
2,1,0.010989
1,1,0.010989
0,1,0.010989
