switch_id,used_rules,usage
13,1,0.010989
12,1,0.010989
11,5,0.0549451
10,2,0.021978
9,3,0.032967
8,2,0.021978
7,1,0.010989
6,3,0.032967
5,2,0.021978
4,5,0.0549451
3,2,0.021978
2,1,0.010989
1,1,0.010989
0,1,0.010989
