switch_id,used_rules,usage
13,2,0.021978
12,1,0.010989
11,4,0.043956
10,5,0.0549451
9,5,0.0549451
8,1,0.010989
7,2,0.021978
6,2,0.021978
5,3,0.032967
4,6,0.0659341
3,1,0.010989
2,2,0.021978
1,1,0.010989
0,0,0
