switch_id,used_rules,usage
13,3,0.032967
12,2,0.021978
11,5,0.0549451
10,3,0.032967
9,2,0.021978
8,2,0.021978
7,1,0.010989
6,0,0
5,2,0.021978
4,4,0.043956
3,4,0.043956
2,3,0.032967
1,3,0.032967
0,2,0.021978
