switch_id,used_rules,usage
13,58,0.637363
12,63,0.692308
11,67,0.736264
10,49,0.538462
9,46,0.505495
8,35,0.384615
7,45,0.494505
6,53,0.582418
5,69,0.758242
4,34,0.373626
3,49,0.538462
2,61,0.67033
1,50,0.549451
0,56,0.615385
