switch_id,used_rules,usage
13,31,0.340659
12,45,0.494505
11,42,0.461538
10,36,0.395604
9,27,0.296703
8,32,0.351648
7,27,0.296703
6,42,0.461538
5,38,0.417582
4,22,0.241758
3,34,0.373626
2,37,0.406593
1,26,0.285714
0,33,0.362637
