switch_id,used_rules,usage
13,30,0.32967
12,43,0.472527
11,41,0.450549
10,37,0.406593
9,29,0.318681
8,30,0.32967
7,26,0.285714
6,40,0.43956
5,38,0.417582
4,21,0.230769
3,33,0.362637
2,37,0.406593
1,27,0.296703
0,31,0.340659
