switch_id,used_rules,usage
13,0,0
12,0,0
11,2,0.021978
10,7,0.0769231
9,4,0.043956
8,6,0.0659341
7,3,0.032967
6,3,0.032967
5,4,0.043956
4,2,0.021978
3,2,0.021978
2,1,0.010989
1,0,0
0,0,0
