switch_id,used_rules,usage
13,0,0
12,1,0.010989
11,2,0.021978
10,6,0.0659341
9,6,0.0659341
8,0,0
7,1,0.010989
6,3,0.032967
5,3,0.032967
4,1,0.010989
3,3,0.032967
2,2,0.021978
1,0,0
0,0,0
