switch_id,used_rules,usage
13,1,0.010989
12,4,0.043956
11,2,0.021978
10,2,0.021978
9,3,0.032967
8,1,0.010989
7,1,0.010989
6,4,0.043956
5,1,0.010989
4,3,0.032967
3,0,0
2,3,0.032967
1,1,0.010989
0,2,0.021978
