switch_id,used_rules,usage
13,1,0.010989
12,2,0.021978
11,4,0.043956
10,1,0.010989
9,2,0.021978
8,1,0.010989
7,0,0
6,2,0.021978
5,1,0.010989
4,2,0.021978
3,1,0.010989
2,1,0.010989
1,2,0.021978
0,3,0.032967
