switch_id,used_rules,usage
13,2,0.021978
12,1,0.010989
11,9,0.0989011
10,3,0.032967
9,3,0.032967
8,0,0
7,1,0.010989
6,0,0
5,2,0.021978
4,3,0.032967
3,4,0.043956
2,2,0.021978
1,6,0.0659341
0,3,0.032967
