switch_id,used_rules,usage
13,1,0.010989
12,1,0.010989
11,4,0.043956
10,4,0.043956
9,3,0.032967
8,0,0
7,0,0
6,2,0.021978
5,2,0.021978
4,4,0.043956
3,3,0.032967
2,0,0
1,3,0.032967
0,0,0
