switch_id,used_rules,usage
13,32,0.351648
12,44,0.483516
11,43,0.472527
10,38,0.417582
9,28,0.307692
8,33,0.362637
7,25,0.274725
6,40,0.43956
5,39,0.428571
4,22,0.241758
3,35,0.384615
2,37,0.406593
1,28,0.307692
0,33,0.362637
