switch_id,used_rules,usage
13,2,0.021978
12,1,0.010989
11,3,0.032967
10,8,0.0879121
9,5,0.0549451
8,5,0.0549451
7,1,0.010989
6,5,0.0549451
5,4,0.043956
4,2,0.021978
3,4,0.043956
2,2,0.021978
1,2,0.021978
0,2,0.021978
