switch_id,used_rules,usage
13,28,0.307692
12,42,0.461538
11,40,0.43956
10,35,0.384615
9,28,0.307692
8,29,0.318681
7,27,0.296703
6,39,0.428571
5,37,0.406593
4,22,0.241758
3,31,0.340659
2,37,0.406593
1,25,0.274725
0,30,0.32967
