switch_id,used_rules,usage
13,3,0.032967
12,6,0.0659341
11,4,0.043956
10,3,0.032967
9,2,0.021978
8,2,0.021978
7,3,0.032967
6,4,0.043956
5,1,0.010989
4,2,0.021978
3,1,0.010989
2,4,0.043956
1,6,0.0659341
0,6,0.0659341
