switch_id,used_rules,usage
13,28,0.307692
12,42,0.461538
11,38,0.417582
10,35,0.384615
9,27,0.296703
8,31,0.340659
7,25,0.274725
6,38,0.417582
5,35,0.384615
4,20,0.21978
3,32,0.351648
2,35,0.384615
1,24,0.263736
0,30,0.32967
