switch_id,used_rules,usage
13,28,0.307692
12,42,0.461538
11,40,0.43956
10,35,0.384615
9,28,0.307692
8,30,0.32967
7,25,0.274725
6,39,0.428571
5,34,0.373626
4,20,0.21978
3,31,0.340659
2,35,0.384615
1,25,0.274725
0,30,0.32967
