switch_id,used_rules,usage
13,1,0.010989
12,0,0
11,3,0.032967
10,1,0.010989
9,3,0.032967
8,1,0.010989
7,2,0.021978
6,2,0.021978
5,2,0.021978
4,1,0.010989
3,3,0.032967
2,1,0.010989
1,1,0.010989
0,0,0
