switch_id,used_rules,usage
13,0,0
12,2,0.021978
11,4,0.043956
10,4,0.043956
9,4,0.043956
8,2,0.021978
7,0,0
6,3,0.032967
5,1,0.010989
4,3,0.032967
3,2,0.021978
2,1,0.010989
1,1,0.010989
0,0,0
