switch_id,used_rules,usage
13,1,0.010989
12,1,0.010989
11,2,0.021978
10,1,0.010989
9,3,0.032967
8,1,0.010989
7,0,0
6,1,0.010989
5,0,0
4,2,0.021978
3,3,0.032967
2,0,0
1,1,0.010989
0,0,0
