switch_id,used_rules,usage
13,2,0.021978
12,2,0.021978
11,5,0.0549451
10,8,0.0879121
9,5,0.0549451
8,3,0.032967
7,3,0.032967
6,4,0.043956
5,6,0.0659341
4,6,0.0659341
3,2,0.021978
2,2,0.021978
1,4,0.043956
0,1,0.010989
