switch_id,used_rules,usage
13,28,0.307692
12,42,0.461538
11,40,0.43956
10,37,0.406593
9,28,0.307692
8,31,0.340659
7,26,0.285714
6,38,0.417582
5,37,0.406593
4,21,0.230769
3,32,0.351648
2,37,0.406593
1,26,0.285714
0,29,0.318681
