switch_id,used_rules,usage
13,0,0
12,1,0.010989
11,2,0.021978
10,5,0.0549451
9,5,0.0549451
8,3,0.032967
7,0,0
6,4,0.043956
5,2,0.021978
4,2,0.021978
3,2,0.021978
2,1,0.010989
1,0,0
0,0,0
