switch_id,used_rules,usage
13,1,0.010989
12,0,0
11,6,0.0659341
10,2,0.021978
9,3,0.032967
8,2,0.021978
7,0,0
6,1,0.010989
5,0,0
4,4,0.043956
3,5,0.0549451
2,1,0.010989
1,1,0.010989
0,0,0
