switch_id,used_rules,usage
13,0,0
12,0,0
11,2,0.021978
10,4,0.043956
9,4,0.043956
8,2,0.021978
7,1,0.010989
6,2,0.021978
5,1,0.010989
4,3,0.032967
3,1,0.010989
2,1,0.010989
1,1,0.010989
0,1,0.010989
