switch_id,used_rules,usage
13,26,0.285714
12,38,0.417582
11,38,0.417582
10,33,0.362637
9,25,0.274725
8,30,0.32967
7,24,0.263736
6,35,0.384615
5,32,0.351648
4,20,0.21978
3,30,0.32967
2,34,0.373626
1,24,0.263736
0,29,0.318681
