switch_id,used_rules,usage
13,4,0.043956
12,4,0.043956
11,5,0.0549451
10,3,0.032967
9,4,0.043956
8,3,0.032967
7,1,0.010989
6,6,0.0659341
5,4,0.043956
4,2,0.021978
3,4,0.043956
2,2,0.021978
1,3,0.032967
0,3,0.032967
