switch_id,used_rules,usage
13,2,0.021978
12,2,0.021978
11,4,0.043956
10,5,0.0549451
9,6,0.0659341
8,2,0.021978
7,0,0
6,4,0.043956
5,3,0.032967
4,3,0.032967
3,3,0.032967
2,0,0
1,4,0.043956
0,3,0.032967
