switch_id,used_rules,usage
13,2,0.021978
12,0,0
11,0,0
10,3,0.032967
9,3,0.032967
8,1,0.010989
7,0,0
6,3,0.032967
5,3,0.032967
4,0,0
3,0,0
2,0,0
1,1,0.010989
0,1,0.010989
