switch_id,used_rules,usage
13,3,0.032967
12,5,0.0549451
11,5,0.0549451
10,2,0.021978
9,4,0.043956
8,2,0.021978
7,1,0.010989
6,6,0.0659341
5,2,0.021978
4,1,0.010989
3,2,0.021978
2,1,0.010989
1,4,0.043956
0,4,0.043956
