switch_id,used_rules,usage
13,2,0.021978
12,2,0.021978
11,2,0.021978
10,3,0.032967
9,3,0.032967
8,1,0.010989
7,0,0
6,2,0.021978
5,3,0.032967
4,2,0.021978
3,0,0
2,1,0.010989
1,1,0.010989
0,2,0.021978
