switch_id,used_rules,usage
13,29,0.318681
12,42,0.461538
11,40,0.43956
10,36,0.395604
9,28,0.307692
8,31,0.340659
7,25,0.274725
6,39,0.428571
5,35,0.384615
4,21,0.230769
3,32,0.351648
2,36,0.395604
1,25,0.274725
0,31,0.340659
