switch_id,used_rules,usage
13,26,0.285714
12,38,0.417582
11,36,0.395604
10,32,0.351648
9,25,0.274725
8,29,0.318681
7,23,0.252747
6,35,0.384615
5,31,0.340659
4,18,0.197802
3,29,0.318681
2,33,0.362637
1,24,0.263736
0,29,0.318681
