switch_id,used_rules,usage
13,1,0.010989
12,1,0.010989
11,1,0.010989
10,3,0.032967
9,3,0.032967
8,0,0
7,0,0
6,0,0
5,2,0.021978
4,1,0.010989
3,2,0.021978
2,1,0.010989
1,0,0
0,1,0.010989
