switch_id,used_rules,usage
13,0,0
12,1,0.010989
11,4,0.043956
10,4,0.043956
9,3,0.032967
8,2,0.021978
7,1,0.010989
6,1,0.010989
5,2,0.021978
4,0,0
3,2,0.021978
2,3,0.032967
1,2,0.021978
0,1,0.010989
