switch_id,used_rules,usage
13,25,0.274725
12,41,0.450549
11,41,0.450549
10,33,0.362637
9,26,0.285714
8,29,0.318681
7,25,0.274725
6,36,0.395604
5,33,0.362637
4,21,0.230769
3,32,0.351648
2,37,0.406593
1,23,0.252747
0,29,0.318681
