switch_id,used_rules,usage
13,2,0.021978
12,2,0.021978
11,4,0.043956
10,2,0.021978
9,0,0
8,1,0.010989
7,0,0
6,1,0.010989
5,2,0.021978
4,2,0.021978
3,2,0.021978
2,2,0.021978
1,1,0.010989
0,1,0.010989
