switch_id,used_rules,usage
13,3,0.032967
12,0,0
11,4,0.043956
10,4,0.043956
9,2,0.021978
8,2,0.021978
7,2,0.021978
6,2,0.021978
5,4,0.043956
4,3,0.032967
3,0,0
2,1,0.010989
1,4,0.043956
0,1,0.010989
