switch_id,used_rules,usage
13,35,0.384615
12,47,0.516484
11,43,0.472527
10,38,0.417582
9,30,0.32967
8,34,0.373626
7,29,0.318681
6,44,0.483516
5,42,0.461538
4,21,0.230769
3,38,0.417582
2,40,0.43956
1,28,0.307692
0,35,0.384615
