switch_id,used_rules,usage
13,0,0
12,1,0.010989
11,2,0.021978
10,0,0
9,1,0.010989
8,1,0.010989
7,0,0
6,1,0.010989
5,0,0
4,0,0
3,2,0.021978
2,0,0
1,2,0.021978
0,0,0
