switch_id,used_rules,usage
13,27,0.296703
12,41,0.450549
11,36,0.395604
10,33,0.362637
9,26,0.285714
8,31,0.340659
7,24,0.263736
6,37,0.406593
5,34,0.373626
4,18,0.197802
3,31,0.340659
2,34,0.373626
1,24,0.263736
0,29,0.318681
