switch_id,used_rules,usage
13,1,0.010989
12,0,0
11,1,0.010989
10,1,0.010989
9,2,0.021978
8,0,0
7,0,0
6,1,0.010989
5,2,0.021978
4,0,0
3,2,0.021978
2,0,0
1,2,0.021978
0,0,0
