switch_id,used_rules,usage
13,33,0.362637
12,45,0.494505
11,42,0.461538
10,38,0.417582
9,30,0.32967
8,31,0.340659
7,28,0.307692
6,42,0.461538
5,40,0.43956
4,22,0.241758
3,34,0.373626
2,38,0.417582
1,28,0.307692
0,34,0.373626
