switch_id,used_rules,usage
13,1,0.010989
12,1,0.010989
11,3,0.032967
10,2,0.021978
9,2,0.021978
8,2,0.021978
7,0,0
6,1,0.010989
5,1,0.010989
4,1,0.010989
3,3,0.032967
2,1,0.010989
1,2,0.021978
0,1,0.010989
