switch_id,used_rules,usage
13,2,0.021978
12,0,0
11,3,0.032967
10,3,0.032967
9,4,0.043956
8,1,0.010989
7,0,0
6,1,0.010989
5,2,0.021978
4,2,0.021978
3,2,0.021978
2,1,0.010989
1,3,0.032967
0,1,0.010989
