switch_id,used_rules,usage
13,2,0.021978
12,3,0.032967
11,1,0.010989
10,6,0.0659341
9,7,0.0769231
8,2,0.021978
7,0,0
6,4,0.043956
5,3,0.032967
4,0,0
3,1,0.010989
2,0,0
1,3,0.032967
0,3,0.032967
