switch_id,used_rules,usage
13,1,0.010989
12,2,0.021978
11,5,0.0549451
10,5,0.0549451
9,4,0.043956
8,4,0.043956
7,2,0.021978
6,2,0.021978
5,4,0.043956
4,2,0.021978
3,2,0.021978
2,2,0.021978
1,1,0.010989
0,0,0
