switch_id,used_rules,usage
13,1,0.010989
12,1,0.010989
11,5,0.0549451
10,4,0.043956
9,3,0.032967
8,1,0.010989
7,0,0
6,0,0
5,1,0.010989
4,1,0.010989
3,4,0.043956
2,1,0.010989
1,7,0.0769231
0,3,0.032967
