switch_id,used_rules,usage
13,1,0.010989
12,1,0.010989
11,3,0.032967
10,2,0.021978
9,2,0.021978
8,1,0.010989
7,0,0
6,2,0.021978
5,2,0.021978
4,2,0.021978
3,2,0.021978
2,1,0.010989
1,3,0.032967
0,2,0.021978
