switch_id,used_rules,usage
13,2,0.021978
12,2,0.021978
11,3,0.032967
10,6,0.0659341
9,4,0.043956
8,2,0.021978
7,0,0
6,4,0.043956
5,3,0.032967
4,1,0.010989
3,2,0.021978
2,1,0.010989
1,4,0.043956
0,2,0.021978
