switch_id,used_rules,usage
13,2,0.021978
12,2,0.021978
11,4,0.043956
10,3,0.032967
9,3,0.032967
8,2,0.021978
7,2,0.021978
6,1,0.010989
5,0,0
4,2,0.021978
3,3,0.032967
2,2,0.021978
1,2,0.021978
0,1,0.010989
