switch_id,used_rules,usage
13,37,0.406593
12,44,0.483516
11,46,0.505495
10,40,0.43956
9,32,0.351648
8,31,0.340659
7,27,0.296703
6,42,0.461538
5,43,0.472527
4,25,0.274725
3,35,0.384615
2,38,0.417582
1,31,0.340659
0,36,0.395604
