switch_id,used_rules,usage
13,2,0.021978
12,1,0.010989
11,3,0.032967
10,3,0.032967
9,3,0.032967
8,1,0.010989
7,0,0
6,2,0.021978
5,2,0.021978
4,2,0.021978
3,2,0.021978
2,0,0
1,2,0.021978
0,1,0.010989
