switch_id,used_rules,usage
13,4,0.043956
12,4,0.043956
11,4,0.043956
10,3,0.032967
9,3,0.032967
8,3,0.032967
7,1,0.010989
6,3,0.032967
5,2,0.021978
4,2,0.021978
3,3,0.032967
2,2,0.021978
1,2,0.021978
0,3,0.032967
