switch_id,used_rules,usage
13,0,0
12,2,0.021978
11,1,0.010989
10,1,0.010989
9,1,0.010989
8,0,0
7,0,0
6,3,0.032967
5,1,0.010989
4,0,0
3,0,0
2,1,0.010989
1,0,0
0,0,0
