switch_id,used_rules,usage
13,1,0.010989
12,0,0
11,3,0.032967
10,3,0.032967
9,3,0.032967
8,1,0.010989
7,0,0
6,3,0.032967
5,2,0.021978
4,3,0.032967
3,4,0.043956
2,0,0
1,1,0.010989
0,2,0.021978
