switch_id,used_rules,usage
13,1,0.010989
12,1,0.010989
11,2,0.021978
10,4,0.043956
9,5,0.0549451
8,1,0.010989
7,1,0.010989
6,3,0.032967
5,2,0.021978
4,2,0.021978
3,1,0.010989
2,0,0
1,2,0.021978
0,1,0.010989
