switch_id,used_rules,usage
13,3,0.032967
12,0,0
11,3,0.032967
10,3,0.032967
9,2,0.021978
8,2,0.021978
7,1,0.010989
6,1,0.010989
5,5,0.0549451
4,1,0.010989
3,3,0.032967
2,0,0
1,4,0.043956
0,0,0
