switch_id,used_rules,usage
13,1,0.010989
12,1,0.010989
11,2,0.021978
10,7,0.0769231
9,5,0.0549451
8,1,0.010989
7,0,0
6,2,0.021978
5,4,0.043956
4,4,0.043956
3,2,0.021978
2,0,0
1,1,0.010989
0,1,0.010989
