switch_id,used_rules,usage
13,3,0.032967
12,2,0.021978
11,4,0.043956
10,3,0.032967
9,3,0.032967
8,2,0.021978
7,1,0.010989
6,3,0.032967
5,3,0.032967
4,3,0.032967
3,1,0.010989
2,1,0.010989
1,4,0.043956
0,1,0.010989
