switch_id,used_rules,usage
13,1,0.010989
12,3,0.032967
11,2,0.021978
10,4,0.043956
9,4,0.043956
8,1,0.010989
7,0,0
6,3,0.032967
5,2,0.021978
4,2,0.021978
3,2,0.021978
2,3,0.032967
1,0,0
0,2,0.021978
