switch_id,used_rules,usage
13,2,0.021978
12,1,0.010989
11,4,0.043956
10,4,0.043956
9,4,0.043956
8,1,0.010989
7,1,0.010989
6,2,0.021978
5,3,0.032967
4,2,0.021978
3,3,0.032967
2,2,0.021978
1,1,0.010989
0,1,0.010989
