switch_id,used_rules,usage
13,2,0.021978
12,2,0.021978
11,2,0.021978
10,5,0.0549451
9,7,0.0769231
8,1,0.010989
7,1,0.010989
6,4,0.043956
5,3,0.032967
4,1,0.010989
3,2,0.021978
2,0,0
1,3,0.032967
0,3,0.032967
