switch_id,used_rules,usage
13,0,0
12,1,0.010989
11,3,0.032967
10,2,0.021978
9,2,0.021978
8,2,0.021978
7,2,0.021978
6,2,0.021978
5,2,0.021978
4,2,0.021978
3,2,0.021978
2,1,0.010989
1,1,0.010989
0,1,0.010989
