switch_id,used_rules,usage
13,34,0.373626
12,42,0.461538
11,44,0.483516
10,39,0.428571
9,29,0.318681
8,32,0.351648
7,26,0.285714
6,39,0.428571
5,39,0.428571
4,23,0.252747
3,35,0.384615
2,37,0.406593
1,30,0.32967
0,33,0.362637
