switch_id,used_rules,usage
13,2,0.021978
12,2,0.021978
11,3,0.032967
10,2,0.021978
9,5,0.0549451
8,3,0.032967
7,2,0.021978
6,4,0.043956
5,2,0.021978
4,1,0.010989
3,3,0.032967
2,2,0.021978
1,2,0.021978
0,1,0.010989
