switch_id,used_rules,usage
13,3,0.032967
12,1,0.010989
11,2,0.021978
10,8,0.0879121
9,6,0.0659341
8,0,0
7,1,0.010989
6,3,0.032967
5,5,0.0549451
4,2,0.021978
3,3,0.032967
2,0,0
1,1,0.010989
0,0,0
