switch_id,used_rules,usage
13,4,0.043956
12,4,0.043956
11,3,0.032967
10,6,0.0659341
9,8,0.0879121
8,3,0.032967
7,1,0.010989
6,6,0.0659341
5,5,0.0549451
4,4,0.043956
3,2,0.021978
2,0,0
1,2,0.021978
0,5,0.0549451
