switch_id,used_rules,usage
13,1,0.010989
12,1,0.010989
11,1,0.010989
10,3,0.032967
9,3,0.032967
8,0,0
7,1,0.010989
6,2,0.021978
5,1,0.010989
4,3,0.032967
3,1,0.010989
2,0,0
1,2,0.021978
0,1,0.010989
