switch_id,used_rules,usage
13,51,0.56044
12,61,0.67033
11,64,0.703297
10,46,0.505495
9,42,0.461538
8,36,0.395604
7,45,0.494505
6,52,0.571429
5,64,0.703297
4,32,0.351648
3,47,0.516484
2,60,0.659341
1,44,0.483516
0,49,0.538462
