switch_id,used_rules,usage
13,0,0
12,0,0
11,3,0.032967
10,3,0.032967
9,5,0.0549451
8,1,0.010989
7,1,0.010989
6,2,0.021978
5,0,0
4,2,0.021978
3,2,0.021978
2,1,0.010989
1,2,0.021978
0,1,0.010989
