switch_id,used_rules,usage
13,36,0.395604
12,45,0.494505
11,44,0.483516
10,39,0.428571
9,30,0.32967
8,34,0.373626
7,30,0.32967
6,44,0.483516
5,44,0.483516
4,24,0.263736
3,36,0.395604
2,40,0.43956
1,29,0.318681
0,34,0.373626
