switch_id,used_rules,usage
13,2,0.021978
12,3,0.032967
11,3,0.032967
10,4,0.043956
9,5,0.0549451
8,1,0.010989
7,1,0.010989
6,4,0.043956
5,4,0.043956
4,3,0.032967
3,1,0.010989
2,1,0.010989
1,3,0.032967
0,2,0.021978
