switch_id,used_rules,usage
13,3,0.032967
12,4,0.043956
11,5,0.0549451
10,4,0.043956
9,3,0.032967
8,2,0.021978
7,0,0
6,3,0.032967
5,2,0.021978
4,4,0.043956
3,3,0.032967
2,3,0.032967
1,4,0.043956
0,2,0.021978
