switch_id,used_rules,usage
13,27,0.296703
12,40,0.43956
11,37,0.406593
10,33,0.362637
9,28,0.307692
8,25,0.274725
7,24,0.263736
6,35,0.384615
5,34,0.373626
4,20,0.21978
3,29,0.318681
2,34,0.373626
1,26,0.285714
0,29,0.318681
