switch_id,used_rules,usage
13,3,0.032967
12,2,0.021978
11,7,0.0769231
10,3,0.032967
9,4,0.043956
8,1,0.010989
7,0,0
6,2,0.021978
5,3,0.032967
4,3,0.032967
3,5,0.0549451
2,2,0.021978
1,3,0.032967
0,0,0
