switch_id,used_rules,usage
13,29,0.318681
12,44,0.483516
11,42,0.461538
10,37,0.406593
9,29,0.318681
8,32,0.351648
7,27,0.296703
6,40,0.43956
5,38,0.417582
4,21,0.230769
3,34,0.373626
2,39,0.428571
1,27,0.296703
0,31,0.340659
