switch_id,used_rules,usage
13,3,0.032967
12,3,0.032967
11,8,0.0879121
10,2,0.021978
9,1,0.010989
8,0,0
7,3,0.032967
6,0,0
5,4,0.043956
4,4,0.043956
3,4,0.043956
2,5,0.0549451
1,3,0.032967
0,2,0.021978
