switch_id,used_rules,usage
13,1,0.010989
12,2,0.021978
11,4,0.043956
10,4,0.043956
9,2,0.021978
8,0,0
7,0,0
6,2,0.021978
5,2,0.021978
4,3,0.032967
3,1,0.010989
2,3,0.032967
1,2,0.021978
0,2,0.021978
