switch_id,used_rules,usage
13,3,0.032967
12,2,0.021978
11,7,0.0769231
10,3,0.032967
9,4,0.043956
8,1,0.010989
7,0,0
6,4,0.043956
5,3,0.032967
4,4,0.043956
3,3,0.032967
2,2,0.021978
1,7,0.0769231
0,2,0.021978
