switch_id,used_rules,usage
13,0,0
12,1,0.010989
11,1,0.010989
10,5,0.0549451
9,3,0.032967
8,2,0.021978
7,1,0.010989
6,1,0.010989
5,2,0.021978
4,1,0.010989
3,3,0.032967
2,1,0.010989
1,1,0.010989
0,1,0.010989
