switch_id,used_rules,usage
13,1,0.010989
12,2,0.021978
11,3,0.032967
10,1,0.010989
9,1,0.010989
8,0,0
7,0,0
6,1,0.010989
5,1,0.010989
4,1,0.010989
3,4,0.043956
2,1,0.010989
1,1,0.010989
0,2,0.021978
