switch_id,used_rules,usage
13,3,0.032967
12,2,0.021978
11,3,0.032967
10,4,0.043956
9,6,0.0659341
8,4,0.043956
7,2,0.021978
6,4,0.043956
5,4,0.043956
4,3,0.032967
3,5,0.0549451
2,2,0.021978
1,1,0.010989
0,1,0.010989
