switch_id,used_rules,usage
13,4,0.043956
12,2,0.021978
11,7,0.0769231
10,8,0.0879121
9,6,0.0659341
8,3,0.032967
7,2,0.021978
6,6,0.0659341
5,6,0.0659341
4,3,0.032967
3,6,0.0659341
2,3,0.032967
1,4,0.043956
0,2,0.021978
