switch_id,used_rules,usage
13,1,0.010989
12,4,0.043956
11,5,0.0549451
10,7,0.0769231
9,7,0.0769231
8,4,0.043956
7,0,0
6,4,0.043956
5,2,0.021978
4,2,0.021978
3,5,0.0549451
2,3,0.032967
1,3,0.032967
0,2,0.021978
