switch_id,used_rules,usage
13,1,0.010989
12,1,0.010989
11,4,0.043956
10,5,0.0549451
9,3,0.032967
8,2,0.021978
7,1,0.010989
6,2,0.021978
5,2,0.021978
4,3,0.032967
3,2,0.021978
2,3,0.032967
1,0,0
0,0,0
