switch_id,used_rules,usage
13,5,0.0549451
12,4,0.043956
11,3,0.032967
10,5,0.0549451
9,4,0.043956
8,1,0.010989
7,1,0.010989
6,3,0.032967
5,3,0.032967
4,2,0.021978
3,1,0.010989
2,2,0.021978
1,3,0.032967
0,4,0.043956
