switch_id,used_rules,usage
13,28,0.307692
12,39,0.428571
11,37,0.406593
10,32,0.351648
9,27,0.296703
8,28,0.307692
7,23,0.252747
6,36,0.395604
5,32,0.351648
4,19,0.208791
3,30,0.32967
2,33,0.362637
1,24,0.263736
0,30,0.32967
