switch_id,used_rules,usage
13,31,0.340659
12,43,0.472527
11,41,0.450549
10,39,0.428571
9,29,0.318681
8,32,0.351648
7,27,0.296703
6,40,0.43956
5,38,0.417582
4,22,0.241758
3,35,0.384615
2,37,0.406593
1,27,0.296703
0,31,0.340659
