switch_id,used_rules,usage
13,27,0.296703
12,40,0.43956
11,37,0.406593
10,34,0.373626
9,27,0.296703
8,28,0.307692
7,24,0.263736
6,36,0.395604
5,35,0.384615
4,20,0.21978
3,29,0.318681
2,34,0.373626
1,24,0.263736
0,29,0.318681
