switch_id,used_rules,usage
13,0,0
12,0,0
11,2,0.021978
10,5,0.0549451
9,3,0.032967
8,2,0.021978
7,4,0.043956
6,0,0
5,3,0.032967
4,1,0.010989
3,2,0.021978
2,2,0.021978
1,0,0
0,0,0
