switch_id,used_rules,usage
13,30,0.32967
12,42,0.461538
11,40,0.43956
10,38,0.417582
9,30,0.32967
8,30,0.32967
7,26,0.285714
6,39,0.428571
5,36,0.395604
4,20,0.21978
3,34,0.373626
2,36,0.395604
1,27,0.296703
0,31,0.340659
