switch_id,used_rules,usage
13,35,0.384615
12,47,0.516484
11,44,0.483516
10,39,0.428571
9,30,0.32967
8,35,0.384615
7,26,0.285714
6,45,0.494505
5,42,0.461538
4,23,0.252747
3,37,0.406593
2,38,0.417582
1,28,0.307692
0,35,0.384615
