switch_id,used_rules,usage
13,2,0.021978
12,2,0.021978
11,3,0.032967
10,6,0.0659341
9,8,0.0879121
8,3,0.032967
7,2,0.021978
6,6,0.0659341
5,2,0.021978
4,4,0.043956
3,3,0.032967
2,2,0.021978
1,2,0.021978
0,1,0.010989
