switch_id,used_rules,usage
13,0,0
12,1,0.010989
11,0,0
10,2,0.021978
9,1,0.010989
8,1,0.010989
7,0,0
6,2,0.021978
5,0,0
4,1,0.010989
3,0,0
2,0,0
1,0,0
0,0,0
