switch_id,used_rules,usage
13,0,0
12,0,0
11,0,0
10,3,0.032967
9,1,0.010989
8,1,0.010989
7,2,0.021978
6,1,0.010989
5,2,0.021978
4,1,0.010989
3,1,0.010989
2,0,0
1,0,0
0,0,0
