switch_id,used_rules,usage
13,28,0.307692
12,40,0.43956
11,40,0.43956
10,34,0.373626
9,26,0.285714
8,30,0.32967
7,25,0.274725
6,37,0.406593
5,35,0.384615
4,21,0.230769
3,32,0.351648
2,35,0.384615
1,26,0.285714
0,31,0.340659
