switch_id,used_rules,usage
13,3,0.032967
12,2,0.021978
11,6,0.0659341
10,5,0.0549451
9,6,0.0659341
8,4,0.043956
7,1,0.010989
6,4,0.043956
5,3,0.032967
4,3,0.032967
3,3,0.032967
2,3,0.032967
1,4,0.043956
0,1,0.010989
