switch_id,used_rules,usage
13,3,0.032967
12,0,0
11,0,0
10,2,0.021978
9,3,0.032967
8,2,0.021978
7,1,0.010989
6,3,0.032967
5,3,0.032967
4,0,0
3,1,0.010989
2,0,0
1,2,0.021978
0,1,0.010989
