switch_id,used_rules,usage
13,3,0.032967
12,1,0.010989
11,2,0.021978
10,2,0.021978
9,2,0.021978
8,2,0.021978
7,0,0
6,3,0.032967
5,3,0.032967
4,1,0.010989
3,2,0.021978
2,0,0
1,3,0.032967
0,2,0.021978
