switch_id,used_rules,usage
13,0,0
12,1,0.010989
11,1,0.010989
10,2,0.021978
9,6,0.0659341
8,1,0.010989
7,0,0
6,4,0.043956
5,1,0.010989
4,0,0
3,2,0.021978
2,1,0.010989
1,1,0.010989
0,0,0
