switch_id,used_rules,usage
13,0,0
12,1,0.010989
11,2,0.021978
10,1,0.010989
9,3,0.032967
8,1,0.010989
7,0,0
6,2,0.021978
5,1,0.010989
4,0,0
3,3,0.032967
2,1,0.010989
1,0,0
0,0,0
