switch_id,used_rules,usage
13,43,0.472527
12,50,0.549451
11,49,0.538462
10,38,0.417582
9,30,0.32967
8,34,0.373626
7,32,0.351648
6,46,0.505495
5,48,0.527473
4,26,0.285714
3,34,0.373626
2,44,0.483516
1,36,0.395604
0,40,0.43956
