switch_id,used_rules,usage
13,26,0.285714
12,40,0.43956
11,37,0.406593
10,33,0.362637
9,27,0.296703
8,27,0.296703
7,26,0.285714
6,37,0.406593
5,34,0.373626
4,18,0.197802
3,28,0.307692
2,35,0.384615
1,24,0.263736
0,28,0.307692
