switch_id,used_rules,usage
13,30,0.32967
12,42,0.461538
11,40,0.43956
10,36,0.395604
9,28,0.307692
8,30,0.32967
7,24,0.263736
6,37,0.406593
5,36,0.395604
4,22,0.241758
3,32,0.351648
2,36,0.395604
1,27,0.296703
0,32,0.351648
