switch_id,used_rules,usage
13,2,0.021978
12,2,0.021978
11,3,0.032967
10,5,0.0549451
9,4,0.043956
8,2,0.021978
7,1,0.010989
6,4,0.043956
5,3,0.032967
4,3,0.032967
3,3,0.032967
2,1,0.010989
1,2,0.021978
0,1,0.010989
