switch_id,used_rules,usage
13,4,0.043956
12,0,0
11,2,0.021978
10,4,0.043956
9,3,0.032967
8,5,0.0549451
7,1,0.010989
6,1,0.010989
5,3,0.032967
4,1,0.010989
3,3,0.032967
2,0,0
1,1,0.010989
0,1,0.010989
