switch_id,used_rules,usage
13,4,0.043956
12,3,0.032967
11,5,0.0549451
10,6,0.0659341
9,8,0.0879121
8,3,0.032967
7,5,0.0549451
6,7,0.0769231
5,7,0.0769231
4,3,0.032967
3,4,0.043956
2,4,0.043956
1,2,0.021978
0,3,0.032967
