switch_id,used_rules,usage
13,3,0.032967
12,3,0.032967
11,4,0.043956
10,4,0.043956
9,1,0.010989
8,0,0
7,1,0.010989
6,2,0.021978
5,3,0.032967
4,3,0.032967
3,1,0.010989
2,2,0.021978
1,3,0.032967
0,1,0.010989
