switch_id,used_rules,usage
13,3,0.032967
12,4,0.043956
11,6,0.0659341
10,3,0.032967
9,1,0.010989
8,2,0.021978
7,0,0
6,3,0.032967
5,1,0.010989
4,4,0.043956
3,3,0.032967
2,0,0
1,4,0.043956
0,6,0.0659341
