switch_id,used_rules,usage
13,0,0
12,2,0.021978
11,4,0.043956
10,3,0.032967
9,3,0.032967
8,1,0.010989
7,0,0
6,1,0.010989
5,1,0.010989
4,3,0.032967
3,3,0.032967
2,1,0.010989
1,0,0
0,1,0.010989
