switch_id,used_rules,usage
13,1,0.010989
12,1,0.010989
11,3,0.032967
10,5,0.0549451
9,4,0.043956
8,2,0.021978
7,1,0.010989
6,3,0.032967
5,1,0.010989
4,3,0.032967
3,2,0.021978
2,0,0
1,2,0.021978
0,1,0.010989
