switch_id,used_rules,usage
13,43,0.472527
12,55,0.604396
11,50,0.549451
10,39,0.428571
9,33,0.362637
8,34,0.373626
7,34,0.373626
6,48,0.527473
5,50,0.549451
4,26,0.285714
3,37,0.406593
2,48,0.527473
1,36,0.395604
0,43,0.472527
