switch_id,used_rules,usage
13,2,0.021978
12,4,0.043956
11,6,0.0659341
10,5,0.0549451
9,7,0.0769231
8,5,0.0549451
7,1,0.010989
6,5,0.0549451
5,2,0.021978
4,2,0.021978
3,5,0.0549451
2,3,0.032967
1,1,0.010989
0,2,0.021978
