switch_id,used_rules,usage
13,28,0.307692
12,43,0.472527
11,41,0.450549
10,37,0.406593
9,30,0.32967
8,31,0.340659
7,27,0.296703
6,40,0.43956
5,36,0.395604
4,20,0.21978
3,35,0.384615
2,38,0.417582
1,26,0.285714
0,31,0.340659
