switch_id,used_rules,usage
13,1,0.010989
12,0,0
11,1,0.010989
10,4,0.043956
9,4,0.043956
8,3,0.032967
7,0,0
6,4,0.043956
5,1,0.010989
4,2,0.021978
3,2,0.021978
2,0,0
1,0,0
0,0,0
