switch_id,used_rules,usage
13,1,0.010989
12,3,0.032967
11,6,0.0659341
10,3,0.032967
9,6,0.0659341
8,2,0.021978
7,0,0
6,5,0.0549451
5,1,0.010989
4,3,0.032967
3,4,0.043956
2,3,0.032967
1,1,0.010989
0,2,0.021978
