switch_id,used_rules,usage
13,0,0
12,3,0.032967
11,7,0.0769231
10,1,0.010989
9,0,0
8,1,0.010989
7,1,0.010989
6,1,0.010989
5,0,0
4,3,0.032967
3,1,0.010989
2,4,0.043956
1,4,0.043956
0,3,0.032967
