switch_id,used_rules,usage
13,3,0.032967
12,1,0.010989
11,5,0.0549451
10,8,0.0879121
9,5,0.0549451
8,3,0.032967
7,2,0.021978
6,2,0.021978
5,5,0.0549451
4,3,0.032967
3,4,0.043956
2,2,0.021978
1,4,0.043956
0,1,0.010989
