switch_id,used_rules,usage
13,3,0.032967
12,2,0.021978
11,4,0.043956
10,3,0.032967
9,0,0
8,2,0.021978
7,1,0.010989
6,0,0
5,4,0.043956
4,2,0.021978
3,1,0.010989
2,1,0.010989
1,5,0.0549451
0,1,0.010989
