switch_id,used_rules,usage
10,11,1
9,11,1
8,13,1.18182
7,11,1
6,11,1
5,10,0.909091
4,8,0.727273
3,10,0.909091
2,13,1.18182
1,8,0.727273
0,16,1.45455
