source,destination,length,path
0,1,1,0,1,1
0,4,2,0,7,4,0.5
0,4,2,0,2,4,1
0,4,2,0,8,4,2.498e-16
0,5,2,0,9,5,1
0,5,2,0,2,5,-5.55112e-16
0,5,3,0,8,3,5,0.5
0,7,1,0,7,0.5
0,7,2,0,10,7,0.5
0,7,2,0,1,7,-1.21431e-17
0,7,3,0,8,3,7,0.5
0,7,3,0,6,4,7,0.5
1,2,1,1,2,0.5
4,5,1,4,5,1
4,6,1,4,6,1
3,4,1,3,4,0.5
3,9,1,3,9,0.5
0,10,1,0,10,0.5
10,5,1,10,5,1
10,5,2,10,1,5,0.5
10,6,1,10,6,1
0,6,1,0,6,0.5
6,8,1,6,8,1
6,8,2,6,4,8,0.5
6,8,2,6,9,8,0.5
2,9,1,2,9,1
2,9,2,2,8,9,0.5
2,9,2,2,5,9,0.5
2,9,2,2,1,9,2.5834e-16
2,9,3,2,1,3,9,0.5
1,9,1,1,9,1
3,8,1,3,8,0.5
7,9,1,7,9,1
7,9,2,7,5,9,0.5
2,3,2,2,1,3,0.5
2,6,2,2,7,6,1
2,6,2,2,8,6,5.44009e-16
2,6,3,2,4,3,6,-4.92463e-16
2,6,3,2,10,3,6,0.5
2,6,2,2,10,6,3.11319e-16
10,8,1,10,8,1
10,8,2,10,3,8,0.5
10,8,3,10,7,4,8,0.5
10,8,3,10,1,4,8,-1.84286e-15
10,8,2,10,2,8,0.5
6,7,1,6,7,1
6,7,2,6,3,7,0.5
6,7,2,6,4,7,-4.56675e-16
