switch_id,used_rules,usage
10,12,1.09091
9,11,1
8,14,1.27273
7,12,1.09091
6,15,1.36364
5,8,0.727273
4,11,1
3,11,1
2,14,1.27273
1,9,0.818182
0,13,1.18182
