switch_id,used_rules,usage
10,7,0.636364
9,10,0.909091
8,11,1
7,10,0.909091
6,10,0.909091
5,7,0.636364
4,7,0.636364
3,8,0.727273
2,8,0.727273
1,4,0.363636
0,12,1.09091
