source,destination,length,path
0,1,1,0,1,1
0,4,2,0,7,4,1
0,4,2,0,2,4,0.5
0,4,2,0,8,4,1.16018e-15
0,5,2,0,9,5,1
0,5,2,0,2,5,8.72318e-16
0,5,3,0,8,3,5,0.5
0,5,2,0,1,5,-2.06184e-16
0,5,3,0,6,3,5,-1.22125e-15
0,7,2,0,6,7,-1.94289e-17
0,7,2,0,10,7,0.5
0,7,2,0,9,7,6.54239e-17
0,7,3,0,2,1,7,0.5
0,7,4,0,8,3,1,7,0.5
0,7,3,0,6,3,7,0.5
1,2,1,1,2,0.5
4,5,1,4,5,1
4,6,1,4,6,1
3,4,1,3,4,0.5
3,9,1,3,9,0.5
0,10,1,0,10,0.5
10,5,1,10,5,1
10,5,2,10,1,5,-5.55112e-17
10,5,2,10,3,5,0.5
10,5,2,10,2,5,-1.05055e-15
10,6,1,10,6,1
0,6,1,0,6,0.5
6,8,1,6,8,1
6,8,2,6,4,8,6.41622e-17
6,8,2,6,9,8,1
2,9,1,2,9,1
2,9,2,2,8,9,0.5
2,9,2,2,5,9,0.5
2,9,3,2,4,1,9,-1.0177e-16
2,9,3,2,4,3,9,0.5
1,9,1,1,9,1
3,8,1,3,8,0.5
7,9,1,7,9,1
7,9,2,7,5,9,0.5
2,3,2,2,1,3,0.5
2,6,2,2,7,6,1
2,6,2,2,8,6,0.5
2,6,3,2,4,3,6,1.21569e-15
2,6,3,2,10,3,6,-9.49241e-16
2,6,2,2,10,6,-1.84575e-16
2,6,3,2,5,3,6,3.23352e-16
10,8,1,10,8,1
10,8,2,10,3,8,0.5
10,8,3,10,1,4,8,1
10,8,2,10,2,8,3.55271e-16
10,8,3,10,7,4,8,1.17961e-16
6,7,1,6,7,1
6,7,2,6,3,7,0.5
