switch_id,used_rules,usage
10,12,1.09091
9,11,1
8,12,1.09091
7,10,0.909091
6,15,1.36364
5,8,0.727273
4,10,0.909091
3,12,1.09091
2,15,1.36364
1,10,0.909091
0,13,1.18182
