source,destination,length,path
0,1,1,0,1,0.8
0,4,2,0,7,4,1
0,4,2,0,8,4,0.2
0,5,2,0,9,5,0.2
0,5,2,0,2,5,1
0,5,3,0,8,3,5,-6.38378e-16
0,7,2,0,10,7,0.6
0,7,2,0,9,7,0.8
0,7,2,0,1,7,0.2
0,7,2,0,6,7,6.76542e-17
1,2,1,1,2,0.4
4,5,1,4,5,0.8
4,6,1,4,6,0.8
3,4,1,3,4,0.4
3,9,1,3,9,0.4
0,10,1,0,10,0.4
10,5,1,10,5,1
10,5,2,10,3,5,0.2
10,6,1,10,6,0.8
0,6,1,0,6,0.4
6,8,1,6,8,1
6,8,2,6,9,8,0.6
2,9,1,2,9,1
2,9,2,2,8,9,0.6
2,9,3,2,4,8,9,0.4
1,9,1,1,9,0.8
3,8,1,3,8,0.4
7,9,1,7,9,1
7,9,2,7,5,9,0.2
2,3,2,2,8,3,0.4
2,6,2,2,7,6,1
2,6,2,2,0,6,0.2
10,8,1,10,8,1
10,8,3,10,1,4,8,0.6
10,8,2,10,3,8,0.4
6,7,1,6,7,1
6,7,2,6,3,7,0.2
