source,destination,length,path
0,1,1,0,1,1
0,4,2,0,7,4,1
0,4,2,0,2,4,0.5
0,5,2,0,9,5,1
0,5,2,0,2,5,-9.71445e-17
0,5,3,0,8,3,5,0.5
0,5,2,0,7,5,1.55629e-16
0,7,2,0,10,7,0.5
0,7,2,0,1,7,4.85723e-17
0,7,3,0,6,3,7,0.5
0,7,3,0,8,4,7,0.5
0,7,3,0,2,1,7,0.5
1,2,1,1,2,0.5
4,5,1,4,5,1
4,6,1,4,6,1
3,4,1,3,4,0.5
3,9,1,3,9,0.5
0,10,1,0,10,0.5
10,5,1,10,5,1
10,5,2,10,1,5,1.38778e-17
10,5,2,10,3,5,0.5
10,6,1,10,6,1
0,6,1,0,6,0.5
6,8,1,6,8,1
6,8,2,6,9,8,1
2,9,1,2,9,1
2,9,2,2,8,9,0.5
2,9,2,2,5,9,1
2,9,2,2,1,9,-7.03802e-17
1,9,1,1,9,1
3,8,1,3,8,0.5
7,9,1,7,9,1
7,9,2,7,5,9,-2.08167e-16
7,9,2,7,3,9,0.5
7,9,3,7,3,6,9,1.50673e-16
2,3,2,2,8,3,0.5
2,3,2,2,1,3,2.69626e-16
2,3,2,2,10,3,1.33822e-16
2,3,2,2,4,3,5.15461e-17
2,6,2,2,7,6,1
2,6,2,2,10,6,-9.07447e-17
2,6,2,2,4,6,-8.16146e-17
2,6,3,2,1,7,6,1.31839e-16
2,6,3,2,1,3,6,0.5
10,8,1,10,8,1
10,8,3,10,1,4,8,1
10,8,2,10,2,8,5.78902e-16
10,8,3,10,7,4,8,4.74819e-16
10,8,2,10,3,8,0.5
6,7,1,6,7,1
6,7,2,6,3,7,0.5
