switch_id,used_rules,usage
10,14,1.27273
9,16,1.45455
8,14,1.27273
7,13,1.18182
6,15,1.36364
5,9,0.818182
4,11,1
3,14,1.27273
2,19,1.72727
1,11,1
0,13,1.18182
