switch_id,used_rules,usage
10,66,6
9,65,5.90909
8,47,4.27273
7,91,8.27273
6,69,6.27273
5,66,6
4,74,6.72727
3,83,7.54545
2,82,7.45455
1,81,7.36364
0,87,7.90909
