switch_id,used_rules,usage
10,33,3
9,34,3.09091
8,28,2.54545
7,45,4.09091
6,39,3.54545
5,28,2.54545
4,37,3.36364
3,37,3.36364
2,38,3.45455
1,31,2.81818
0,41,3.72727
