switch_id,used_rules,usage
10,8,0.727273
9,9,0.818182
8,10,0.909091
7,10,0.909091
6,10,0.909091
5,7,0.636364
4,7,0.636364
3,6,0.545455
2,9,0.818182
1,5,0.454545
0,10,0.909091
