switch_id,used_rules,usage
10,9,0.818182
9,16,1.45455
8,11,1
7,13,1.18182
6,14,1.27273
5,7,0.636364
4,14,1.27273
3,12,1.09091
2,14,1.27273
1,10,0.909091
0,14,1.27273
