switch_id,used_rules,usage
10,10,0.909091
9,11,1
8,9,0.818182
7,11,1
6,11,1
5,9,0.818182
4,7,0.636364
3,8,0.727273
2,10,0.909091
1,9,0.818182
0,9,0.818182
