switch_id,used_rules,usage
11,25,0.757576
10,44,1.33333
9,22,0.666667
8,21,0.636364
7,29,0.878788
6,23,0.69697
5,26,0.787879
4,31,0.939394
3,24,0.727273
2,30,0.909091
1,29,0.878788
0,30,0.909091
