switch_id,used_rules,usage
11,37,1.12121
10,61,1.84848
9,30,0.909091
8,26,0.787879
7,38,1.15152
6,35,1.06061
5,35,1.06061
4,47,1.42424
3,41,1.24242
2,41,1.24242
1,39,1.18182
0,41,1.24242
