switch_id,used_rules,usage
11,52,1.57576
10,91,2.75758
9,41,1.24242
8,38,1.15152
7,52,1.57576
6,56,1.69697
5,57,1.72727
4,60,1.81818
3,57,1.72727
2,63,1.90909
1,57,1.72727
0,59,1.78788
