source,destination,length,path
0,1,2,0,10,1,2.35799
0,1,2,0,2,1,11.7899
0,2,1,0,2,11.4634
0,3,3,0,10,4,3,4.2081
0,3,3,0,10,6,3,8.4162
0,4,2,0,10,4,2.44263
0,4,3,0,5,8,4,2.44263
0,4,3,0,5,10,4,2.44263
0,5,1,0,5,14.3656
0,6,2,0,10,6,11.4634
0,7,3,0,2,9,7,4.40157
0,7,3,0,2,1,7,6.60236
0,7,4,0,5,10,1,7,2.20079
0,8,2,0,5,8,11.1732
0,9,2,0,2,9,12.6968
0,10,1,0,10,8.85152
0,11,3,0,10,6,11,4.13555
0,11,4,0,5,10,6,11,1.37852
0,11,4,0,10,4,3,11,1.37852
0,11,5,0,5,10,4,3,11,1.37852
1,2,1,1,2,12.9871
1,3,3,1,7,11,3,2.82958
1,3,3,1,10,4,3,5.65917
1,4,2,1,10,4,7.61811
1,5,2,1,10,5,11.536
1,6,2,1,10,6,7.18279
1,6,3,1,7,11,6,7.18279
1,7,1,1,7,13.7126
1,8,3,1,10,5,8,4.01462
1,8,4,1,2,0,5,8,8.02925
1,9,2,1,7,9,1.7171
1,9,2,1,2,9,8.58549
1,10,1,1,10,9.93982
1,11,2,1,7,11,11.8262
2,3,4,2,9,7,11,3,3.16817
2,3,5,2,0,5,10,4,3,1.58408
2,3,4,2,0,10,4,3,4.75225
2,4,3,2,1,10,4,1.92267
2,4,3,2,0,10,4,7.69066
2,4,4,2,0,5,8,4,1.92267
2,5,2,2,0,5,11.8988
2,6,3,2,0,10,6,1.54781
2,6,4,2,9,7,11,6,3.09561
2,6,3,2,1,10,6,4.64342
2,7,2,2,1,7,7.07396
2,7,2,2,9,7,7.07396
2,8,3,2,0,5,8,9.43195
2,9,1,2,9,7.61811
2,10,2,2,1,10,8.36783
2,10,2,2,0,10,4.18391
2,11,3,2,9,7,11,7.59393
2,11,3,2,1,7,11,3.79696
3,4,1,3,4,14.0754
3,5,3,3,4,8,5,1.51153
3,5,3,3,6,10,5,7.55765
3,6,1,3,6,7.98088
3,7,2,3,11,7,9.57705
3,8,2,3,4,8,11.536
3,9,3,3,11,7,9,7.90832
3,10,2,3,6,10,9.14173
3,11,1,3,11,7.25534
4,5,2,4,10,5,4.49831
4,5,2,4,8,5,4.49831
4,6,2,4,3,6,7.69066
4,7,3,4,3,11,7,6.57818
4,7,3,4,10,1,7,1.64454
4,7,4,4,3,6,11,7,1.64454
4,8,1,4,8,10.4477
4,9,4,4,10,1,2,9,2.0315
4,9,4,4,10,1,7,9,6.09449
4,9,4,4,3,11,7,9,4.06299
4,10,1,4,10,8.63386
4,11,2,4,3,11,9.21429
5,6,2,5,10,6,7.61811
5,7,3,5,10,1,7,10.6654
5,8,1,5,8,10.1575
5,9,3,5,0,2,9,9.57705
5,9,4,5,10,1,2,9,4.78853
5,10,1,5,10,7.54556
5,11,3,5,10,6,11,8.19854
6,7,2,6,11,7,12.2615
6,8,3,6,3,4,8,11.3062
6,8,3,6,10,5,8,2.26125
6,9,3,6,11,7,9,14.2205
6,10,1,6,10,14.0028
6,11,1,6,11,10.9556
7,8,4,7,11,3,4,8,7.69066
7,9,1,7,9,9.06918
7,10,2,7,1,10,11.7295
7,10,3,7,11,6,10,2.34589
7,11,1,7,11,14.0754
8,9,4,8,5,0,2,9,2.97469
8,9,5,8,4,10,1,2,9,2.97469
8,9,5,8,4,10,1,7,9,1.48735
8,9,5,8,4,3,11,7,9,1.48735
8,10,2,8,4,10,10.9435
8,10,2,8,5,10,2.1887
8,11,3,8,4,3,11,14.0028
9,10,3,9,2,0,10,8.75478
9,10,3,9,7,1,10,4.37739
9,11,2,9,7,11,14.1479
10,11,2,10,6,11,10.23
