switch_id,used_rules,usage
11,33,1
10,50,1.51515
9,26,0.787879
8,21,0.636364
7,36,1.09091
6,29,0.878788
5,26,0.787879
4,36,1.09091
3,32,0.969697
2,33,1
1,35,1.06061
0,31,0.939394
