switch_id,used_rules,usage
11,81,2.45455
10,127,3.84848
9,52,1.57576
8,59,1.78788
7,73,2.21212
6,88,2.66667
5,81,2.45455
4,88,2.66667
3,83,2.51515
2,86,2.60606
1,74,2.24242
0,86,2.60606
