switch_id,used_rules,usage
11,29,0.878788
10,44,1.33333
9,22,0.666667
8,19,0.575758
7,31,0.939394
6,26,0.787879
5,23,0.69697
4,29,0.878788
3,27,0.818182
2,30,0.909091
1,30,0.909091
0,28,0.848485
