switch_id,used_rules,usage
11,26,0.787879
10,41,1.24242
9,20,0.606061
8,19,0.575758
7,27,0.818182
6,24,0.727273
5,25,0.757576
4,30,0.909091
3,25,0.757576
2,31,0.939394
1,27,0.818182
0,30,0.909091
