switch_id,used_rules,usage
25,694,2.13538
24,386,1.18769
23,897,2.76
22,457,1.40615
21,839,2.58154
20,708,2.17846
19,904,2.78154
18,497,1.52923
17,1454,4.47385
16,1278,3.93231
15,1282,3.94462
14,672,2.06769
13,1614,4.96615
12,1031,3.17231
11,968,2.97846
10,1101,3.38769
9,587,1.80615
8,992,3.05231
7,1155,3.55385
6,1645,5.06154
5,1516,4.66462
4,1066,3.28
3,919,2.82769
2,443,1.36308
1,583,1.79385
0,481,1.48
