switch_id,used_rules,usage
25,404,1.24308
24,198,0.609231
23,489,1.50462
22,212,0.652308
21,460,1.41538
20,444,1.36615
19,419,1.28923
18,286,0.88
17,659,2.02769
16,683,2.10154
15,559,1.72
14,329,1.01231
13,753,2.31692
12,485,1.49231
11,583,1.79385
10,583,1.79385
9,321,0.987692
8,421,1.29538
7,508,1.56308
6,759,2.33538
5,628,1.93231
4,555,1.70769
3,340,1.04615
2,208,0.64
1,274,0.843077
0,213,0.655385
