switch_id,used_rules,usage
25,473,1.45538
24,229,0.704615
23,583,1.79385
22,261,0.803077
21,532,1.63692
20,521,1.60308
19,495,1.52308
18,336,1.03385
17,774,2.38154
16,787,2.42154
15,644,1.98154
14,396,1.21846
13,880,2.70769
12,583,1.79385
11,669,2.05846
10,683,2.10154
9,377,1.16
8,495,1.52308
7,585,1.8
6,886,2.72615
5,738,2.27077
4,636,1.95692
3,379,1.16615
2,248,0.763077
1,332,1.02154
0,253,0.778462
