switch_id,used_rules,usage
25,2525,7.76923
24,1187,3.65231
23,2992,9.20615
22,1894,5.82769
21,2875,8.84615
20,2303,7.08615
19,3457,10.6369
18,2090,6.43077
17,5360,16.4923
16,3438,10.5785
15,4671,14.3723
14,2901,8.92615
13,4880,15.0154
12,4096,12.6031
11,3493,10.7477
10,4256,13.0954
9,2306,7.09538
8,3801,11.6954
7,4342,13.36
6,6021,18.5262
5,6101,18.7723
4,4000,12.3077
3,3909,12.0277
2,1746,5.37231
1,2145,6.6
0,1930,5.93846
