switch_id,used_rules,usage
25,1652,5.08308
24,849,2.61231
23,2060,6.33846
22,1230,3.78462
21,1991,6.12615
20,1568,4.82462
19,2309,7.10462
18,1292,3.97538
17,3649,11.2277
16,2603,8.00923
15,3213,9.88615
14,1864,5.73538
13,3588,11.04
12,2759,8.48923
11,2368,7.28615
10,2858,8.79385
9,1561,4.80308
8,2563,7.88615
7,2939,9.04308
6,4127,12.6985
5,4090,12.5846
4,2693,8.28615
3,2537,7.80615
2,1164,3.58154
1,1471,4.52615
0,1295,3.98462
