switch_id,used_rules,usage
25,875,2.69231
24,499,1.53538
23,1195,3.67692
22,602,1.85231
21,1129,3.47385
20,887,2.72923
19,1185,3.64615
18,646,1.98769
17,1883,5.79385
16,1572,4.83692
15,1628,5.00923
14,933,2.87077
13,1997,6.14462
12,1371,4.21846
11,1212,3.72923
10,1422,4.37538
9,777,2.39077
8,1268,3.90154
7,1507,4.63692
6,2078,6.39385
5,2042,6.28308
4,1396,4.29538
3,1286,3.95692
2,582,1.79077
1,741,2.28
0,640,1.96923
