switch_id,used_rules,usage
25,828,2.54769
24,403,1.24
23,1083,3.33231
22,505,1.55385
21,1024,3.15077
20,897,2.76
19,980,3.01538
18,625,1.92308
17,1508,4.64
16,1290,3.96923
15,1158,3.56308
14,882,2.71385
13,1507,4.63692
12,1220,3.75385
11,1181,3.63385
10,1277,3.92923
9,809,2.48923
8,916,2.81846
7,1124,3.45846
6,1529,4.70462
5,1419,4.36615
4,1180,3.63077
3,736,2.26462
2,457,1.40615
1,608,1.87077
0,485,1.49231
