switch_id,used_rules,usage
25,4274,13.1508
24,1723,5.30154
23,4594,14.1354
22,3318,10.2092
21,4236,13.0338
20,3775,11.6154
19,5783,17.7938
18,3728,11.4708
17,8767,26.9754
16,5072,15.6062
15,7919,24.3662
14,5144,15.8277
13,7471,22.9877
12,6932,21.3292
11,5956,18.3262
10,7360,22.6462
9,3700,11.3846
8,6527,20.0831
7,6865,21.1231
6,10062,30.96
5,9969,30.6738
4,6475,19.9231
3,6441,19.8185
2,2905,8.93846
1,3561,10.9569
0,3145,9.67692
