switch_id,used_rules,usage
25,1114,3.42769
24,534,1.64308
23,1453,4.47077
22,717,2.20615
21,1411,4.34154
20,1192,3.66769
19,1371,4.21846
18,868,2.67077
17,2093,6.44
16,1626,5.00308
15,1608,4.94769
14,1274,3.92
13,1970,6.06154
12,1708,5.25538
11,1571,4.83385
10,1728,5.31692
9,1121,3.44923
8,1243,3.82462
7,1555,4.78462
6,2021,6.21846
5,1993,6.13231
4,1599,4.92
3,1016,3.12615
2,646,1.98769
1,865,2.66154
0,667,2.05231
