switch_id,used_rules,usage
25,1692,5.20615
24,734,2.25846
23,2079,6.39692
22,1095,3.36923
21,1980,6.09231
20,1724,5.30462
19,2036,6.26462
18,1334,4.10462
17,3122,9.60615
16,2206,6.78769
15,2318,7.13231
14,1876,5.77231
13,2776,8.54154
12,2503,7.70154
11,2214,6.81231
10,2453,7.54769
9,1633,5.02462
8,1784,5.48923
7,2199,6.76615
6,2843,8.74769
5,2902,8.92923
4,2291,7.04923
3,1487,4.57538
2,944,2.90462
1,1213,3.73231
0,981,3.01846
