switch_id,used_rules,usage
26,189,0.538462
25,224,0.638177
24,203,0.578348
23,252,0.717949
22,147,0.418803
21,175,0.498575
20,85,0.242165
19,268,0.763533
18,348,0.991453
17,211,0.60114
16,239,0.680912
15,354,1.00855
14,184,0.524217
13,180,0.512821
12,187,0.532764
11,165,0.470085
10,254,0.723647
9,136,0.387464
8,156,0.444444
7,125,0.356125
6,166,0.472934
5,135,0.384615
4,244,0.695157
3,200,0.569801
2,124,0.353276
1,137,0.390313
0,103,0.293447
