switch_id,used_rules,usage
26,892,2.54131
25,540,1.53846
24,484,1.37892
23,1127,3.21083
22,546,1.55556
21,928,2.64387
20,539,1.53561
19,1024,2.91738
18,1066,3.03704
17,605,1.72365
16,626,1.78348
15,1168,3.32764
14,485,1.38177
13,379,1.07977
12,464,1.32194
11,535,1.52422
10,681,1.94017
9,375,1.06838
8,339,0.965812
7,230,0.655271
6,325,0.925926
5,235,0.669516
4,457,1.30199
3,294,0.837607
2,354,1.00855
1,519,1.47863
0,526,1.49858
