switch_id,used_rules,usage
26,136,0.387464
25,181,0.51567
24,158,0.450142
23,193,0.549858
22,124,0.353276
21,131,0.373219
20,75,0.213675
19,202,0.575499
18,290,0.826211
17,186,0.529915
16,207,0.589744
15,289,0.823362
14,158,0.450142
13,167,0.475783
12,152,0.433048
11,135,0.384615
10,209,0.595442
9,111,0.316239
8,130,0.37037
7,113,0.321937
6,150,0.42735
5,121,0.344729
4,212,0.603989
3,174,0.495726
2,106,0.301994
1,106,0.301994
0,78,0.222222
