switch_id,used_rules,usage
26,2452,6.98575
25,1652,4.70655
24,1469,4.18519
23,3171,9.03419
22,1706,4.8604
21,2526,7.19658
20,1411,4.01994
19,2594,7.39031
18,2444,6.96296
17,1577,4.49288
16,1419,4.04274
15,3245,9.24501
14,1290,3.67521
13,1014,2.88889
12,1084,3.08832
11,1336,3.80627
10,1751,4.9886
9,966,2.75214
8,803,2.28775
7,651,1.8547
6,920,2.62108
5,731,2.08262
4,994,2.83191
3,511,1.45584
2,700,1.9943
1,1364,3.88604
0,1256,3.57835
