switch_id,used_rules,usage
26,145,0.413105
25,194,0.552707
24,173,0.492877
23,205,0.584046
22,133,0.378917
21,144,0.410256
20,78,0.222222
19,213,0.606838
18,296,0.843305
17,192,0.547009
16,211,0.60114
15,301,0.85755
14,161,0.458689
13,167,0.475783
12,158,0.450142
11,141,0.401709
10,219,0.623932
9,115,0.327635
8,136,0.387464
7,112,0.319088
6,151,0.430199
5,125,0.356125
4,218,0.621083
3,176,0.501425
2,108,0.307692
1,109,0.310541
0,82,0.233618
