switch_id,used_rules,usage
26,572,1.62963
25,371,1.05698
24,339,0.965812
23,716,2.03989
22,321,0.91453
21,542,1.54416
20,333,0.948718
19,672,1.91453
18,774,2.20513
17,452,1.28775
16,474,1.35043
15,802,2.2849
14,355,1.0114
13,299,0.851852
12,355,1.0114
11,384,1.09402
10,476,1.35613
9,278,0.792023
8,277,0.789174
7,199,0.566952
6,269,0.766382
5,198,0.564103
4,385,1.09687
3,273,0.777778
2,243,0.692308
1,325,0.925926
0,324,0.923077
