switch_id,used_rules,usage
26,154,0.438746
25,198,0.564103
24,178,0.507123
23,213,0.606838
22,133,0.378917
21,150,0.42735
20,79,0.225071
19,228,0.649573
18,313,0.891738
17,197,0.561254
16,217,0.618234
15,315,0.897436
14,168,0.478632
13,175,0.498575
12,163,0.464387
11,147,0.418803
10,225,0.641026
9,118,0.336182
8,139,0.396011
7,118,0.336182
6,159,0.452991
5,129,0.367521
4,229,0.652422
3,186,0.529915
2,115,0.327635
1,117,0.333333
0,89,0.253561
