switch_id,used_rules,usage
26,875,2.49288
25,573,1.63248
24,577,1.64387
23,1125,3.20513
22,536,1.52707
21,948,2.70085
20,552,1.57265
19,999,2.84615
18,958,2.72934
17,563,1.60399
16,602,1.7151
15,1094,3.11681
14,460,1.31054
13,407,1.15954
12,423,1.20513
11,471,1.34188
10,641,1.82621
9,355,1.0114
8,327,0.931624
7,260,0.740741
6,354,1.00855
5,260,0.740741
4,466,1.32764
3,291,0.82906
2,325,0.925926
1,539,1.53561
0,539,1.53561
