switch_id,used_rules,usage
26,1920,5.47009
25,1163,3.31339
24,1016,2.89459
23,2458,7.00285
22,1292,3.68091
21,2055,5.8547
20,1153,3.2849
19,2112,6.01709
18,1923,5.47863
17,1169,3.33048
16,1105,3.14815
15,2421,6.89744
14,992,2.82621
13,695,1.98006
12,865,2.46439
11,1066,3.03704
10,1333,3.79772
9,787,2.24217
8,607,1.72934
7,436,1.24217
6,595,1.69516
5,503,1.43305
4,737,2.09972
3,401,1.14245
2,638,1.81766
1,1121,3.19373
0,1066,3.03704
