switch_id,used_rules,usage
16,85,1.41667
15,50,0.833333
14,32,0.533333
13,78,1.3
12,50,0.833333
11,50,0.833333
10,41,0.683333
9,67,1.11667
8,100,1.66667
7,47,0.783333
6,36,0.6
5,42,0.7
4,55,0.916667
3,33,0.55
2,46,0.766667
1,109,1.81667
0,107,1.78333
