switch_id,used_rules,usage
16,328,5.46667
15,157,2.61667
14,122,2.03333
13,289,4.81667
12,153,2.55
11,151,2.51667
10,173,2.88333
9,281,4.68333
8,379,6.31667
7,195,3.25
6,161,2.68333
5,200,3.33333
4,218,3.63333
3,140,2.33333
2,189,3.15
1,370,6.16667
0,384,6.4
