switch_id,used_rules,usage
16,124,2.06667
15,61,1.01667
14,47,0.783333
13,112,1.86667
12,63,1.05
11,66,1.1
10,55,0.916667
9,99,1.65
8,150,2.5
7,67,1.11667
6,59,0.983333
5,72,1.2
4,71,1.18333
3,47,0.783333
2,70,1.16667
1,152,2.53333
0,158,2.63333
