switch_id,used_rules,usage
16,130,2.16667
15,61,1.01667
14,46,0.766667
13,117,1.95
12,68,1.13333
11,72,1.2
10,58,0.966667
9,96,1.6
8,147,2.45
7,71,1.18333
6,56,0.933333
5,71,1.18333
4,78,1.3
3,50,0.833333
2,74,1.23333
1,157,2.61667
0,160,2.66667
