switch_id,used_rules,usage
16,106,1.76667
15,53,0.883333
14,38,0.633333
13,94,1.56667
12,54,0.9
11,54,0.9
10,48,0.8
9,82,1.36667
8,123,2.05
7,55,0.916667
6,45,0.75
5,59,0.983333
4,58,0.966667
3,36,0.6
2,52,0.866667
1,125,2.08333
0,127,2.11667
