switch_id,used_rules,usage
16,209,3.48333
15,81,1.35
14,71,1.18333
13,170,2.83333
12,98,1.63333
11,102,1.7
10,88,1.46667
9,146,2.43333
8,227,3.78333
7,107,1.78333
6,91,1.51667
5,122,2.03333
4,132,2.2
3,82,1.36667
2,120,2
1,230,3.83333
0,248,4.13333
