switch_id,used_rules,usage
16,952,15.8667
15,529,8.81667
14,400,6.66667
13,958,15.9667
12,464,7.73333
11,540,9
10,650,10.8333
9,957,15.95
8,1083,18.05
7,640,10.6667
6,563,9.38333
5,608,10.1333
4,602,10.0333
3,464,7.73333
2,522,8.7
1,1118,18.6333
0,1128,18.8
