switch_id,used_rules,usage
16,408,6.8
15,217,3.61667
14,156,2.6
13,380,6.33333
12,176,2.93333
11,217,3.61667
10,260,4.33333
9,380,6.33333
8,479,7.98333
7,248,4.13333
6,223,3.71667
5,259,4.31667
4,271,4.51667
3,181,3.01667
2,228,3.8
1,471,7.85
0,480,8
