switch_id,used_rules,usage
16,79,1.31667
15,50,0.833333
14,33,0.55
13,74,1.23333
12,45,0.75
11,43,0.716667
10,37,0.616667
9,65,1.08333
8,94,1.56667
7,43,0.716667
6,35,0.583333
5,38,0.633333
4,42,0.7
3,26,0.433333
2,39,0.65
1,101,1.68333
0,95,1.58333
