switch_id,used_rules,usage
16,155,2.58333
15,68,1.13333
14,53,0.883333
13,145,2.41667
12,79,1.31667
11,79,1.31667
10,64,1.06667
9,111,1.85
8,178,2.96667
7,82,1.36667
6,66,1.1
5,89,1.48333
4,105,1.75
3,69,1.15
2,91,1.51667
1,178,2.96667
0,189,3.15
