switch_id,used_rules,usage
16,130,2.70833
15,61,1.27083
14,46,0.958333
13,117,2.4375
12,68,1.41667
11,72,1.5
10,58,1.20833
9,96,2
8,147,3.0625
7,71,1.47917
6,56,1.16667
5,71,1.47917
4,78,1.625
3,50,1.04167
2,74,1.54167
1,157,3.27083
0,160,3.33333
