switch_id,used_rules,usage
13,1,0.0277778
12,6,0.166667
11,4,0.111111
10,2,0.0555556
9,4,0.111111
8,4,0.111111
7,1,0.0277778
6,6,0.166667
5,2,0.0555556
4,5,0.138889
3,1,0.0277778
2,3,0.0833333
1,1,0.0277778
0,2,0.0555556
