switch_id,used_rules,usage
13,2,0.0555556
12,3,0.0833333
11,2,0.0555556
10,3,0.0833333
9,2,0.0555556
8,1,0.0277778
7,0,0
6,3,0.0833333
5,1,0.0277778
4,2,0.0555556
3,1,0.0277778
2,1,0.0277778
1,0,0
0,2,0.0555556
