switch_id,used_rules,usage
13,31,0.861111
12,45,1.25
11,42,1.16667
10,36,1
9,27,0.75
8,32,0.888889
7,27,0.75
6,42,1.16667
5,38,1.05556
4,22,0.611111
3,34,0.944444
2,37,1.02778
1,26,0.722222
0,33,0.916667
