switch_id,used_rules,usage
13,1,0.0277778
12,1,0.0277778
11,5,0.138889
10,7,0.194444
9,5,0.138889
8,4,0.111111
7,2,0.0555556
6,2,0.0555556
5,4,0.111111
4,2,0.0555556
3,3,0.0833333
2,3,0.0833333
1,1,0.0277778
0,2,0.0555556
