switch_id,used_rules,usage
13,0,0
12,1,0.0277778
11,4,0.111111
10,6,0.166667
9,6,0.166667
8,3,0.0833333
7,2,0.0555556
6,4,0.111111
5,4,0.111111
4,3,0.0833333
3,3,0.0833333
2,2,0.0555556
1,1,0.0277778
0,1,0.0277778
