switch_id,used_rules,usage
13,3,0.0833333
12,2,0.0555556
11,4,0.111111
10,4,0.111111
9,5,0.138889
8,4,0.111111
7,1,0.0277778
6,3,0.0833333
5,3,0.0833333
4,3,0.0833333
3,2,0.0555556
2,2,0.0555556
1,1,0.0277778
0,2,0.0555556
