switch_id,used_rules,usage
13,33,0.916667
12,45,1.25
11,42,1.16667
10,38,1.05556
9,30,0.833333
8,31,0.861111
7,28,0.777778
6,42,1.16667
5,40,1.11111
4,22,0.611111
3,34,0.944444
2,38,1.05556
1,28,0.777778
0,34,0.944444
