switch_id,used_rules,usage
13,3,0.0833333
12,3,0.0833333
11,5,0.138889
10,2,0.0555556
9,2,0.0555556
8,2,0.0555556
7,0,0
6,5,0.138889
5,1,0.0277778
4,3,0.0833333
3,4,0.111111
2,1,0.0277778
1,3,0.0833333
0,1,0.0277778
