switch_id,used_rules,usage
13,0,0
12,1,0.0277778
11,3,0.0833333
10,2,0.0555556
9,1,0.0277778
8,1,0.0277778
7,0,0
6,1,0.0277778
5,0,0
4,1,0.0277778
3,2,0.0555556
2,2,0.0555556
1,2,0.0555556
0,0,0
