switch_id,used_rules,usage
13,3,0.0833333
12,1,0.0277778
11,4,0.111111
10,5,0.138889
9,5,0.138889
8,0,0
7,0,0
6,1,0.0277778
5,3,0.0833333
4,2,0.0555556
3,4,0.111111
2,0,0
1,3,0.0833333
0,2,0.0555556
