switch_id,used_rules,usage
13,29,0.805556
12,41,1.13889
11,40,1.11111
10,35,0.972222
9,27,0.75
8,29,0.805556
7,25,0.694444
6,38,1.05556
5,35,0.972222
4,19,0.527778
3,30,0.833333
2,36,1
1,27,0.75
0,30,0.833333
