switch_id,used_rules,usage
13,4,0.111111
12,4,0.111111
11,9,0.25
10,6,0.166667
9,8,0.222222
8,2,0.0555556
7,2,0.0555556
6,7,0.194444
5,5,0.138889
4,4,0.111111
3,5,0.138889
2,2,0.0555556
1,2,0.0555556
0,4,0.111111
