switch_id,used_rules,usage
13,27,0.75
12,40,1.11111
11,37,1.02778
10,33,0.916667
9,28,0.777778
8,25,0.694444
7,24,0.666667
6,35,0.972222
5,34,0.944444
4,20,0.555556
3,29,0.805556
2,34,0.944444
1,26,0.722222
0,29,0.805556
