switch_id,used_rules,usage
13,28,0.777778
12,42,1.16667
11,42,1.16667
10,37,1.02778
9,29,0.805556
8,31,0.861111
7,26,0.722222
6,39,1.08333
5,36,1
4,21,0.583333
3,34,0.944444
2,37,1.02778
1,26,0.722222
0,31,0.861111
