switch_id,used_rules,usage
13,1,0.0277778
12,1,0.0277778
11,1,0.0277778
10,3,0.0833333
9,3,0.0833333
8,0,0
7,0,0
6,2,0.0555556
5,1,0.0277778
4,2,0.0555556
3,0,0
2,0,0
1,3,0.0833333
0,2,0.0555556
