switch_id,used_rules,usage
13,0,0
12,0,0
11,4,0.111111
10,4,0.111111
9,4,0.111111
8,2,0.0555556
7,1,0.0277778
6,1,0.0277778
5,1,0.0277778
4,3,0.0833333
3,4,0.111111
2,1,0.0277778
1,2,0.0555556
0,1,0.0277778
