switch_id,used_rules,usage
13,4,0.111111
12,2,0.0555556
11,4,0.111111
10,8,0.222222
9,7,0.194444
8,4,0.111111
7,1,0.0277778
6,4,0.111111
5,5,0.138889
4,5,0.138889
3,3,0.0833333
2,2,0.0555556
1,2,0.0555556
0,2,0.0555556
