switch_id,used_rules,usage
13,2,0.0555556
12,0,0
11,3,0.0833333
10,5,0.138889
9,5,0.138889
8,2,0.0555556
7,0,0
6,2,0.0555556
5,1,0.0277778
4,2,0.0555556
3,2,0.0555556
2,0,0
1,3,0.0833333
0,1,0.0277778
