switch_id,used_rules,usage
13,1,0.0277778
12,3,0.0833333
11,3,0.0833333
10,7,0.194444
9,5,0.138889
8,2,0.0555556
7,2,0.0555556
6,4,0.111111
5,3,0.0833333
4,2,0.0555556
3,2,0.0555556
2,3,0.0833333
1,1,0.0277778
0,1,0.0277778
