switch_id,used_rules,usage
13,28,0.777778
12,39,1.08333
11,40,1.11111
10,34,0.944444
9,27,0.75
8,31,0.861111
7,26,0.722222
6,36,1
5,34,0.944444
4,20,0.555556
3,33,0.916667
2,36,1
1,26,0.722222
0,30,0.833333
