switch_id,used_rules,usage
13,2,0.0555556
12,1,0.0277778
11,3,0.0833333
10,7,0.194444
9,6,0.166667
8,1,0.0277778
7,2,0.0555556
6,3,0.0833333
5,4,0.111111
4,3,0.0833333
3,1,0.0277778
2,2,0.0555556
1,2,0.0555556
0,0,0
