switch_id,used_rules,usage
13,1,0.0277778
12,0,0
11,3,0.0833333
10,2,0.0555556
9,1,0.0277778
8,1,0.0277778
7,0,0
6,0,0
5,0,0
4,2,0.0555556
3,1,0.0277778
2,0,0
1,2,0.0555556
0,0,0
