switch_id,used_rules,usage
13,4,0.111111
12,1,0.0277778
11,4,0.111111
10,4,0.111111
9,1,0.0277778
8,0,0
7,1,0.0277778
6,0,0
5,5,0.138889
4,4,0.111111
3,3,0.0833333
2,0,0
1,3,0.0833333
0,1,0.0277778
