switch_id,used_rules,usage
13,1,0.0277778
12,1,0.0277778
11,3,0.0833333
10,2,0.0555556
9,4,0.111111
8,1,0.0277778
7,0,0
6,4,0.111111
5,0,0
4,3,0.0833333
3,3,0.0833333
2,0,0
1,1,0.0277778
0,0,0
