switch_id,used_rules,usage
13,3,0.0833333
12,2,0.0555556
11,3,0.0833333
10,7,0.194444
9,6,0.166667
8,1,0.0277778
7,0,0
6,3,0.0833333
5,2,0.0555556
4,4,0.111111
3,2,0.0555556
2,1,0.0277778
1,5,0.138889
0,1,0.0277778
