switch_id,used_rules,usage
13,2,0.0555556
12,0,0
11,5,0.138889
10,1,0.0277778
9,2,0.0555556
8,2,0.0555556
7,3,0.0833333
6,2,0.0555556
5,2,0.0555556
4,1,0.0277778
3,3,0.0833333
2,3,0.0833333
1,2,0.0555556
0,1,0.0277778
