switch_id,used_rules,usage
13,0,0
12,0,0
11,5,0.138889
10,4,0.111111
9,3,0.0833333
8,0,0
7,2,0.0555556
6,0,0
5,3,0.0833333
4,5,0.138889
3,3,0.0833333
2,2,0.0555556
1,0,0
0,0,0
