switch_id,used_rules,usage
13,34,0.944444
12,43,1.19444
11,40,1.11111
10,37,1.02778
9,29,0.805556
8,31,0.861111
7,26,0.722222
6,40,1.11111
5,39,1.08333
4,21,0.583333
3,34,0.944444
2,35,0.972222
1,30,0.833333
0,34,0.944444
