switch_id,used_rules,usage
13,3,0.0833333
12,1,0.0277778
11,4,0.111111
10,3,0.0833333
9,2,0.0555556
8,0,0
7,3,0.0833333
6,0,0
5,4,0.111111
4,3,0.0833333
3,1,0.0277778
2,1,0.0277778
1,4,0.111111
0,1,0.0277778
