switch_id,used_rules,usage
13,2,0.0555556
12,2,0.0555556
11,2,0.0555556
10,3,0.0833333
9,4,0.111111
8,2,0.0555556
7,0,0
6,2,0.0555556
5,1,0.0277778
4,1,0.0277778
3,1,0.0277778
2,0,0
1,3,0.0833333
0,1,0.0277778
