switch_id,used_rules,usage
13,0,0
12,0,0
11,3,0.0833333
10,2,0.0555556
9,1,0.0277778
8,2,0.0555556
7,1,0.0277778
6,0,0
5,2,0.0555556
4,1,0.0277778
3,2,0.0555556
2,1,0.0277778
1,3,0.0833333
0,0,0
