switch_id,used_rules,usage
13,4,0.111111
12,3,0.0833333
11,5,0.138889
10,4,0.111111
9,6,0.166667
8,1,0.0277778
7,3,0.0833333
6,3,0.0833333
5,4,0.111111
4,3,0.0833333
3,2,0.0555556
2,4,0.111111
1,4,0.111111
0,2,0.0555556
