switch_id,used_rules,usage
13,0,0
12,0,0
11,1,0.0277778
10,5,0.138889
9,5,0.138889
8,3,0.0833333
7,0,0
6,3,0.0833333
5,1,0.0277778
4,3,0.0833333
3,2,0.0555556
2,0,0
1,0,0
0,0,0
