switch_id,used_rules,usage
13,1,0.0277778
12,5,0.138889
11,6,0.166667
10,3,0.0833333
9,5,0.138889
8,5,0.138889
7,0,0
6,5,0.138889
5,1,0.0277778
4,2,0.0555556
3,5,0.138889
2,3,0.0833333
1,1,0.0277778
0,2,0.0555556
