switch_id,used_rules,usage
13,1,0.0277778
12,1,0.0277778
11,2,0.0555556
10,1,0.0277778
9,1,0.0277778
8,1,0.0277778
7,1,0.0277778
6,0,0
5,0,0
4,0,0
3,1,0.0277778
2,1,0.0277778
1,2,0.0555556
0,0,0
