switch_id,used_rules,usage
13,2,0.0555556
12,5,0.138889
11,3,0.0833333
10,5,0.138889
9,7,0.194444
8,3,0.0833333
7,1,0.0277778
6,3,0.0833333
5,4,0.111111
4,3,0.0833333
3,4,0.111111
2,3,0.0833333
1,3,0.0833333
0,1,0.0277778
