switch_id,used_rules,usage
13,1,0.0277778
12,2,0.0555556
11,9,0.25
10,2,0.0555556
9,4,0.111111
8,1,0.0277778
7,1,0.0277778
6,4,0.111111
5,1,0.0277778
4,5,0.138889
3,4,0.111111
2,3,0.0833333
1,4,0.111111
0,0,0
