switch_id,used_rules,usage
13,25,0.694444
12,35,0.972222
11,36,1
10,31,0.861111
9,26,0.722222
8,26,0.722222
7,23,0.638889
6,34,0.944444
5,31,0.861111
4,18,0.5
3,26,0.722222
2,32,0.888889
1,24,0.666667
0,26,0.722222
