switch_id,used_rules,usage
13,30,0.833333
12,44,1.22222
11,39,1.08333
10,36,1
9,29,0.805556
8,28,0.777778
7,27,0.75
6,37,1.02778
5,38,1.05556
4,21,0.583333
3,32,0.888889
2,38,1.05556
1,29,0.805556
0,32,0.888889
