switch_id,used_rules,usage
13,0,0
12,3,0.0833333
11,3,0.0833333
10,2,0.0555556
9,3,0.0833333
8,0,0
7,1,0.0277778
6,2,0.0555556
5,1,0.0277778
4,1,0.0277778
3,1,0.0277778
2,2,0.0555556
1,2,0.0555556
0,0,0
