switch_id,used_rules,usage
13,57,1.58333
12,64,1.77778
11,68,1.88889
10,48,1.33333
9,44,1.22222
8,36,1
7,45,1.25
6,53,1.47222
5,68,1.88889
4,34,0.944444
3,49,1.36111
2,62,1.72222
1,50,1.38889
0,56,1.55556
