switch_id,used_rules,usage
13,2,0.0555556
12,2,0.0555556
11,3,0.0833333
10,5,0.138889
9,4,0.111111
8,4,0.111111
7,1,0.0277778
6,3,0.0833333
5,2,0.0555556
4,1,0.0277778
3,2,0.0555556
2,3,0.0833333
1,1,0.0277778
0,1,0.0277778
