switch_id,used_rules,usage
13,3,0.0833333
12,4,0.111111
11,4,0.111111
10,7,0.194444
9,6,0.166667
8,1,0.0277778
7,1,0.0277778
6,4,0.111111
5,5,0.138889
4,2,0.0555556
3,2,0.0555556
2,3,0.0833333
1,3,0.0833333
0,1,0.0277778
