switch_id,used_rules,usage
13,0,0
12,0,0
11,2,0.0555556
10,4,0.111111
9,4,0.111111
8,3,0.0833333
7,0,0
6,4,0.111111
5,1,0.0277778
4,1,0.0277778
3,1,0.0277778
2,0,0
1,0,0
0,0,0
