switch_id,used_rules,usage
13,0,0
12,1,0.0277778
11,0,0
10,2,0.0555556
9,2,0.0555556
8,1,0.0277778
7,1,0.0277778
6,2,0.0555556
5,1,0.0277778
4,0,0
3,1,0.0277778
2,1,0.0277778
1,1,0.0277778
0,1,0.0277778
