switch_id,used_rules,usage
13,36,1
12,45,1.25
11,44,1.22222
10,38,1.05556
9,30,0.833333
8,33,0.916667
7,29,0.805556
6,44,1.22222
5,42,1.16667
4,24,0.666667
3,36,1
2,40,1.11111
1,30,0.833333
0,36,1
