switch_id,used_rules,usage
13,26,0.722222
12,40,1.11111
11,42,1.16667
10,31,0.861111
9,26,0.722222
8,31,0.861111
7,26,0.722222
6,37,1.02778
5,32,0.888889
4,22,0.611111
3,33,0.916667
2,37,1.02778
1,25,0.694444
0,29,0.805556
