switch_id,used_rules,usage
13,1,0.0277778
12,0,0
11,5,0.138889
10,2,0.0555556
9,3,0.0833333
8,0,0
7,1,0.0277778
6,0,0
5,3,0.0833333
4,2,0.0555556
3,3,0.0833333
2,2,0.0555556
1,1,0.0277778
0,0,0
