switch_id,used_rules,usage
13,1,0.0277778
12,1,0.0277778
11,3,0.0833333
10,4,0.111111
9,4,0.111111
8,3,0.0833333
7,1,0.0277778
6,2,0.0555556
5,2,0.0555556
4,2,0.0555556
3,4,0.111111
2,1,0.0277778
1,1,0.0277778
0,0,0
