switch_id,used_rules,usage
13,0,0
12,4,0.111111
11,4,0.111111
10,4,0.111111
9,8,0.222222
8,3,0.0833333
7,0,0
6,8,0.222222
5,1,0.0277778
4,4,0.111111
3,5,0.138889
2,1,0.0277778
1,3,0.0833333
0,3,0.0833333
