switch_id,used_rules,usage
13,1,0.0277778
12,3,0.0833333
11,2,0.0555556
10,4,0.111111
9,3,0.0833333
8,4,0.111111
7,1,0.0277778
6,5,0.138889
5,3,0.0833333
4,1,0.0277778
3,2,0.0555556
2,2,0.0555556
1,0,0
0,0,0
