switch_id,used_rules,usage
13,0,0
12,0,0
11,2,0.0555556
10,4,0.111111
9,3,0.0833333
8,4,0.111111
7,0,0
6,2,0.0555556
5,0,0
4,2,0.0555556
3,4,0.111111
2,0,0
1,1,0.0277778
0,1,0.0277778
