switch_id,used_rules,usage
13,1,0.0277778
12,3,0.0833333
11,3,0.0833333
10,3,0.0833333
9,3,0.0833333
8,4,0.111111
7,0,0
6,4,0.111111
5,2,0.0555556
4,4,0.111111
3,1,0.0277778
2,0,0
1,1,0.0277778
0,1,0.0277778
