switch_id,used_rules,usage
13,30,0.833333
12,41,1.13889
11,42,1.16667
10,39,1.08333
9,27,0.75
8,32,0.888889
7,25,0.694444
6,38,1.05556
5,38,1.05556
4,23,0.638889
3,31,0.861111
2,37,1.02778
1,27,0.75
0,32,0.888889
