switch_id,used_rules,usage
13,1,0.0277778
12,1,0.0277778
11,2,0.0555556
10,1,0.0277778
9,4,0.111111
8,1,0.0277778
7,1,0.0277778
6,2,0.0555556
5,2,0.0555556
4,0,0
3,1,0.0277778
2,1,0.0277778
1,1,0.0277778
0,1,0.0277778
