switch_id,used_rules,usage
13,28,0.777778
12,40,1.11111
11,40,1.11111
10,34,0.944444
9,26,0.722222
8,30,0.833333
7,25,0.694444
6,37,1.02778
5,35,0.972222
4,21,0.583333
3,32,0.888889
2,35,0.972222
1,26,0.722222
0,31,0.861111
