switch_id,used_rules,usage
13,34,0.944444
12,45,1.25
11,44,1.22222
10,38,1.05556
9,28,0.777778
8,33,0.916667
7,27,0.75
6,41,1.13889
5,42,1.16667
4,24,0.666667
3,33,0.916667
2,39,1.08333
1,28,0.777778
0,36,1
