switch_id,used_rules,usage
13,2,0.0555556
12,1,0.0277778
11,1,0.0277778
10,2,0.0555556
9,1,0.0277778
8,1,0.0277778
7,0,0
6,1,0.0277778
5,3,0.0833333
4,0,0
3,1,0.0277778
2,0,0
1,1,0.0277778
0,1,0.0277778
