switch_id,used_rules,usage
13,1,0.0277778
12,3,0.0833333
11,4,0.111111
10,4,0.111111
9,5,0.138889
8,2,0.0555556
7,0,0
6,4,0.111111
5,1,0.0277778
4,4,0.111111
3,3,0.0833333
2,2,0.0555556
1,1,0.0277778
0,3,0.0833333
