switch_id,used_rules,usage
13,2,0.0555556
12,2,0.0555556
11,2,0.0555556
10,7,0.194444
9,6,0.166667
8,3,0.0833333
7,0,0
6,4,0.111111
5,1,0.0277778
4,3,0.0833333
3,3,0.0833333
2,0,0
1,0,0
0,2,0.0555556
