switch_id,used_rules,usage
13,1,0.0277778
12,1,0.0277778
11,3,0.0833333
10,2,0.0555556
9,2,0.0555556
8,2,0.0555556
7,0,0
6,2,0.0555556
5,0,0
4,2,0.0555556
3,0,0
2,0,0
1,3,0.0833333
0,1,0.0277778
