switch_id,used_rules,usage
13,2,0.0555556
12,0,0
11,4,0.111111
10,4,0.111111
9,2,0.0555556
8,2,0.0555556
7,2,0.0555556
6,2,0.0555556
5,3,0.0833333
4,4,0.111111
3,1,0.0277778
2,1,0.0277778
1,2,0.0555556
0,0,0
