switch_id,used_rules,usage
13,28,0.777778
12,42,1.16667
11,40,1.11111
10,35,0.972222
9,28,0.777778
8,30,0.833333
7,25,0.694444
6,39,1.08333
5,34,0.944444
4,20,0.555556
3,31,0.861111
2,35,0.972222
1,25,0.694444
0,30,0.833333
