switch_id,used_rules,usage
13,0,0
12,1,0.0277778
11,1,0.0277778
10,3,0.0833333
9,4,0.111111
8,0,0
7,0,0
6,1,0.0277778
5,1,0.0277778
4,1,0.0277778
3,2,0.0555556
2,1,0.0277778
1,1,0.0277778
0,0,0
