switch_id,used_rules,usage
13,1,0.0277778
12,3,0.0833333
11,6,0.166667
10,2,0.0555556
9,1,0.0277778
8,3,0.0833333
7,1,0.0277778
6,2,0.0555556
5,1,0.0277778
4,2,0.0555556
3,3,0.0833333
2,3,0.0833333
1,2,0.0555556
0,3,0.0833333
