switch_id,used_rules,usage
13,3,0.0833333
12,2,0.0555556
11,2,0.0555556
10,4,0.111111
9,2,0.0555556
8,1,0.0277778
7,0,0
6,1,0.0277778
5,2,0.0555556
4,2,0.0555556
3,2,0.0555556
2,2,0.0555556
1,2,0.0555556
0,3,0.0833333
