switch_id,used_rules,usage
13,37,1.02778
12,43,1.19444
11,44,1.22222
10,37,1.02778
9,29,0.805556
8,31,0.861111
7,28,0.777778
6,39,1.08333
5,42,1.16667
4,23,0.638889
3,34,0.944444
2,38,1.05556
1,31,0.861111
0,36,1
