switch_id,used_rules,usage
13,2,0.0555556
12,1,0.0277778
11,5,0.138889
10,3,0.0833333
9,1,0.0277778
8,2,0.0555556
7,1,0.0277778
6,2,0.0555556
5,1,0.0277778
4,3,0.0833333
3,2,0.0555556
2,2,0.0555556
1,3,0.0833333
0,2,0.0555556
