switch_id,used_rules,usage
13,40,1.11111
12,51,1.41667
11,49,1.36111
10,39,1.08333
9,31,0.861111
8,37,1.02778
7,32,0.888889
6,48,1.33333
5,47,1.30556
4,25,0.694444
3,39,1.08333
2,45,1.25
1,33,0.916667
0,38,1.05556
