switch_id,used_rules,usage
13,2,0.0555556
12,3,0.0833333
11,4,0.111111
10,5,0.138889
9,5,0.138889
8,4,0.111111
7,0,0
6,4,0.111111
5,1,0.0277778
4,3,0.0833333
3,4,0.111111
2,3,0.0833333
1,2,0.0555556
0,1,0.0277778
