switch_id,used_rules,usage
13,0,0
12,0,0
11,4,0.111111
10,5,0.138889
9,6,0.166667
8,1,0.0277778
7,0,0
6,2,0.0555556
5,2,0.0555556
4,4,0.111111
3,3,0.0833333
2,0,0
1,3,0.0833333
0,2,0.0555556
