switch_id,used_rules,usage
13,28,0.777778
12,41,1.13889
11,39,1.08333
10,35,0.972222
9,27,0.75
8,30,0.833333
7,25,0.694444
6,37,1.02778
5,35,0.972222
4,20,0.555556
3,32,0.888889
2,35,0.972222
1,25,0.694444
0,30,0.833333
