switch_id,used_rules,usage
13,0,0
12,0,0
11,1,0.0277778
10,4,0.111111
9,3,0.0833333
8,1,0.0277778
7,0,0
6,1,0.0277778
5,1,0.0277778
4,2,0.0555556
3,2,0.0555556
2,0,0
1,1,0.0277778
0,0,0
