switch_id,used_rules,usage
13,2,0.0555556
12,1,0.0277778
11,4,0.111111
10,3,0.0833333
9,3,0.0833333
8,2,0.0555556
7,1,0.0277778
6,2,0.0555556
5,3,0.0833333
4,5,0.138889
3,1,0.0277778
2,1,0.0277778
1,3,0.0833333
0,1,0.0277778
