switch_id,used_rules,usage
13,1,0.0277778
12,2,0.0555556
11,1,0.0277778
10,6,0.166667
9,3,0.0833333
8,3,0.0833333
7,1,0.0277778
6,2,0.0555556
5,4,0.111111
4,1,0.0277778
3,1,0.0277778
2,2,0.0555556
1,2,0.0555556
0,1,0.0277778
