switch_id,used_rules,usage
13,33,0.916667
12,44,1.22222
11,45,1.25
10,39,1.08333
9,30,0.833333
8,33,0.916667
7,28,0.777778
6,42,1.16667
5,41,1.13889
4,25,0.694444
3,36,1
2,39,1.08333
1,28,0.777778
0,33,0.916667
