switch_id,used_rules,usage
13,0,0
12,0,0
11,2,0.0555556
10,6,0.166667
9,3,0.0833333
8,1,0.0277778
7,0,0
6,0,0
5,2,0.0555556
4,4,0.111111
3,1,0.0277778
2,0,0
1,1,0.0277778
0,0,0
