switch_id,used_rules,usage
13,2,0.0555556
12,2,0.0555556
11,6,0.166667
10,2,0.0555556
9,5,0.138889
8,1,0.0277778
7,2,0.0555556
6,5,0.138889
5,2,0.0555556
4,4,0.111111
3,4,0.111111
2,1,0.0277778
1,5,0.138889
0,3,0.0833333
