switch_id,used_rules,usage
13,3,0.0833333
12,1,0.0277778
11,0,0
10,4,0.111111
9,2,0.0555556
8,0,0
7,0,0
6,1,0.0277778
5,3,0.0833333
4,0,0
3,0,0
2,0,0
1,2,0.0555556
0,1,0.0277778
