switch_id,used_rules,usage
13,0,0
12,1,0.0277778
11,1,0.0277778
10,2,0.0555556
9,4,0.111111
8,0,0
7,0,0
6,3,0.0833333
5,0,0
4,0,0
3,2,0.0555556
2,0,0
1,0,0
0,0,0
