switch_id,used_rules,usage
13,2,0.0555556
12,3,0.0833333
11,2,0.0555556
10,2,0.0555556
9,1,0.0277778
8,2,0.0555556
7,1,0.0277778
6,2,0.0555556
5,2,0.0555556
4,1,0.0277778
3,1,0.0277778
2,1,0.0277778
1,1,0.0277778
0,3,0.0833333
