switch_id,used_rules,usage
13,3,0.0833333
12,1,0.0277778
11,2,0.0555556
10,5,0.138889
9,4,0.111111
8,2,0.0555556
7,1,0.0277778
6,3,0.0833333
5,3,0.0833333
4,4,0.111111
3,1,0.0277778
2,0,0
1,2,0.0555556
0,1,0.0277778
