switch_id,used_rules,usage
13,1,0.0277778
12,2,0.0555556
11,2,0.0555556
10,5,0.138889
9,6,0.166667
8,3,0.0833333
7,0,0
6,2,0.0555556
5,2,0.0555556
4,0,0
3,3,0.0833333
2,1,0.0277778
1,1,0.0277778
0,3,0.0833333
