switch_id,used_rules,usage
13,0,0
12,3,0.0833333
11,3,0.0833333
10,4,0.111111
9,4,0.111111
8,2,0.0555556
7,0,0
6,5,0.138889
5,1,0.0277778
4,2,0.0555556
3,2,0.0555556
2,2,0.0555556
1,0,0
0,1,0.0277778
