switch_id,used_rules,usage
13,1,0.0277778
12,0,0
11,6,0.166667
10,5,0.138889
9,5,0.138889
8,2,0.0555556
7,0,0
6,1,0.0277778
5,3,0.0833333
4,4,0.111111
3,4,0.111111
2,1,0.0277778
1,2,0.0555556
0,0,0
