switch_id,used_rules,usage
13,0,0
12,0,0
11,2,0.0555556
10,3,0.0833333
9,3,0.0833333
8,2,0.0555556
7,0,0
6,1,0.0277778
5,0,0
4,3,0.0833333
3,2,0.0555556
2,0,0
1,2,0.0555556
0,1,0.0277778
