switch_id,used_rules,usage
13,2,0.0555556
12,4,0.111111
11,8,0.222222
10,5,0.138889
9,5,0.138889
8,1,0.0277778
7,2,0.0555556
6,3,0.0833333
5,2,0.0555556
4,6,0.166667
3,5,0.138889
2,4,0.111111
1,4,0.111111
0,1,0.0277778
