switch_id,used_rules,usage
13,1,0.0277778
12,1,0.0277778
11,3,0.0833333
10,4,0.111111
9,6,0.166667
8,2,0.0555556
7,1,0.0277778
6,3,0.0833333
5,3,0.0833333
4,2,0.0555556
3,3,0.0833333
2,1,0.0277778
1,1,0.0277778
0,1,0.0277778
