switch_id,used_rules,usage
13,0,0
12,2,0.0555556
11,0,0
10,3,0.0833333
9,1,0.0277778
8,1,0.0277778
7,0,0
6,2,0.0555556
5,2,0.0555556
4,1,0.0277778
3,0,0
2,0,0
1,1,0.0277778
0,1,0.0277778
