switch_id,used_rules,usage
13,0,0
12,1,0.0277778
11,5,0.138889
10,6,0.166667
9,5,0.138889
8,3,0.0833333
7,0,0
6,3,0.0833333
5,3,0.0833333
4,3,0.0833333
3,4,0.111111
2,2,0.0555556
1,0,0
0,0,0
