switch_id,used_rules,usage
13,1,0.0277778
12,0,0
11,1,0.0277778
10,3,0.0833333
9,0,0
8,1,0.0277778
7,1,0.0277778
6,0,0
5,2,0.0555556
4,3,0.0833333
3,0,0
2,1,0.0277778
1,1,0.0277778
0,0,0
