switch_id,used_rules,usage
13,1,0.0277778
12,2,0.0555556
11,4,0.111111
10,6,0.166667
9,6,0.166667
8,1,0.0277778
7,0,0
6,4,0.111111
5,3,0.0833333
4,4,0.111111
3,3,0.0833333
2,0,0
1,1,0.0277778
0,1,0.0277778
