switch_id,used_rules,usage
13,1,0.0277778
12,0,0
11,3,0.0833333
10,3,0.0833333
9,2,0.0555556
8,0,0
7,1,0.0277778
6,1,0.0277778
5,2,0.0555556
4,1,0.0277778
3,1,0.0277778
2,1,0.0277778
1,1,0.0277778
0,0,0
