switch_id,used_rules,usage
13,28,0.777778
12,42,1.16667
11,40,1.11111
10,35,0.972222
9,28,0.777778
8,29,0.805556
7,27,0.75
6,39,1.08333
5,37,1.02778
4,22,0.611111
3,31,0.861111
2,37,1.02778
1,25,0.694444
0,30,0.833333
