switch_id,used_rules,usage
13,3,0.0833333
12,3,0.0833333
11,3,0.0833333
10,5,0.138889
9,6,0.166667
8,2,0.0555556
7,1,0.0277778
6,3,0.0833333
5,6,0.166667
4,3,0.0833333
3,4,0.111111
2,0,0
1,1,0.0277778
0,3,0.0833333
