switch_id,used_rules,usage
13,41,1.13889
12,49,1.36111
11,48,1.33333
10,40,1.11111
9,33,0.916667
8,33,0.916667
7,33,0.916667
6,46,1.27778
5,49,1.36111
4,27,0.75
3,37,1.02778
2,44,1.22222
1,34,0.944444
0,39,1.08333
