switch_id,used_rules,usage
13,2,0.0555556
12,2,0.0555556
11,3,0.0833333
10,3,0.0833333
9,3,0.0833333
8,3,0.0833333
7,0,0
6,2,0.0555556
5,1,0.0277778
4,1,0.0277778
3,6,0.166667
2,0,0
1,4,0.111111
0,2,0.0555556
