switch_id,used_rules,usage
13,2,0.0555556
12,2,0.0555556
11,5,0.138889
10,5,0.138889
9,4,0.111111
8,1,0.0277778
7,0,0
6,1,0.0277778
5,4,0.111111
4,5,0.138889
3,4,0.111111
2,0,0
1,1,0.0277778
0,3,0.0833333
