switch_id,used_rules,usage
13,3,0.0833333
12,1,0.0277778
11,5,0.138889
10,2,0.0555556
9,1,0.0277778
8,2,0.0555556
7,0,0
6,0,0
5,2,0.0555556
4,1,0.0277778
3,3,0.0833333
2,2,0.0555556
1,4,0.111111
0,2,0.0555556
