switch_id,used_rules,usage
13,32,0.888889
12,45,1.25
11,41,1.13889
10,38,1.05556
9,30,0.833333
8,33,0.916667
7,27,0.75
6,42,1.16667
5,40,1.11111
4,22,0.611111
3,34,0.944444
2,38,1.05556
1,27,0.75
0,33,0.916667
