switch_id,used_rules,usage
13,3,0.0833333
12,0,0
11,2,0.0555556
10,2,0.0555556
9,2,0.0555556
8,1,0.0277778
7,1,0.0277778
6,1,0.0277778
5,4,0.111111
4,3,0.0833333
3,3,0.0833333
2,0,0
1,2,0.0555556
0,2,0.0555556
