switch_id,used_rules,usage
13,3,0.0833333
12,3,0.0833333
11,4,0.111111
10,6,0.166667
9,2,0.0555556
8,1,0.0277778
7,1,0.0277778
6,4,0.111111
5,4,0.111111
4,2,0.0555556
3,2,0.0555556
2,1,0.0277778
1,3,0.0833333
0,1,0.0277778
