switch_id,used_rules,usage
13,1,0.0277778
12,1,0.0277778
11,3,0.0833333
10,5,0.138889
9,5,0.138889
8,0,0
7,1,0.0277778
6,1,0.0277778
5,4,0.111111
4,2,0.0555556
3,2,0.0555556
2,1,0.0277778
1,1,0.0277778
0,0,0
