switch_id,used_rules,usage
13,1,0.0277778
12,2,0.0555556
11,2,0.0555556
10,3,0.0833333
9,2,0.0555556
8,0,0
7,1,0.0277778
6,3,0.0833333
5,3,0.0833333
4,2,0.0555556
3,0,0
2,2,0.0555556
1,1,0.0277778
0,1,0.0277778
