switch_id,used_rules,usage
13,0,0
12,4,0.111111
11,4,0.111111
10,7,0.194444
9,6,0.166667
8,2,0.0555556
7,0,0
6,5,0.138889
5,0,0
4,4,0.111111
3,4,0.111111
2,2,0.0555556
1,2,0.0555556
0,4,0.111111
