switch_id,used_rules,usage
13,0,0
12,2,0.0555556
11,1,0.0277778
10,1,0.0277778
9,1,0.0277778
8,0,0
7,0,0
6,2,0.0555556
5,0,0
4,2,0.0555556
3,0,0
2,1,0.0277778
1,1,0.0277778
0,1,0.0277778
