switch_id,used_rules,usage
13,1,0.0277778
12,2,0.0555556
11,7,0.194444
10,4,0.111111
9,3,0.0833333
8,2,0.0555556
7,3,0.0833333
6,2,0.0555556
5,3,0.0833333
4,5,0.138889
3,4,0.111111
2,4,0.111111
1,3,0.0833333
0,0,0
