switch_id,used_rules,usage
13,1,0.0277778
12,1,0.0277778
11,2,0.0555556
10,4,0.111111
9,3,0.0833333
8,3,0.0833333
7,0,0
6,2,0.0555556
5,2,0.0555556
4,1,0.0277778
3,2,0.0555556
2,1,0.0277778
1,1,0.0277778
0,1,0.0277778
