switch_id,used_rules,usage
13,32,0.888889
12,44,1.22222
11,41,1.13889
10,37,1.02778
9,28,0.777778
8,32,0.888889
7,26,0.722222
6,42,1.16667
5,40,1.11111
4,23,0.638889
3,32,0.888889
2,37,1.02778
1,27,0.75
0,34,0.944444
