switch_id,used_rules,usage
13,3,0.0833333
12,3,0.0833333
11,1,0.0277778
10,7,0.194444
9,3,0.0833333
8,3,0.0833333
7,1,0.0277778
6,4,0.111111
5,4,0.111111
4,4,0.111111
3,3,0.0833333
2,1,0.0277778
1,1,0.0277778
0,2,0.0555556
