switch_id,used_rules,usage
13,2,0.0555556
12,2,0.0555556
11,7,0.194444
10,3,0.0833333
9,3,0.0833333
8,2,0.0555556
7,0,0
6,3,0.0833333
5,1,0.0277778
4,3,0.0833333
3,4,0.111111
2,2,0.0555556
1,3,0.0833333
0,0,0
