switch_id,used_rules,usage
13,1,0.0277778
12,1,0.0277778
11,0,0
10,2,0.0555556
9,3,0.0833333
8,1,0.0277778
7,1,0.0277778
6,2,0.0555556
5,2,0.0555556
4,0,0
3,0,0
2,0,0
1,1,0.0277778
0,1,0.0277778
