switch_id,used_rules,usage
13,4,0.111111
12,2,0.0555556
11,2,0.0555556
10,3,0.0833333
9,4,0.111111
8,3,0.0833333
7,2,0.0555556
6,3,0.0833333
5,3,0.0833333
4,2,0.0555556
3,3,0.0833333
2,2,0.0555556
1,4,0.111111
0,4,0.111111
