switch_id,used_rules,usage
13,2,0.0555556
12,2,0.0555556
11,4,0.111111
10,8,0.222222
9,10,0.277778
8,3,0.0833333
7,0,0
6,6,0.166667
5,5,0.138889
4,5,0.138889
3,5,0.138889
2,0,0
1,1,0.0277778
0,2,0.0555556
