switch_id,used_rules,usage
13,1,0.0277778
12,2,0.0555556
11,1,0.0277778
10,4,0.111111
9,2,0.0555556
8,3,0.0833333
7,0,0
6,3,0.0833333
5,1,0.0277778
4,2,0.0555556
3,0,0
2,1,0.0277778
1,0,0
0,2,0.0555556
