switch_id,used_rules,usage
13,2,0.0555556
12,1,0.0277778
11,1,0.0277778
10,4,0.111111
9,4,0.111111
8,1,0.0277778
7,0,0
6,2,0.0555556
5,4,0.111111
4,2,0.0555556
3,1,0.0277778
2,1,0.0277778
1,2,0.0555556
0,0,0
