switch_id,used_rules,usage
13,2,0.0555556
12,0,0
11,4,0.111111
10,4,0.111111
9,6,0.166667
8,1,0.0277778
7,0,0
6,1,0.0277778
5,1,0.0277778
4,2,0.0555556
3,5,0.138889
2,0,0
1,4,0.111111
0,0,0
