switch_id,used_rules,usage
13,27,0.75
12,40,1.11111
11,38,1.05556
10,36,1
9,28,0.777778
8,30,0.833333
7,25,0.694444
6,39,1.08333
5,36,1
4,19,0.527778
3,29,0.805556
2,35,0.972222
1,26,0.722222
0,28,0.777778
