switch_id,used_rules,usage
13,25,0.694444
12,36,1
11,38,1.05556
10,33,0.916667
9,27,0.75
8,29,0.805556
7,23,0.638889
6,35,0.972222
5,31,0.861111
4,20,0.555556
3,30,0.833333
2,32,0.888889
1,24,0.666667
0,26,0.722222
