switch_id,used_rules,usage
13,3,0.0833333
12,2,0.0555556
11,3,0.0833333
10,4,0.111111
9,3,0.0833333
8,3,0.0833333
7,4,0.111111
6,3,0.0833333
5,1,0.0277778
4,4,0.111111
3,2,0.0555556
2,4,0.111111
1,3,0.0833333
0,2,0.0555556
