switch_id,used_rules,usage
13,2,0.0555556
12,4,0.111111
11,2,0.0555556
10,2,0.0555556
9,3,0.0833333
8,2,0.0555556
7,2,0.0555556
6,4,0.111111
5,3,0.0833333
4,1,0.0277778
3,1,0.0277778
2,3,0.0833333
1,1,0.0277778
0,2,0.0555556
