switch_id,used_rules,usage
13,1,0.0277778
12,2,0.0555556
11,5,0.138889
10,3,0.0833333
9,4,0.111111
8,1,0.0277778
7,1,0.0277778
6,3,0.0833333
5,1,0.0277778
4,5,0.138889
3,2,0.0555556
2,2,0.0555556
1,0,0
0,0,0
