switch_id,used_rules,usage
13,30,0.833333
12,41,1.13889
11,39,1.08333
10,38,1.05556
9,28,0.777778
8,33,0.916667
7,27,0.75
6,38,1.05556
5,39,1.08333
4,20,0.555556
3,32,0.888889
2,36,1
1,27,0.75
0,31,0.861111
