switch_id,used_rules,usage
13,29,0.805556
12,42,1.16667
11,40,1.11111
10,36,1
9,28,0.777778
8,31,0.861111
7,25,0.694444
6,39,1.08333
5,35,0.972222
4,21,0.583333
3,32,0.888889
2,36,1
1,25,0.694444
0,31,0.861111
