switch_id,used_rules,usage
13,0,0
12,2,0.0555556
11,5,0.138889
10,5,0.138889
9,5,0.138889
8,2,0.0555556
7,2,0.0555556
6,3,0.0833333
5,3,0.0833333
4,2,0.0555556
3,1,0.0277778
2,4,0.111111
1,3,0.0833333
0,2,0.0555556
