switch_id,used_rules,usage
13,1,0.0277778
12,2,0.0555556
11,4,0.111111
10,3,0.0833333
9,4,0.111111
8,2,0.0555556
7,2,0.0555556
6,3,0.0833333
5,2,0.0555556
4,1,0.0277778
3,3,0.0833333
2,3,0.0833333
1,2,0.0555556
0,0,0
