switch_id,used_rules,usage
13,25,0.694444
12,36,1
11,35,0.972222
10,31,0.861111
9,26,0.722222
8,27,0.75
7,23,0.638889
6,35,0.972222
5,31,0.861111
4,17,0.472222
3,27,0.75
2,32,0.888889
1,23,0.638889
0,26,0.722222
