switch_id,used_rules,usage
13,1,0.0277778
12,2,0.0555556
11,2,0.0555556
10,1,0.0277778
9,0,0
8,0,0
7,0,0
6,1,0.0277778
5,0,0
4,2,0.0555556
3,0,0
2,1,0.0277778
1,2,0.0555556
0,1,0.0277778
