switch_id,used_rules,usage
13,31,0.861111
12,45,1.25
11,45,1.25
10,38,1.05556
9,28,0.777778
8,34,0.944444
7,26,0.722222
6,41,1.13889
5,37,1.02778
4,25,0.694444
3,34,0.944444
2,39,1.08333
1,28,0.777778
0,33,0.916667
