switch_id,used_rules,usage
13,2,0.0555556
12,2,0.0555556
11,1,0.0277778
10,4,0.111111
9,4,0.111111
8,1,0.0277778
7,0,0
6,4,0.111111
5,3,0.0833333
4,1,0.0277778
3,2,0.0555556
2,0,0
1,1,0.0277778
0,2,0.0555556
