switch_id,used_rules,usage
13,0,0
12,2,0.0555556
11,6,0.166667
10,5,0.138889
9,8,0.222222
8,2,0.0555556
7,0,0
6,4,0.111111
5,1,0.0277778
4,2,0.0555556
3,5,0.138889
2,2,0.0555556
1,1,0.0277778
0,1,0.0277778
