switch_id,used_rules,usage
13,26,0.722222
12,38,1.05556
11,37,1.02778
10,33,0.916667
9,25,0.694444
8,29,0.805556
7,24,0.666667
6,35,0.972222
5,32,0.888889
4,19,0.527778
3,30,0.833333
2,33,0.916667
1,24,0.666667
0,29,0.805556
