switch_id,used_rules,usage
13,1,0.0277778
12,0,0
11,1,0.0277778
10,5,0.138889
9,4,0.111111
8,2,0.0555556
7,0,0
6,3,0.0833333
5,2,0.0555556
4,1,0.0277778
3,2,0.0555556
2,0,0
1,0,0
0,1,0.0277778
