switch_id,used_rules,usage
13,3,0.0833333
12,4,0.111111
11,4,0.111111
10,4,0.111111
9,5,0.138889
8,2,0.0555556
7,0,0
6,4,0.111111
5,3,0.0833333
4,0,0
3,3,0.0833333
2,4,0.111111
1,2,0.0555556
0,2,0.0555556
