switch_id,used_rules,usage
13,2,0.0555556
12,1,0.0277778
11,3,0.0833333
10,2,0.0555556
9,2,0.0555556
8,1,0.0277778
7,2,0.0555556
6,2,0.0555556
5,3,0.0833333
4,2,0.0555556
3,2,0.0555556
2,2,0.0555556
1,1,0.0277778
0,1,0.0277778
