switch_id,used_rules,usage
13,0,0
12,1,0.0277778
11,1,0.0277778
10,5,0.138889
9,6,0.166667
8,0,0
7,1,0.0277778
6,3,0.0833333
5,2,0.0555556
4,1,0.0277778
3,2,0.0555556
2,0,0
1,0,0
0,1,0.0277778
