switch_id,used_rules,usage
13,2,0.0555556
12,1,0.0277778
11,3,0.0833333
10,4,0.111111
9,4,0.111111
8,2,0.0555556
7,0,0
6,3,0.0833333
5,2,0.0555556
4,3,0.0833333
3,0,0
2,0,0
1,4,0.111111
0,1,0.0277778
