switch_id,used_rules,usage
13,0,0
12,0,0
11,3,0.0833333
10,5,0.138889
9,2,0.0555556
8,4,0.111111
7,2,0.0555556
6,2,0.0555556
5,2,0.0555556
4,3,0.0833333
3,1,0.0277778
2,1,0.0277778
1,0,0
0,0,0
