switch_id,used_rules,usage
13,0,0
12,1,0.0277778
11,2,0.0555556
10,5,0.138889
9,4,0.111111
8,2,0.0555556
7,2,0.0555556
6,1,0.0277778
5,2,0.0555556
4,5,0.138889
3,2,0.0555556
2,2,0.0555556
1,0,0
0,0,0
