switch_id,used_rules,usage
13,3,0.0833333
12,5,0.138889
11,5,0.138889
10,8,0.222222
9,5,0.138889
8,2,0.0555556
7,0,0
6,5,0.138889
5,4,0.111111
4,4,0.111111
3,5,0.138889
2,2,0.0555556
1,2,0.0555556
0,3,0.0833333
