switch_id,used_rules,usage
13,43,1.19444
12,55,1.52778
11,50,1.38889
10,39,1.08333
9,33,0.916667
8,34,0.944444
7,34,0.944444
6,48,1.33333
5,50,1.38889
4,26,0.722222
3,37,1.02778
2,48,1.33333
1,36,1
0,43,1.19444
