switch_id,used_rules,usage
13,3,0.0833333
12,1,0.0277778
11,5,0.138889
10,2,0.0555556
9,3,0.0833333
8,1,0.0277778
7,0,0
6,1,0.0277778
5,3,0.0833333
4,5,0.138889
3,2,0.0555556
2,1,0.0277778
1,3,0.0833333
0,1,0.0277778
