switch_id,used_rules,usage
13,5,0.138889
12,3,0.0833333
11,3,0.0833333
10,5,0.138889
9,4,0.111111
8,3,0.0833333
7,0,0
6,4,0.111111
5,5,0.138889
4,2,0.0555556
3,4,0.111111
2,0,0
1,3,0.0833333
0,5,0.138889
