switch_id,used_rules,usage
13,34,0.944444
12,42,1.16667
11,44,1.22222
10,39,1.08333
9,29,0.805556
8,32,0.888889
7,26,0.722222
6,39,1.08333
5,39,1.08333
4,23,0.638889
3,35,0.972222
2,37,1.02778
1,30,0.833333
0,33,0.916667
