switch_id,used_rules,usage
13,1,0.0277778
12,2,0.0555556
11,4,0.111111
10,2,0.0555556
9,3,0.0833333
8,2,0.0555556
7,1,0.0277778
6,2,0.0555556
5,2,0.0555556
4,3,0.0833333
3,3,0.0833333
2,2,0.0555556
1,1,0.0277778
0,2,0.0555556
