switch_id,used_rules,usage
13,1,0.0277778
12,1,0.0277778
11,2,0.0555556
10,9,0.25
9,7,0.194444
8,2,0.0555556
7,1,0.0277778
6,2,0.0555556
5,4,0.111111
4,4,0.111111
3,3,0.0833333
2,0,0
1,0,0
0,1,0.0277778
