switch_id,used_rules,usage
13,2,0.0555556
12,2,0.0555556
11,2,0.0555556
10,3,0.0833333
9,6,0.166667
8,2,0.0555556
7,3,0.0833333
6,4,0.111111
5,3,0.0833333
4,1,0.0277778
3,2,0.0555556
2,2,0.0555556
1,0,0
0,1,0.0277778
