switch_id,used_rules,usage
13,1,0.0277778
12,3,0.0833333
11,3,0.0833333
10,3,0.0833333
9,4,0.111111
8,1,0.0277778
7,0,0
6,4,0.111111
5,1,0.0277778
4,2,0.0555556
3,1,0.0277778
2,2,0.0555556
1,3,0.0833333
0,4,0.111111
