switch_id,used_rules,usage
13,1,0.0277778
12,0,0
11,6,0.166667
10,4,0.111111
9,1,0.0277778
8,1,0.0277778
7,0,0
6,0,0
5,2,0.0555556
4,5,0.138889
3,3,0.0833333
2,3,0.0833333
1,2,0.0555556
0,0,0
