switch_id,used_rules,usage
13,29,0.805556
12,42,1.16667
11,39,1.08333
10,35,0.972222
9,27,0.75
8,33,0.916667
7,24,0.666667
6,41,1.13889
5,35,0.972222
4,20,0.555556
3,31,0.861111
2,34,0.944444
1,25,0.694444
0,31,0.861111
