switch_id,used_rules,usage
13,3,0.0833333
12,1,0.0277778
11,4,0.111111
10,5,0.138889
9,4,0.111111
8,4,0.111111
7,0,0
6,3,0.0833333
5,0,0
4,4,0.111111
3,2,0.0555556
2,0,0
1,3,0.0833333
0,2,0.0555556
