switch_id,used_rules,usage
13,26,0.722222
12,40,1.11111
11,39,1.08333
10,34,0.944444
9,26,0.722222
8,30,0.833333
7,25,0.694444
6,37,1.02778
5,34,0.944444
4,21,0.583333
3,31,0.861111
2,35,0.972222
1,24,0.666667
0,29,0.805556
