switch_id,used_rules,usage
13,27,0.75
12,40,1.11111
11,38,1.05556
10,34,0.944444
9,28,0.777778
8,25,0.694444
7,25,0.694444
6,35,0.972222
5,35,0.972222
4,20,0.555556
3,29,0.805556
2,35,0.972222
1,26,0.722222
0,29,0.805556
