switch_id,used_rules,usage
13,1,0.0277778
12,3,0.0833333
11,4,0.111111
10,5,0.138889
9,8,0.222222
8,2,0.0555556
7,1,0.0277778
6,6,0.166667
5,2,0.0555556
4,3,0.0833333
3,3,0.0833333
2,3,0.0833333
1,0,0
0,0,0
