switch_id,used_rules,usage
13,1,0.0277778
12,1,0.0277778
11,6,0.166667
10,5,0.138889
9,4,0.111111
8,3,0.0833333
7,1,0.0277778
6,1,0.0277778
5,1,0.0277778
4,5,0.138889
3,3,0.0833333
2,3,0.0833333
1,5,0.138889
0,2,0.0555556
