switch_id,used_rules,usage
13,3,0.0833333
12,2,0.0555556
11,2,0.0555556
10,3,0.0833333
9,2,0.0555556
8,0,0
7,2,0.0555556
6,1,0.0277778
5,3,0.0833333
4,3,0.0833333
3,1,0.0277778
2,3,0.0833333
1,1,0.0277778
0,3,0.0833333
