switch_id,used_rules,usage
13,2,0.0555556
12,2,0.0555556
11,4,0.111111
10,3,0.0833333
9,3,0.0833333
8,2,0.0555556
7,3,0.0833333
6,2,0.0555556
5,4,0.111111
4,4,0.111111
3,3,0.0833333
2,2,0.0555556
1,2,0.0555556
0,2,0.0555556
