switch_id,used_rules,usage
13,35,0.972222
12,46,1.27778
11,38,1.05556
10,38,1.05556
9,29,0.805556
8,31,0.861111
7,28,0.777778
6,42,1.16667
5,42,1.16667
4,21,0.583333
3,34,0.944444
2,37,1.02778
1,28,0.777778
0,35,0.972222
