switch_id,used_rules,usage
13,29,0.805556
12,41,1.13889
11,44,1.22222
10,38,1.05556
9,30,0.833333
8,32,0.888889
7,26,0.722222
6,40,1.11111
5,36,1
4,22,0.611111
3,35,0.972222
2,37,1.02778
1,27,0.75
0,31,0.861111
