switch_id,used_rules,usage
13,3,0.0833333
12,6,0.166667
11,4,0.111111
10,2,0.0555556
9,1,0.0277778
8,3,0.0833333
7,2,0.0555556
6,6,0.166667
5,2,0.0555556
4,0,0
3,2,0.0555556
2,4,0.111111
1,2,0.0555556
0,3,0.0833333
