switch_id,used_rules,usage
13,1,0.0277778
12,4,0.111111
11,8,0.222222
10,4,0.111111
9,6,0.166667
8,2,0.0555556
7,2,0.0555556
6,4,0.111111
5,2,0.0555556
4,3,0.0833333
3,5,0.138889
2,5,0.138889
1,1,0.0277778
0,3,0.0833333
