switch_id,used_rules,usage
13,3,0.0833333
12,2,0.0555556
11,5,0.138889
10,4,0.111111
9,4,0.111111
8,1,0.0277778
7,1,0.0277778
6,2,0.0555556
5,4,0.111111
4,1,0.0277778
3,3,0.0833333
2,3,0.0833333
1,3,0.0833333
0,1,0.0277778
