switch_id,used_rules,usage
13,1,0.0277778
12,0,0
11,1,0.0277778
10,6,0.166667
9,4,0.111111
8,0,0
7,0,0
6,1,0.0277778
5,2,0.0555556
4,1,0.0277778
3,2,0.0555556
2,0,0
1,1,0.0277778
0,1,0.0277778
