switch_id,used_rules,usage
13,1,0.0277778
12,2,0.0555556
11,4,0.111111
10,1,0.0277778
9,2,0.0555556
8,1,0.0277778
7,3,0.0833333
6,3,0.0833333
5,3,0.0833333
4,2,0.0555556
3,3,0.0833333
2,3,0.0833333
1,3,0.0833333
0,3,0.0833333
