switch_id,used_rules,usage
13,28,0.777778
12,40,1.11111
11,42,1.16667
10,37,1.02778
9,28,0.777778
8,31,0.861111
7,27,0.75
6,38,1.05556
5,37,1.02778
4,22,0.611111
3,33,0.916667
2,37,1.02778
1,25,0.694444
0,28,0.777778
