switch_id,used_rules,usage
13,2,0.0555556
12,2,0.0555556
11,5,0.138889
10,8,0.222222
9,5,0.138889
8,3,0.0833333
7,1,0.0277778
6,4,0.111111
5,5,0.138889
4,4,0.111111
3,1,0.0277778
2,3,0.0833333
1,3,0.0833333
0,3,0.0833333
