switch_id,used_rules,usage
13,2,0.0555556
12,1,0.0277778
11,2,0.0555556
10,4,0.111111
9,4,0.111111
8,0,0
7,0,0
6,1,0.0277778
5,2,0.0555556
4,4,0.111111
3,3,0.0833333
2,0,0
1,1,0.0277778
0,1,0.0277778
