switch_id,used_rules,usage
13,1,0.0277778
12,1,0.0277778
11,1,0.0277778
10,3,0.0833333
9,1,0.0277778
8,1,0.0277778
7,2,0.0555556
6,0,0
5,3,0.0833333
4,1,0.0277778
3,0,0
2,1,0.0277778
1,1,0.0277778
0,0,0
