switch_id,used_rules,usage
13,1,0.0277778
12,0,0
11,4,0.111111
10,3,0.0833333
9,3,0.0833333
8,1,0.0277778
7,0,0
6,1,0.0277778
5,1,0.0277778
4,2,0.0555556
3,2,0.0555556
2,0,0
1,3,0.0833333
0,1,0.0277778
