switch_id,used_rules,usage
13,27,0.75
12,39,1.08333
11,38,1.05556
10,34,0.944444
9,27,0.75
8,30,0.833333
7,25,0.694444
6,37,1.02778
5,33,0.916667
4,19,0.527778
3,31,0.861111
2,34,0.944444
1,25,0.694444
0,29,0.805556
