switch_id,used_rules,usage
13,1,0.0277778
12,2,0.0555556
11,4,0.111111
10,3,0.0833333
9,1,0.0277778
8,4,0.111111
7,3,0.0833333
6,3,0.0833333
5,3,0.0833333
4,3,0.0833333
3,1,0.0277778
2,2,0.0555556
1,3,0.0833333
0,3,0.0833333
