switch_id,used_rules,usage
13,2,0.0555556
12,4,0.111111
11,3,0.0833333
10,4,0.111111
9,4,0.111111
8,4,0.111111
7,0,0
6,6,0.166667
5,2,0.0555556
4,3,0.0833333
3,1,0.0277778
2,3,0.0833333
1,1,0.0277778
0,1,0.0277778
