switch_id,used_rules,usage
13,3,0.0833333
12,0,0
11,4,0.111111
10,3,0.0833333
9,4,0.111111
8,2,0.0555556
7,0,0
6,2,0.0555556
5,4,0.111111
4,1,0.0277778
3,4,0.111111
2,0,0
1,3,0.0833333
0,0,0
