switch_id,used_rules,usage
13,2,0.0555556
12,2,0.0555556
11,7,0.194444
10,6,0.166667
9,8,0.222222
8,4,0.111111
7,1,0.0277778
6,3,0.0833333
5,3,0.0833333
4,5,0.138889
3,7,0.194444
2,1,0.0277778
1,3,0.0833333
0,3,0.0833333
