switch_id,used_rules,usage
13,27,0.75
12,40,1.11111
11,37,1.02778
10,34,0.944444
9,27,0.75
8,28,0.777778
7,24,0.666667
6,36,1
5,35,0.972222
4,20,0.555556
3,29,0.805556
2,34,0.944444
1,24,0.666667
0,29,0.805556
