switch_id,used_rules,usage
13,1,0.0277778
12,1,0.0277778
11,1,0.0277778
10,2,0.0555556
9,4,0.111111
8,3,0.0833333
7,0,0
6,3,0.0833333
5,1,0.0277778
4,0,0
3,1,0.0277778
2,0,0
1,1,0.0277778
0,1,0.0277778
