switch_id,used_rules,usage
13,0,0
12,4,0.111111
11,2,0.0555556
10,2,0.0555556
9,5,0.138889
8,1,0.0277778
7,0,0
6,3,0.0833333
5,0,0
4,2,0.0555556
3,1,0.0277778
2,2,0.0555556
1,2,0.0555556
0,2,0.0555556
