switch_id,used_rules,usage
13,1,0.0277778
12,3,0.0833333
11,2,0.0555556
10,2,0.0555556
9,3,0.0833333
8,2,0.0555556
7,0,0
6,3,0.0833333
5,0,0
4,2,0.0555556
3,0,0
2,2,0.0555556
1,2,0.0555556
0,1,0.0277778
