switch_id,used_rules,usage
13,1,0.0277778
12,3,0.0833333
11,3,0.0833333
10,10,0.277778
9,6,0.166667
8,4,0.111111
7,0,0
6,5,0.138889
5,3,0.0833333
4,4,0.111111
3,5,0.138889
2,0,0
1,3,0.0833333
0,2,0.0555556
