switch_id,used_rules,usage
13,3,0.0833333
12,0,0
11,6,0.166667
10,5,0.138889
9,6,0.166667
8,4,0.111111
7,0,0
6,3,0.0833333
5,2,0.0555556
4,2,0.0555556
3,4,0.111111
2,0,0
1,4,0.111111
0,0,0
