switch_id,used_rules,usage
13,29,0.805556
12,42,1.16667
11,40,1.11111
10,35,0.972222
9,28,0.777778
8,30,0.833333
7,25,0.694444
6,39,1.08333
5,34,0.944444
4,20,0.555556
3,32,0.888889
2,35,0.972222
1,26,0.722222
0,31,0.861111
