switch_id,used_rules,usage
13,1,0.0277778
12,1,0.0277778
11,4,0.111111
10,2,0.0555556
9,2,0.0555556
8,1,0.0277778
7,0,0
6,2,0.0555556
5,1,0.0277778
4,2,0.0555556
3,2,0.0555556
2,1,0.0277778
1,1,0.0277778
0,0,0
