switch_id,used_rules,usage
13,34,0.944444
12,46,1.27778
11,44,1.22222
10,38,1.05556
9,30,0.833333
8,33,0.916667
7,29,0.805556
6,43,1.19444
5,41,1.13889
4,23,0.638889
3,36,1
2,40,1.11111
1,29,0.805556
0,35,0.972222
