switch_id,used_rules,usage
13,2,0.0555556
12,0,0
11,4,0.111111
10,4,0.111111
9,6,0.166667
8,4,0.111111
7,1,0.0277778
6,3,0.0833333
5,2,0.0555556
4,3,0.0833333
3,6,0.166667
2,1,0.0277778
1,3,0.0833333
0,1,0.0277778
