switch_id,used_rules,usage
13,2,0.0555556
12,3,0.0833333
11,6,0.166667
10,4,0.111111
9,7,0.194444
8,2,0.0555556
7,1,0.0277778
6,6,0.166667
5,1,0.0277778
4,6,0.166667
3,2,0.0555556
2,2,0.0555556
1,4,0.111111
0,4,0.111111
