switch_id,used_rules,usage
13,3,0.0833333
12,2,0.0555556
11,3,0.0833333
10,7,0.194444
9,6,0.166667
8,2,0.0555556
7,2,0.0555556
6,3,0.0833333
5,4,0.111111
4,5,0.138889
3,3,0.0833333
2,2,0.0555556
1,2,0.0555556
0,1,0.0277778
