switch_id,used_rules,usage
13,28,0.777778
12,41,1.13889
11,39,1.08333
10,36,1
9,27,0.75
8,30,0.833333
7,24,0.666667
6,38,1.05556
5,35,0.972222
4,21,0.583333
3,30,0.833333
2,35,0.972222
1,25,0.694444
0,30,0.833333
