switch_id,used_rules,usage
21,189,0.818182
20,143,0.619048
19,111,0.480519
18,115,0.497835
17,86,0.372294
16,88,0.380952
15,100,0.4329
14,138,0.597403
13,83,0.359307
12,191,0.82684
11,99,0.428571
10,98,0.424242
9,172,0.744589
8,118,0.510823
7,87,0.376623
6,208,0.900433
5,131,0.5671
4,422,1.82684
3,207,0.896104
2,92,0.398268
1,104,0.450216
0,255,1.1039
