switch_id,used_rules,usage
21,205,0.887446
20,158,0.683983
19,112,0.484848
18,112,0.484848
17,95,0.411255
16,91,0.393939
15,102,0.441558
14,146,0.632035
13,88,0.380952
12,192,0.831169
11,105,0.454545
10,116,0.502165
9,184,0.796537
8,124,0.536797
7,93,0.402597
6,219,0.948052
5,138,0.597403
4,444,1.92208
3,225,0.974026
2,103,0.445887
1,105,0.454545
0,260,1.12554
