switch_id,used_rules,usage
21,674,2.91775
20,507,2.19481
19,388,1.67965
18,305,1.32035
17,273,1.18182
16,306,1.32468
15,265,1.14719
14,447,1.93506
13,247,1.06926
12,605,2.61905
11,344,1.48918
10,354,1.53247
9,595,2.57576
8,410,1.77489
7,274,1.18615
6,667,2.88745
5,436,1.88745
4,1145,4.95671
3,670,2.90043
2,328,1.41991
1,311,1.34632
0,716,3.09957
