switch_id,used_rules,usage
21,561,2.42857
20,429,1.85714
19,293,1.2684
18,261,1.12987
17,227,0.982684
16,240,1.03896
15,228,0.987013
14,366,1.58442
13,221,0.95671
12,521,2.25541
11,298,1.29004
10,319,1.38095
9,482,2.08658
8,325,1.40693
7,243,1.05195
6,561,2.42857
5,362,1.5671
4,1002,4.33766
3,558,2.41558
2,233,1.00866
1,275,1.19048
0,573,2.48052
