switch_id,used_rules,usage
21,420,1.81818
20,282,1.22078
19,229,0.991342
18,168,0.727273
17,185,0.800866
16,145,0.627706
15,174,0.753247
14,261,1.12987
13,169,0.731602
12,374,1.61905
11,203,0.878788
10,245,1.06061
9,317,1.37229
8,231,1
7,161,0.69697
6,435,1.88312
5,271,1.17316
4,732,3.16883
3,378,1.63636
2,232,1.00433
1,209,0.904762
0,453,1.96104
