switch_id,used_rules,usage
21,158,0.683983
20,91,0.393939
19,104,0.450216
18,102,0.441558
17,65,0.281385
16,81,0.350649
15,80,0.34632
14,121,0.52381
13,57,0.246753
12,148,0.640693
11,72,0.311688
10,62,0.268398
9,123,0.532468
8,90,0.38961
7,58,0.251082
6,169,0.731602
5,106,0.458874
4,297,1.28571
3,142,0.614719
2,123,0.532468
1,89,0.385281
0,246,1.06494
