switch_id,used_rules,usage
21,229,0.991342
20,169,0.731602
19,129,0.558442
18,118,0.510823
17,99,0.428571
16,93,0.402597
15,114,0.493506
14,165,0.714286
13,98,0.424242
12,220,0.952381
11,122,0.528139
10,128,0.554113
9,195,0.844156
8,143,0.619048
7,100,0.4329
6,242,1.04762
5,155,0.670996
4,488,2.11255
3,238,1.0303
2,110,0.47619
1,124,0.536797
0,284,1.22944
