switch_id,used_rules,usage
21,287,1.24242
20,195,0.844156
19,167,0.722944
18,140,0.606061
17,127,0.549784
16,113,0.489177
15,128,0.554113
14,184,0.796537
13,114,0.493506
12,279,1.20779
11,124,0.536797
10,154,0.666667
9,222,0.961039
8,164,0.709957
7,123,0.532468
6,320,1.38528
5,210,0.909091
4,542,2.34632
3,270,1.16883
2,205,0.887446
1,152,0.658009
0,359,1.55411
