switch_id,used_rules,usage
21,257,1.11255
20,191,0.82684
19,151,0.65368
18,120,0.519481
17,115,0.497835
16,104,0.450216
15,133,0.575758
14,180,0.779221
13,115,0.497835
12,288,1.24675
11,152,0.658009
10,150,0.649351
9,220,0.952381
8,164,0.709957
7,134,0.580087
6,297,1.28571
5,204,0.883117
4,560,2.42424
3,272,1.17749
2,148,0.640693
1,132,0.571429
0,332,1.43723
