switch_id,used_rules,usage
21,236,1.02165
20,175,0.757576
19,139,0.601732
18,118,0.510823
17,107,0.463203
16,97,0.419913
15,120,0.519481
14,156,0.675325
13,101,0.437229
12,242,1.04762
11,129,0.558442
10,134,0.580087
9,204,0.883117
8,155,0.670996
7,112,0.484848
6,263,1.13853
5,165,0.714286
4,517,2.2381
3,247,1.06926
2,125,0.541126
1,124,0.536797
0,304,1.31602
