switch_id,used_rules,usage
21,332,1.43723
20,248,1.07359
19,173,0.748918
18,158,0.683983
17,151,0.65368
16,134,0.580087
15,133,0.575758
14,208,0.900433
13,151,0.65368
12,337,1.45887
11,171,0.74026
10,208,0.900433
9,267,1.15584
8,193,0.835498
7,156,0.675325
6,384,1.66234
5,253,1.09524
4,691,2.99134
3,338,1.4632
2,177,0.766234
1,177,0.766234
0,374,1.61905
