switch_id,used_rules,usage
21,152,0.658009
20,78,0.337662
19,97,0.419913
18,101,0.437229
17,61,0.264069
16,76,0.329004
15,82,0.354978
14,114,0.493506
13,52,0.225108
12,134,0.580087
11,65,0.281385
10,58,0.251082
9,111,0.480519
8,83,0.359307
7,53,0.229437
6,154,0.666667
5,91,0.393939
4,268,1.16017
3,126,0.545455
2,116,0.502165
1,84,0.363636
0,230,0.995671
