switch_id,used_rules,usage
9,76,1.68889
8,76,1.68889
7,79,1.75556
6,69,1.53333
5,68,1.51111
4,69,1.53333
3,68,1.51111
2,77,1.71111
1,75,1.66667
0,202,4.48889
