switch_id,used_rules,usage
9,75,1.66667
8,75,1.66667
7,86,1.91111
6,80,1.77778
5,71,1.57778
4,73,1.62222
3,69,1.53333
2,80,1.77778
1,85,1.88889
0,190,4.22222
