switch_id,used_rules,usage
9,48,1.06667
8,45,1
7,51,1.13333
6,50,1.11111
5,49,1.08889
4,49,1.08889
3,43,0.955556
2,47,1.04444
1,47,1.04444
0,112,2.48889
