switch_id,used_rules,usage
9,23,0.511111
8,24,0.533333
7,26,0.577778
6,25,0.555556
5,21,0.466667
4,25,0.555556
3,21,0.466667
2,25,0.555556
1,28,0.622222
0,41,0.911111
