switch_id,used_rules,usage
9,40,0.888889
8,37,0.822222
7,45,1
6,38,0.844444
5,36,0.8
4,36,0.8
3,36,0.8
2,38,0.844444
1,43,0.955556
0,96,2.13333
