switch_id,used_rules,usage
26,74,2.24242
25,116,3.51515
24,90,2.72727
23,99,3
22,77,2.33333
21,94,2.84848
20,55,1.66667
19,98,2.9697
18,162,4.90909
17,125,3.78788
16,151,4.57576
15,198,6
14,100,3.0303
13,87,2.63636
12,106,3.21212
11,108,3.27273
10,130,3.93939
9,75,2.27273
8,147,4.45455
7,80,2.42424
6,91,2.75758
5,122,3.69697
4,162,4.90909
3,114,3.45455
2,143,4.33333
1,79,2.39394
0,49,1.48485
