switch_id,used_rules,usage
26,325,9.84848
25,413,12.5152
24,359,10.8788
23,481,14.5758
22,331,10.0303
21,441,13.3636
20,236,7.15152
19,467,14.1515
18,620,18.7879
17,409,12.3939
16,517,15.6667
15,735,22.2727
14,412,12.4848
13,312,9.45455
12,378,11.4545
11,367,11.1212
10,527,15.9697
9,268,8.12121
8,488,14.7879
7,275,8.33333
6,336,10.1818
5,397,12.0303
4,436,13.2121
3,318,9.63636
2,482,14.6061
1,335,10.1515
0,224,6.78788
