switch_id,used_rules,usage
26,92,2.78788
25,127,3.84848
24,100,3.0303
23,150,4.54545
22,99,3
21,132,4
20,71,2.15152
19,136,4.12121
18,206,6.24242
17,145,4.39394
16,182,5.51515
15,249,7.54545
14,140,4.24242
13,121,3.66667
12,134,4.06061
11,133,4.0303
10,165,5
9,92,2.78788
8,176,5.33333
7,103,3.12121
6,125,3.78788
5,151,4.57576
4,178,5.39394
3,118,3.57576
2,170,5.15152
1,105,3.18182
0,64,1.93939
