switch_id,used_rules,usage
26,51,1.54545
25,82,2.48485
24,64,1.93939
23,67,2.0303
22,52,1.57576
21,67,2.0303
20,41,1.24242
19,73,2.21212
18,119,3.60606
17,90,2.72727
16,115,3.48485
15,139,4.21212
14,74,2.24242
13,69,2.09091
12,88,2.66667
11,78,2.36364
10,95,2.87879
9,57,1.72727
8,110,3.33333
7,57,1.72727
6,67,2.0303
5,100,3.0303
4,131,3.9697
3,87,2.63636
2,102,3.09091
1,56,1.69697
0,35,1.06061
