switch_id,used_rules,usage
26,182,5.51515
25,244,7.39394
24,204,6.18182
23,232,7.0303
22,172,5.21212
21,214,6.48485
20,137,4.15152
19,231,7
18,333,10.0909
17,243,7.36364
16,275,8.33333
15,388,11.7576
14,217,6.57576
13,176,5.33333
12,203,6.15152
11,202,6.12121
10,289,8.75758
9,151,4.57576
8,292,8.84848
7,168,5.09091
6,190,5.75758
5,242,7.33333
4,281,8.51515
3,199,6.0303
2,283,8.57576
1,178,5.39394
0,115,3.48485
