switch_id,used_rules,usage
26,40,1.21212
25,67,2.0303
24,54,1.63636
23,57,1.72727
22,42,1.27273
21,50,1.51515
20,32,0.969697
19,57,1.72727
18,98,2.9697
17,72,2.18182
16,94,2.84848
15,116,3.51515
14,60,1.81818
13,57,1.72727
12,71,2.15152
11,66,2
10,77,2.33333
9,48,1.45455
8,93,2.81818
7,51,1.54545
6,59,1.78788
5,80,2.42424
4,108,3.27273
3,76,2.30303
2,93,2.81818
1,48,1.45455
0,31,0.939394
