switch_id,used_rules,usage
23,2468,15.1411
22,5029,30.8528
21,3407,20.9018
20,1813,11.1227
19,8089,49.6258
18,6432,39.4601
17,2717,16.6687
16,3209,19.6871
15,5250,32.2086
14,1410,8.65031
13,2592,15.9018
12,3572,21.9141
11,8138,49.9264
10,1764,10.8221
9,2359,14.4724
8,2455,15.0613
7,2801,17.184
6,3199,19.6258
5,762,4.67485
4,2149,13.184
3,3405,20.8896
2,905,5.55215
1,7076,43.411
0,2527,15.5031
