switch_id,used_rules,usage
23,97,0.595092
22,269,1.65031
21,121,0.742331
20,115,0.705521
19,459,2.81595
18,419,2.57055
17,226,1.3865
16,92,0.564417
15,317,1.94479
14,345,2.11656
13,176,1.07975
12,101,0.619632
11,422,2.58896
10,160,0.981595
9,216,1.32515
8,109,0.668712
7,66,0.404908
6,143,0.877301
5,130,0.797546
4,328,2.01227
3,96,0.588957
2,258,1.58282
1,470,2.88344
0,130,0.797546
