switch_id,used_rules,usage
23,248,1.52147
22,722,4.42945
21,431,2.64417
20,273,1.67485
19,1285,7.88344
18,1145,7.02454
17,511,3.13497
16,303,1.8589
15,908,5.57055
14,509,3.1227
13,378,2.31902
12,473,2.90184
11,1321,8.10429
10,369,2.2638
9,442,2.71166
8,342,2.09816
7,269,1.65031
6,490,3.00613
5,219,1.34356
4,581,3.56442
3,370,2.26994
2,361,2.21472
1,1282,7.86503
0,357,2.19018
