switch_id,used_rules,usage
23,120,0.736196
22,397,2.43558
21,189,1.15951
20,146,0.895706
19,718,4.40491
18,627,3.84663
17,313,1.92025
16,168,1.03067
15,477,2.92638
14,414,2.53988
13,234,1.43558
12,200,1.22699
11,695,4.2638
10,233,1.42945
9,283,1.7362
8,179,1.09816
7,111,0.680982
6,247,1.51534
5,155,0.95092
4,403,2.47239
3,176,1.07975
2,287,1.76074
1,719,4.41104
0,210,1.28834
