switch_id,used_rules,usage
23,59,0.361963
22,178,1.09202
21,83,0.509202
20,84,0.515337
19,301,1.84663
18,249,1.52761
17,152,0.932515
16,61,0.374233
15,185,1.13497
14,296,1.81595
13,129,0.791411
12,37,0.226994
11,260,1.59509
10,114,0.699387
9,146,0.895706
8,80,0.490798
7,60,0.368098
6,61,0.374233
5,91,0.558282
4,240,1.47239
3,48,0.294479
2,207,1.26994
1,284,1.74233
0,98,0.601227
