switch_id,used_rules,usage
23,284,1.74233
22,563,3.45399
21,365,2.23926
20,249,1.52761
19,1048,6.42945
18,877,5.38037
17,401,2.46012
16,378,2.31902
15,711,4.36196
14,396,2.42945
13,278,1.70552
12,316,1.93865
11,995,6.10429
10,300,1.84049
9,384,2.35583
8,266,1.6319
7,206,1.2638
6,281,1.72393
5,200,1.22699
4,511,3.13497
3,332,2.03681
2,299,1.83436
1,950,5.82822
0,324,1.98773
