switch_id,used_rules,usage
23,370,2.26994
22,754,4.62577
21,518,3.17791
20,307,1.88344
19,1407,8.6319
18,1123,6.88957
17,405,2.48466
16,488,2.99387
15,819,5.02454
14,442,2.71166
13,351,2.15337
12,500,3.06748
11,1363,8.36196
10,342,2.09816
9,538,3.30061
8,403,2.47239
7,307,1.88344
6,465,2.85276
5,229,1.40491
4,585,3.58896
3,475,2.91411
2,317,1.94479
1,1238,7.59509
0,454,2.78528
