switch_id,used_rules,usage
23,54,0.331288
22,152,0.932515
21,75,0.460123
20,69,0.423313
19,242,1.48466
18,184,1.12883
17,135,0.828221
16,33,0.202454
15,135,0.828221
14,264,1.61963
13,112,0.687117
12,24,0.147239
11,199,1.22086
10,91,0.558282
9,118,0.723926
8,69,0.423313
7,49,0.300613
6,42,0.257669
5,87,0.533742
4,193,1.18405
3,29,0.177914
2,174,1.06748
1,210,1.28834
0,71,0.435583
