switch_id,used_rules,usage
23,2684,16.4663
22,5550,34.0491
21,3733,22.9018
20,1732,10.6258
19,8527,52.3129
18,7142,43.816
17,2918,17.9018
16,3553,21.7975
15,5710,35.0307
14,1531,9.39264
13,2811,17.2454
12,3883,23.8221
11,8734,53.5828
10,2343,14.3742
9,2257,13.8466
8,2495,15.3067
7,3118,19.1288
6,3734,22.908
5,812,4.9816
4,2338,14.3436
3,3510,21.5337
2,924,5.66871
1,7910,48.5276
0,2446,15.0061
