switch_id,used_rules,usage
23,141,0.865031
22,285,1.74847
21,200,1.22699
20,134,0.822086
19,567,3.47853
18,454,2.78528
17,224,1.37423
16,191,1.17178
15,323,1.9816
14,304,1.86503
13,162,0.993865
12,166,1.0184
11,524,3.21472
10,161,0.98773
9,234,1.43558
8,154,0.944785
7,123,0.754601
6,224,1.37423
5,131,0.803681
4,341,2.09202
3,151,0.92638
2,222,1.36196
1,504,3.09202
0,185,1.13497
