switch_id,used_rules,usage
23,183,1.1227
22,526,3.22699
21,291,1.78528
20,200,1.22699
19,991,6.07975
18,860,5.27607
17,410,2.51534
16,248,1.52147
15,675,4.1411
14,492,3.0184
13,304,1.86503
12,283,1.7362
11,991,6.07975
10,290,1.77914
9,346,2.1227
8,285,1.74847
7,195,1.19632
6,362,2.22086
5,198,1.21472
4,561,3.44172
3,239,1.46626
2,363,2.22699
1,975,5.9816
0,309,1.89571
