switch_id,used_rules,usage
23,168,1.03067
22,354,2.17178
21,218,1.33742
20,170,1.04294
19,689,4.22699
18,542,3.32515
17,240,1.47239
16,250,1.53374
15,436,2.67485
14,342,2.09816
13,190,1.16564
12,214,1.31288
11,633,3.88344
10,181,1.11043
9,312,1.91411
8,164,1.00613
7,115,0.705521
6,157,0.96319
5,153,0.93865
4,399,2.44785
3,214,1.31288
2,254,1.55828
1,598,3.66871
0,222,1.36196
