switch_id,used_rules,usage
23,3486,21.3865
22,6727,41.2699
21,4608,28.2699
20,2341,14.362
19,10579,64.9018
18,8926,54.7607
17,3625,22.2393
16,4872,29.8896
15,7253,44.4969
14,1691,10.3742
13,3378,20.7239
12,4895,30.0307
11,10745,65.9202
10,2777,17.0368
9,3002,18.4172
8,3276,20.0982
7,4074,24.9939
6,4495,27.5767
5,924,5.66871
4,2796,17.1534
3,4438,27.227
2,1055,6.47239
1,9771,59.9448
0,3474,21.3129
