switch_id,used_rules,usage
23,53,0.325153
22,132,0.809816
21,61,0.374233
20,64,0.392638
19,192,1.17791
18,129,0.791411
17,119,0.730061
16,24,0.147239
15,95,0.582822
14,247,1.51534
13,101,0.619632
12,5,0.0306748
11,143,0.877301
10,67,0.411043
9,96,0.588957
8,52,0.319018
7,44,0.269939
6,31,0.190184
5,66,0.404908
4,150,0.920245
3,20,0.122699
2,149,0.91411
1,147,0.90184
0,59,0.361963
