switch_id,used_rules,usage
23,55,0.337423
22,149,0.91411
21,74,0.453988
20,65,0.398773
19,235,1.44172
18,169,1.03681
17,126,0.773006
16,37,0.226994
15,129,0.791411
14,273,1.67485
13,113,0.693252
12,18,0.110429
11,192,1.17791
10,88,0.539877
9,111,0.680982
8,66,0.404908
7,47,0.288344
6,38,0.233129
5,78,0.478528
4,183,1.1227
3,28,0.171779
2,171,1.04908
1,193,1.18405
0,75,0.460123
