switch_id,used_rules,usage
23,82,0.503067
22,235,1.44172
21,122,0.748466
20,102,0.625767
19,415,2.54601
18,341,2.09202
17,194,1.19018
16,90,0.552147
15,248,1.52147
14,350,2.14724
13,161,0.98773
12,61,0.374233
11,372,2.28221
10,129,0.791411
9,183,1.1227
8,119,0.730061
7,77,0.472393
6,100,0.613497
5,113,0.693252
4,316,1.93865
3,64,0.392638
2,255,1.56442
1,392,2.40491
0,131,0.803681
