switch_id,used_rules,usage
23,50,0.306748
22,133,0.815951
21,62,0.380368
20,62,0.380368
19,197,1.20859
18,126,0.773006
17,114,0.699387
16,28,0.171779
15,99,0.607362
14,248,1.52147
13,95,0.582822
12,8,0.0490798
11,144,0.883436
10,67,0.411043
9,99,0.607362
8,56,0.343558
7,41,0.251534
6,28,0.171779
5,66,0.404908
4,140,0.858896
3,19,0.116564
2,141,0.865031
1,142,0.871166
0,59,0.361963
