switch_id,used_rules,usage
23,548,3.36196
22,1087,6.66871
21,750,4.60123
20,354,2.17178
19,1997,12.2515
18,1554,9.53374
17,587,3.60123
16,778,4.77301
15,1100,6.74847
14,527,3.23313
13,493,3.02454
12,712,4.3681
11,1964,12.0491
10,523,3.20859
9,642,3.93865
8,542,3.32515
7,507,3.11043
6,770,4.72393
5,287,1.76074
4,747,4.58282
3,727,4.46012
2,383,2.34969
1,1733,10.6319
0,606,3.71779
