switch_id,used_rules,usage
23,53,0.325153
22,137,0.840491
21,65,0.398773
20,64,0.392638
19,212,1.30061
18,137,0.840491
17,121,0.742331
16,30,0.184049
15,108,0.662577
14,262,1.60736
13,103,0.631902
12,11,0.0674847
11,163,1
10,73,0.447853
9,105,0.644172
8,60,0.368098
7,41,0.251534
6,26,0.159509
5,70,0.429448
4,159,0.97546
3,23,0.141104
2,159,0.97546
1,162,0.993865
0,66,0.404908
