switch_id,used_rules,usage
23,662,4.06135
22,1710,10.4908
21,1014,6.22086
20,561,3.44172
19,2860,17.546
18,2351,14.4233
17,959,5.88344
16,893,5.47853
15,1937,11.8834
14,786,4.82209
13,811,4.97546
12,1173,7.19632
11,2944,18.0613
10,732,4.4908
9,873,5.35583
8,771,4.73006
7,781,4.79141
6,1096,6.72393
5,383,2.34969
4,970,5.95092
3,989,6.06748
2,469,2.8773
1,2636,16.1718
0,763,4.68098
