switch_id,used_rules,usage
10,67,5.58333
9,70,5.83333
8,61,5.08333
7,79,6.58333
6,54,4.5
5,67,5.58333
4,75,6.25
3,42,3.5
2,62,5.16667
1,113,9.41667
0,27,2.25
