source,destination,length,path
8,1,1,8,1,19.5
8,1,2,8,5,1,19.5
8,1,2,8,7,1,11.982
2,3,1,2,3,21.9231
2,3,2,2,5,3,8.7387
6,7,1,6,7,20.2941
6,7,2,6,0,7,0
6,7,2,6,9,7,8.19816
6,7,2,6,10,7,0
9,2,1,9,2,21.9231
9,2,3,9,6,4,2,1.26138
9,2,3,9,7,4,2,4.23408
9,2,4,9,6,4,3,2,0
8,10,1,8,10,19.7368
8,10,2,8,7,10,0
8,10,3,8,5,2,10,0
8,10,4,8,5,3,2,10,0
1,7,1,1,7,19.5
1,7,2,1,10,7,0
1,7,2,1,9,7,0
1,4,1,1,4,19.5
1,4,3,1,9,6,4,0
1,4,3,1,10,6,4,0
1,4,2,1,7,4,0
1,4,3,1,9,7,4,0
0,6,1,0,6,16.6667
0,6,2,0,7,6,8.1981
2,4,1,2,4,21.9231
2,4,2,2,5,4,0
2,4,3,2,10,6,4,0
5,7,1,5,7,20.7207
5,7,2,5,4,7,0
5,7,3,5,2,10,7,0
0,9,1,0,9,20.7207
0,9,2,0,7,9,0
9,10,1,9,10,21
9,10,2,9,6,10,19.0327
9,10,2,9,1,10,1.26138
9,10,2,9,7,10,5.58552
4,7,1,4,7,19.4594
4,7,2,4,6,7,0
3,4,1,3,4,18.9189
3,4,2,3,5,4,0
8,7,1,8,7,7.10891
8,7,2,8,0,7,0
10,2,1,10,2,17.8378
4,5,1,4,5,17.1171
4,5,2,4,3,5,0
1,2,1,1,2,19.5
1,2,2,1,5,2,2.22779e-14
1,2,2,1,4,2,0
1,2,4,1,10,6,4,2,16.4276
10,1,1,10,1,19.5
10,1,2,10,9,1,17.9279
10,1,2,10,7,1,0
8,9,1,8,9,19.7368
8,9,3,8,5,2,9,1.92857
8,9,2,8,6,9,0
8,9,2,8,0,9,7.13644
8,9,3,8,0,7,9,5.31546
0,8,1,0,8,27.8571
0,8,2,0,7,8,14.3436
0,8,2,0,9,8,0
0,8,2,0,6,8,0
8,6,1,8,6,20.2941
8,6,2,8,0,6,11.1904
8,6,3,8,5,4,6,0
8,6,2,8,7,6,0
8,6,4,8,5,2,10,6,0
8,6,2,8,10,6,0
1,5,1,1,5,19.5
1,5,2,1,8,5,0
1,5,2,1,7,5,0
1,5,3,1,9,7,5,1.07315
1,5,3,1,10,7,5,0
1,3,1,1,3,19.5
1,3,2,1,4,3,0
1,3,4,1,10,6,4,3,1.811
