switch_id,used_rules,usage
10,17,1.41667
9,26,2.16667
8,28,2.33333
7,28,2.33333
6,22,1.83333
5,19,1.58333
4,22,1.83333
3,12,1
2,18,1.5
1,35,2.91667
0,15,1.25
