switch_id,used_rules,usage
10,19,1.58333
9,23,1.91667
8,24,2
7,29,2.41667
6,17,1.41667
5,19,1.58333
4,21,1.75
3,13,1.08333
2,14,1.16667
1,37,3.08333
0,12,1
