switch_id,used_rules,usage
10,36,3
9,43,3.58333
8,44,3.66667
7,48,4
6,34,2.83333
5,36,3
4,42,3.5
3,20,1.66667
2,31,2.58333
1,62,5.16667
0,19,1.58333
