switch_id,used_rules,usage
10,48,4
9,49,4.08333
8,48,4
7,58,4.83333
6,41,3.41667
5,53,4.41667
4,55,4.58333
3,29,2.41667
2,46,3.83333
1,84,7
0,21,1.75
