source,destination,length,path
8,1,1,8,1,17.0663
8,1,2,8,7,1,1.25868
8,1,2,8,5,1,8.84782
8,1,3,8,7,4,1,2.68396
8,1,3,8,5,2,1,2.05462
8,1,3,8,0,7,1,3.94264
8,1,3,8,5,4,1,2.05462
2,3,1,2,3,12.6671
2,3,2,2,5,3,7.95933
2,3,2,2,4,3,0.59849
6,7,1,6,7,13.4507
6,7,2,6,9,7,2.05462
6,7,2,6,0,7,0.56147
6,7,2,6,4,7,1.12294
6,7,2,6,10,7,3.73903
9,2,1,9,2,15.1351
9,2,3,9,6,4,2,2.80736
9,2,3,9,7,4,2,1.50548
8,10,1,8,10,15.7953
1,7,1,1,7,11.8464
1,7,2,1,9,7,1.97441
1,7,2,1,10,7,1.97441
1,4,1,1,4,7.10787
1,4,3,1,10,6,4,3.55393
1,4,3,1,9,7,4,1.77697
1,4,3,1,9,6,4,1.77697
0,6,1,0,6,10.2176
0,6,2,0,7,6,3.40585
2,4,1,2,4,10.7112
2,4,2,2,5,4,1.53017
5,7,1,5,7,11.3528
0,9,1,0,9,9.93374
0,9,2,0,7,9,1.41911
9,10,1,9,10,16.437
9,10,2,9,6,10,7.31147
9,10,2,9,1,10,4.49178
9,10,2,9,7,10,6.92894
9,10,2,9,2,10,0.765075
4,7,1,4,7,10.6618
3,4,1,3,4,9.06994
3,4,2,3,5,4,1.29571
8,7,1,8,7,8.63803
8,7,2,8,0,7,1.234
10,2,1,10,2,9.77332
4,5,1,4,5,9.37844
1,2,1,1,2,17.1342
1,2,2,1,5,2,4.80645
1,2,2,1,10,2,1.37591
1,2,4,1,9,7,5,2,1.37591
1,2,4,1,9,6,4,2,1.37591
1,2,2,1,3,2,1.37591
10,1,1,10,1,13.5556
10,1,2,10,7,1,3.6835
10,1,2,10,9,1,7.79274
10,1,2,10,2,1,1.22783
8,9,1,8,9,17.6278
8,9,3,8,0,7,9,1.19081
8,9,2,8,0,9,2.38163
8,9,2,8,6,9,1.19081
8,9,2,8,7,9,1.19081
8,9,3,8,0,6,9,1.19081
8,9,4,8,5,4,6,9,1.19081
0,8,1,0,8,16.6406
0,8,2,0,7,8,3.18373
0,8,2,0,6,8,2.25822
0,8,2,0,9,8,3.38734
8,6,1,8,6,17.4303
8,6,3,8,5,4,6,0.993372
8,6,2,8,0,6,1.98674
8,6,2,8,10,6,1.98674
8,6,2,8,7,6,1.98674
1,5,1,1,5,11.6984
1,5,2,1,3,5,2.05462
1,5,2,1,8,5,0.869971
1,5,3,1,10,7,5,2.92459
1,5,3,1,4,3,5,2.05462
1,5,2,1,7,5,3.79456
1,3,1,1,3,13.753
1,3,2,1,4,3,7.9038
1,3,4,1,9,6,4,3,0.869971
1,3,3,1,8,5,3,0.869971
