switch_id,used_rules,usage
10,29,2.41667
9,28,2.33333
8,28,2.33333
7,37,3.08333
6,24,2
5,30,2.5
4,30,2.5
3,19,1.58333
2,26,2.16667
1,46,3.83333
0,15,1.25
