switch_id,used_rules,usage
10,26,2.16667
9,26,2.16667
8,30,2.5
7,36,3
6,25,2.08333
5,22,1.83333
4,32,2.66667
3,15,1.25
2,22,1.83333
1,44,3.66667
0,16,1.33333
