switch_id,used_rules,usage
10,29,2.41667
9,33,2.75
8,33,2.75
7,43,3.58333
6,26,2.16667
5,26,2.16667
4,33,2.75
3,16,1.33333
2,25,2.08333
1,50,4.16667
0,18,1.5
