source,destination,length,path
8,1,1,8,1,17.093
8,1,2,8,7,1,6.46893
8,1,2,8,5,1,9.42458
8,1,3,8,5,4,1,1.23802
8,1,4,8,0,7,4,1,1.51684
8,1,3,8,5,2,1,2.85526
8,1,3,8,0,7,1,1.99644
8,1,3,8,7,4,1,1.23802
8,1,3,8,0,9,1,0.379211
8,1,2,8,9,1,0.379211
2,3,1,2,3,14.0272
2,3,2,2,5,3,11.5511
6,7,1,6,7,16.5479
6,7,2,6,9,7,0.676634
6,7,2,6,0,7,1.23802
6,7,2,6,10,7,3.26792
6,7,2,6,4,7,2.25297
6,7,4,6,4,2,10,7,1.23802
9,2,1,9,2,19.2507
9,2,3,9,6,4,2,2.14516
9,2,3,9,7,4,2,2.04105
8,10,1,8,10,16.6557
8,10,3,8,0,7,10,2.37938
1,7,1,1,7,7.13814
1,7,2,1,9,7,4.75876
1,7,2,1,10,7,7.13814
1,4,1,1,4,12.8487
1,4,2,1,7,4,1.07072
1,4,3,1,10,6,4,1.07072
1,4,3,1,9,6,4,1.07072
1,4,2,1,5,4,1.07072
0,6,1,0,6,13.3394
0,6,2,0,7,6,3.07832
2,4,1,2,4,13.8301
2,4,2,2,5,4,0.92201
5,7,1,5,7,13.6814
0,9,1,0,9,11.9713
0,9,2,0,7,9,1.71018
9,10,1,9,10,18.913
9,10,2,9,6,10,12.5252
9,10,2,9,1,10,3.16754
9,10,2,9,7,10,7.34261
9,10,3,9,0,7,10,0.2305
9,10,4,9,7,4,2,10,0.2305
4,7,1,4,7,12.8487
3,4,1,3,4,10.1495
3,4,2,3,5,4,2.3422
8,7,1,8,7,8.92267
8,7,2,8,0,7,1.48711
8,7,2,8,5,7,1.48711
10,2,1,10,2,11.7779
4,5,1,4,5,10.5957
4,5,2,4,3,5,0.706378
1,2,1,1,2,17.093
1,2,2,1,5,2,8.27949
1,2,2,1,10,2,1.65813
1,2,4,1,10,6,4,2,0.829064
1,2,2,1,4,2,2.06709
1,2,2,1,3,2,0.829064
10,1,1,10,1,16.0794
10,1,2,10,7,1,1.97786
10,1,2,10,9,1,9.63276
10,1,3,10,6,4,1,1.23802
10,1,3,10,6,9,1,1.23802
10,1,3,10,7,4,1,0.739837
10,1,2,10,2,1,0.739837
8,9,1,8,9,18.2208
8,9,2,8,0,9,2.87012
8,9,3,8,0,7,9,2.87012
8,9,2,8,6,9,2.87012
8,9,3,8,0,6,9,1.43506
8,9,2,8,10,9,0.717531
0,8,1,0,8,19.931
0,8,2,0,7,8,2.72141
0,8,2,0,6,8,3.95943
0,8,2,0,9,8,4.08212
8,6,1,8,6,16.4156
8,6,2,8,10,6,1.22681
8,6,2,8,7,6,1.27359
8,6,3,8,5,4,6,3.63227
8,6,2,8,0,6,0.598562
1,5,1,1,5,7.74281
1,5,2,1,8,5,1.0996
1,5,3,1,9,7,5,2.62103
1,5,2,1,7,5,8.47655
1,5,3,1,10,7,5,1.76223
1,5,5,1,9,6,4,3,5,0.524206
1,5,5,1,10,6,4,3,5,0.524206
1,5,3,1,4,3,5,0.524206
1,5,4,1,7,4,3,5,0.407616
1,5,4,1,9,7,4,5,0.23264
1,5,2,1,3,5,1.23802
1,3,1,1,3,15.0259
1,3,2,1,4,3,1.65308
1,3,4,1,9,6,4,3,1.57262
1,3,4,1,10,6,4,3,0.942992
1,3,2,1,5,3,0
1,3,3,1,7,4,3,0
