switch_id,used_rules,usage
10,36,3
9,40,3.33333
8,42,3.5
7,47,3.91667
6,35,2.91667
5,37,3.08333
4,40,3.33333
3,27,2.25
2,32,2.66667
1,58,4.83333
0,21,1.75
