source,destination,length,path
8,1,1,8,1,14.0995
8,1,2,8,7,1,4.28491
8,1,2,8,5,1,7.97139
8,1,3,8,7,4,1,0.81389
8,1,3,8,5,3,1,2.65713
8,1,3,8,10,2,1,0.81389
2,3,1,2,3,10.2934
2,3,2,2,5,3,6.08826
2,3,3,2,5,4,3,0.773996
6,7,1,6,7,11.3546
6,7,2,6,9,7,2.65713
6,7,2,6,0,7,0.72612
6,7,2,6,10,7,1.45224
6,7,2,6,4,7,0.72612
9,2,1,9,2,11.602
9,2,3,9,6,4,2,0.486739
9,2,3,9,7,4,2,3.63061
8,10,1,8,10,12.767
1,7,1,1,7,5.10679
1,7,2,1,10,7,5.10679
1,7,2,1,9,7,2.5534
1,4,1,1,4,9.19223
1,4,3,1,9,6,4,2.29806
0,6,1,0,6,11.0115
2,4,1,2,4,9.89441
5,7,1,5,7,9.17627
0,9,1,0,9,7.34102
0,9,2,0,7,9,1.83525
9,10,1,9,10,13.7804
9,10,2,9,6,10,8.46611
9,10,2,9,1,10,3.15185
9,10,2,9,7,10,3.15185
9,10,3,9,0,7,10,0.494715
4,7,1,4,7,8.61771
3,4,1,3,4,6.70267
3,4,2,3,5,4,1.67567
8,7,1,8,7,6.38349
8,7,2,8,0,7,1.59587
10,2,1,10,2,7.89957
4,5,1,4,5,7.5804
1,2,1,1,2,15.0651
1,2,2,1,5,2,3.55879
1,2,3,1,7,5,2,1.7794
1,2,3,1,7,4,2,1.7794
10,1,1,10,1,10.5966
10,1,2,10,9,1,5.31426
10,1,3,10,6,4,1,2.65713
10,1,2,10,7,1,2.65713
8,9,1,8,9,14.8257
8,9,2,8,0,9,4.62004
8,9,2,8,6,9,1.54001
0,8,1,0,8,13.549
0,8,2,0,7,8,5.57757
0,8,2,0,6,8,1.46022
8,6,1,8,6,13.1979
8,6,3,8,5,4,6,2.56935
8,6,2,8,7,6,1.28468
8,6,3,8,0,7,6,2.65713
1,5,1,1,5,10.2216
1,5,2,1,3,5,2.65713
1,5,2,1,8,5,1.12509
1,5,2,1,7,5,3.78222
1,5,3,1,10,7,5,1.12509
1,3,1,1,3,12.8787
1,3,2,1,4,3,3.78222
1,3,4,1,10,6,4,3,2.25018
