switch_id,used_rules,usage
10,16,1.33333
9,15,1.25
8,18,1.5
7,22,1.83333
6,18,1.5
5,16,1.33333
4,18,1.5
3,8,0.666667
2,14,1.16667
1,23,1.91667
0,10,0.833333
