source,destination,length,path
8,1,1,8,1,15.2622
8,1,2,8,7,1,8.00173
8,1,2,8,5,1,8.00173
8,1,3,8,7,4,1,0.741299
8,1,3,8,5,3,1,0.741299
8,1,3,8,0,7,1,0.741299
2,3,1,2,3,11.7955
2,3,2,2,5,3,6.95518
6,7,1,6,7,11.0033
6,7,2,6,9,7,2.42014
6,7,2,6,0,7,0.661357
6,7,2,6,10,7,3.74286
6,7,2,6,4,7,0.661357
9,2,1,9,2,12.9874
9,2,3,9,6,4,2,0.886653
9,2,3,9,7,4,2,3.3068
8,10,1,8,10,13.954
1,7,1,1,7,11.6283
1,7,2,1,10,7,2.32566
1,4,1,1,4,10.4655
1,4,3,1,9,6,4,2.09309
0,6,1,0,6,10.0294
0,6,2,0,7,6,2.00588
2,4,1,2,4,10.8143
5,7,1,5,7,10.0294
0,9,1,0,9,10.0294
9,10,1,9,10,14.5209
9,10,2,9,6,10,5.74147
9,10,2,9,1,10,7.26043
9,10,2,9,7,10,3.32133
9,10,3,9,0,7,10,0.901184
4,7,1,4,7,9.41892
3,4,1,3,4,7.63107
3,4,2,3,5,4,1.52621
8,7,1,8,7,2.90708
8,7,2,8,0,7,5.81415
10,2,1,10,2,8.63401
4,5,1,4,5,8.28516
1,2,1,1,2,15.3421
1,2,2,1,5,2,4.86208
1,2,2,1,10,2,2.42014
1,2,2,1,9,2,1.62069
10,1,1,10,1,12.5731
10,1,2,10,9,1,3.86641
10,1,3,10,6,4,1,2.89254
10,1,3,10,7,4,1,3.86641
8,9,1,8,9,15.9235
8,9,2,8,0,9,1.40266
8,9,3,8,0,7,9,1.40266
8,9,2,8,6,9,4.20798
0,8,1,0,8,14.7607
0,8,2,0,7,8,1.32998
0,8,2,0,6,8,3.75013
0,8,2,0,9,8,2.65997
8,6,1,8,6,12.0208
8,6,3,8,5,4,6,4.76033
8,6,2,8,10,6,1.1701
8,6,2,8,7,6,3.59024
1,5,1,1,5,10.3347
1,5,2,1,3,5,2.42014
1,5,2,1,8,5,1.02474
1,5,2,1,7,5,3.44488
1,5,3,1,9,7,5,3.44488
1,3,1,1,3,14.1502
1,3,2,1,4,3,3.44488
1,3,4,1,10,6,4,3,1.02474
1,3,4,1,9,6,4,3,2.04948
