switch_id,used_rules,usage
10,16,1.33333
9,20,1.66667
8,22,1.83333
7,24,2
6,19,1.58333
5,13,1.08333
4,17,1.41667
3,10,0.833333
2,11,0.916667
1,28,2.33333
0,13,1.08333
