source,destination,length,path
8,1,1,8,1,30
8,1,2,8,5,1,30
2,3,1,2,3,30
2,3,2,2,5,3,3.59375
6,7,1,6,7,30
6,7,2,6,0,7,3.125
6,7,2,6,9,7,0
6,7,2,6,10,7,0
9,2,1,9,2,30
9,2,3,9,6,4,2,0.78125
9,2,3,9,7,4,2,0
8,10,1,8,10,25
8,10,2,8,7,10,0
8,10,3,8,5,2,10,0
1,7,1,1,7,25
1,7,2,1,10,7,0
1,7,2,1,9,7,0
1,4,1,1,4,22.5
1,4,2,1,7,4,0
1,4,3,1,9,6,4,0
1,4,3,1,10,6,4,0
0,6,1,0,6,21.5625
0,6,2,0,7,6,0
2,4,1,2,4,19.375
2,4,2,2,5,4,0
2,4,3,2,10,6,4,0
5,7,1,5,7,17.9687
5,7,3,5,2,10,7,0
0,9,1,0,9,17.9687
9,10,1,9,10,30
9,10,2,9,6,10,26.875
9,10,2,9,1,10,0
4,7,1,4,7,16.875
4,7,2,4,6,7,0
3,4,1,3,4,16.4062
3,4,2,3,5,4,0
8,7,1,8,7,15.625
8,7,2,8,0,7,0
10,2,1,10,2,15.4687
4,5,1,4,5,14.8438
4,5,2,4,3,5,0
1,2,1,1,2,30
1,2,3,1,8,5,2,-3.71299e-15
1,2,2,1,5,2,13.4375
10,1,1,10,1,30
10,1,2,10,9,1,11.5625
10,1,2,10,7,1,0
8,9,1,8,9,30
8,9,3,8,5,2,9,0
8,9,3,8,0,7,9,11.0937
0,8,1,0,8,30
0,8,2,0,7,8,10.3125
0,8,2,0,6,8,0
8,6,1,8,6,30
8,6,2,8,0,6,8.4375
8,6,3,8,5,4,6,0
8,6,2,8,10,6,0.15625
1,5,1,1,5,16.5625
1,5,3,1,9,7,5,20.4687
1,5,2,1,8,5,0
1,5,2,1,7,5,0
1,3,1,1,3,30
1,3,4,1,10,6,4,3,7.03125
1,3,2,1,4,3,0
