switch_id,used_rules,usage
10,18,1.5
9,23,1.91667
8,29,2.41667
7,29,2.41667
6,23,1.91667
5,19,1.58333
4,25,2.08333
3,12,1
2,17,1.41667
1,37,3.08333
0,16,1.33333
