source,destination,length,path
8,1,1,8,1,30
8,1,2,8,5,1,27.117
8,1,2,8,7,1,3.87396
8,1,3,8,5,4,1,0
8,1,3,8,5,2,1,0
8,1,3,8,0,7,1,8.19816
8,1,3,8,7,4,1,0
8,1,2,8,9,1,0
8,1,4,8,0,7,4,1,0
8,1,3,8,0,9,1,0
2,3,1,2,3,30
2,3,2,2,5,3,8.7387
2,3,2,2,4,3,0
6,7,1,6,7,30
6,7,2,6,0,7,0
6,7,2,6,9,7,8.19816
6,7,2,6,10,7,0
6,7,2,6,4,7,0
6,7,3,6,4,5,7,0
9,2,1,9,2,30
9,2,3,9,7,5,2,5.49546
9,2,3,9,6,4,2,0
9,2,3,9,7,4,2,0
9,2,2,9,10,2,0
8,10,1,8,10,28.8288
8,10,2,8,7,10,0
8,10,3,8,0,7,10,0
8,10,3,8,5,2,10,0
1,7,1,1,7,28.8288
1,7,2,1,9,7,0
1,7,2,1,10,7,0
1,4,1,1,4,25.9459
1,4,3,1,9,7,4,0
1,4,3,1,10,7,4,0
1,4,2,1,5,4,0
1,4,3,1,9,6,4,0
1,4,3,1,10,6,4,0
1,4,2,1,7,4,0
1,4,2,1,2,4,0
0,6,1,0,6,24.8648
0,6,2,0,7,6,0
2,4,1,2,4,22.3423
2,4,2,2,5,4,0
5,7,1,5,7,20.7207
0,9,1,0,9,20.7207
0,9,2,0,7,9,0
9,10,1,9,10,30
9,10,2,9,6,10,30
9,10,2,9,7,10,5.58552
9,10,2,9,1,10,0
9,10,2,9,2,10,0
4,7,1,4,7,19.4594
4,7,3,4,2,10,7,0
4,7,2,4,5,7,0
3,4,1,3,4,18.9189
3,4,2,3,5,4,0
8,7,1,8,7,18.018
8,7,2,8,0,7,0
8,7,2,8,5,7,0
8,7,2,8,10,7,0
8,7,2,8,6,7,0
10,2,1,10,2,17.8378
4,5,1,4,5,17.1171
4,5,2,4,3,5,0
1,2,1,1,2,30
1,2,2,1,10,2,12.1622
1,2,2,1,4,2,0
1,2,3,1,7,5,2,1.1712
1,2,4,1,9,7,4,2,6.75666
1,2,3,1,7,4,2,0
1,2,2,1,5,2,0
1,2,2,1,3,2,0
1,2,2,1,9,2,0
1,2,4,1,9,6,4,2,0
1,2,4,1,9,7,5,2,0
10,1,1,10,1,30
10,1,2,10,7,1,17.9279
10,1,2,10,9,1,0
10,1,3,10,6,4,1,0
10,1,3,10,6,9,1,0
10,1,2,10,2,1,0
8,9,1,8,9,30
8,9,2,8,0,9,9.2793
8,9,2,8,7,9,8.10804
8,9,3,8,0,7,9,0
8,9,3,8,0,6,9,0
8,9,3,8,5,2,9,0
8,9,4,8,5,4,6,9,0
8,9,2,8,10,9,0
8,9,2,8,6,9,0
8,9,3,8,10,6,9,0
8,9,2,8,1,9,0
0,8,1,0,8,30
0,8,2,0,7,8,16.4864
0,8,2,0,6,8,0
0,8,2,0,9,8,0
8,6,1,8,6,30
8,6,2,8,0,6,5.13516
8,6,2,8,10,6,1.1712
8,6,2,8,7,6,0
8,6,3,8,5,4,6,2.8827
8,6,4,8,5,2,10,6,0
8,6,3,8,0,7,6,5.3154
1,5,1,1,5,30
1,5,2,1,8,5,0.0003
1,5,2,1,7,5,0
1,5,3,1,10,7,5,9.18924
1,5,3,1,9,7,5,3.51312
1,5,2,1,3,5,0
1,5,4,1,9,6,4,5,0
1,5,2,1,4,5,0
1,5,5,1,9,6,4,3,5,0
1,5,3,1,9,2,5,0
1,5,3,1,4,3,5,0
1,5,2,1,2,5,0
1,3,1,1,3,30
1,3,2,1,4,3,4.05408
1,3,4,1,9,6,4,3,0
1,3,4,1,10,6,4,3,8.64858
1,3,3,1,7,4,3,0
1,3,4,1,9,7,4,3,0
1,3,2,1,5,3,0
1,3,4,1,10,2,5,3,0
1,3,4,1,9,2,5,3,0
1,3,4,1,10,7,5,3,0
1,3,3,1,7,5,3,0
1,3,2,1,2,3,0
1,3,4,1,10,7,4,3,0
