switch_id,used_rules,usage
10,53,4.41667
9,51,4.25
8,45,3.75
7,56,4.66667
6,37,3.08333
5,46,3.83333
4,56,4.66667
3,31,2.58333
2,49,4.08333
1,83,6.91667
0,22,1.83333
