switch_id,used_rules,usage
11,63,0.477273
10,36,0.272727
9,53,0.401515
8,49,0.371212
7,55,0.416667
6,104,0.787879
5,91,0.689394
4,80,0.606061
3,78,0.590909
2,48,0.363636
1,114,0.863636
0,29,0.219697
