switch_id,used_rules,usage
11,1,0.00757576
10,3,0.0227273
9,0,0
8,0,0
7,2,0.0151515
6,6,0.0454545
5,5,0.0378788
4,4,0.030303
3,4,0.030303
2,4,0.030303
1,3,0.0227273
0,1,0.00757576
