switch_id,used_rules,usage
11,5,0.0378788
10,4,0.030303
9,1,0.00757576
8,2,0.0151515
7,5,0.0378788
6,12,0.0909091
5,8,0.0606061
4,8,0.0606061
3,8,0.0606061
2,6,0.0454545
1,6,0.0454545
0,0,0
