switch_id,used_rules,usage
11,76,0.575758
10,55,0.416667
9,76,0.575758
8,56,0.424242
7,58,0.439394
6,129,0.977273
5,98,0.742424
4,96,0.727273
3,106,0.80303
2,49,0.371212
1,137,1.03788
0,36,0.272727
