switch_id,used_rules,usage
11,4,0.030303
10,1,0.00757576
9,2,0.0151515
8,4,0.030303
7,2,0.0151515
6,4,0.030303
5,6,0.0454545
4,4,0.030303
3,4,0.030303
2,7,0.0530303
1,5,0.0378788
0,1,0.00757576
