switch_id,used_rules,usage
11,2,0.0151515
10,1,0.00757576
9,0,0
8,2,0.0151515
7,0,0
6,2,0.0151515
5,3,0.0227273
4,1,0.00757576
3,2,0.0151515
2,3,0.0227273
1,2,0.0151515
0,1,0.00757576
