switch_id,used_rules,usage
11,0,0
10,0,0
9,0,0
8,0,0
7,0,0
6,1,0.00757576
5,1,0.00757576
4,3,0.0227273
3,0,0
2,0,0
1,3,0.0227273
0,1,0.00757576
