switch_id,used_rules,usage
11,2,0.0151515
10,0,0
9,0,0
8,0,0
7,2,0.0151515
6,1,0.00757576
5,2,0.0151515
4,3,0.0227273
3,0,0
2,1,0.00757576
1,3,0.0227273
0,0,0
