switch_id,used_rules,usage
11,115,0.871212
10,105,0.795455
9,153,1.15909
8,97,0.734848
7,115,0.871212
6,206,1.56061
5,160,1.21212
4,168,1.27273
3,183,1.38636
2,86,0.651515
1,221,1.67424
0,48,0.363636
