switch_id,used_rules,usage
11,3,0.0227273
10,1,0.00757576
9,3,0.0227273
8,3,0.0227273
7,3,0.0227273
6,4,0.030303
5,3,0.0227273
4,4,0.030303
3,3,0.0227273
2,3,0.0227273
1,4,0.030303
0,2,0.0151515
