switch_id,used_rules,usage
11,2,0.0151515
10,1,0.00757576
9,2,0.0151515
8,0,0
7,2,0.0151515
6,2,0.0151515
5,0,0
4,3,0.0227273
3,1,0.00757576
2,0,0
1,3,0.0227273
0,1,0.00757576
