switch_id,used_rules,usage
11,1,0.00757576
10,1,0.00757576
9,3,0.0227273
8,0,0
7,3,0.0227273
6,5,0.0378788
5,4,0.030303
4,3,0.0227273
3,3,0.0227273
2,2,0.0151515
1,2,0.0151515
0,0,0
