switch_id,used_rules,usage
11,0,0
10,1,0.00757576
9,3,0.0227273
8,0,0
7,4,0.030303
6,1,0.00757576
5,4,0.030303
4,2,0.0151515
3,2,0.0151515
2,2,0.0151515
1,3,0.0227273
0,1,0.00757576
