switch_id,used_rules,usage
11,65,0.492424
10,55,0.416667
9,75,0.568182
8,50,0.378788
7,60,0.454545
6,125,0.94697
5,101,0.765152
4,91,0.689394
3,104,0.787879
2,47,0.356061
1,131,0.992424
0,37,0.280303
