switch_id,used_rules,usage
11,59,0.44697
10,34,0.257576
9,54,0.409091
8,42,0.318182
7,54,0.409091
6,101,0.765152
5,87,0.659091
4,80,0.606061
3,79,0.598485
2,44,0.333333
1,113,0.856061
0,28,0.212121
