switch_id,used_rules,usage
11,69,0.522727
10,40,0.30303
9,60,0.454545
8,51,0.386364
7,55,0.416667
6,108,0.818182
5,89,0.674242
4,87,0.659091
3,86,0.651515
2,47,0.356061
1,123,0.931818
0,29,0.219697
