switch_id,used_rules,usage
11,81,0.613636
10,66,0.5
9,92,0.69697
8,62,0.469697
7,63,0.477273
6,152,1.15152
5,115,0.871212
4,101,0.765152
3,127,0.962121
2,56,0.424242
1,150,1.13636
0,40,0.30303
