switch_id,used_rules,usage
11,0,0
10,4,0.030303
9,6,0.0454545
8,0,0
7,4,0.030303
6,5,0.0378788
5,7,0.0530303
4,5,0.0378788
3,6,0.0454545
2,4,0.030303
1,4,0.030303
0,2,0.0151515
