switch_id,used_rules,usage
11,5,0.0378788
10,1,0.00757576
9,2,0.0151515
8,1,0.00757576
7,3,0.0227273
6,5,0.0378788
5,3,0.0227273
4,4,0.030303
3,3,0.0227273
2,0,0
1,5,0.0378788
0,2,0.0151515
