switch_id,used_rules,usage
11,2,0.0151515
10,0,0
9,2,0.0151515
8,2,0.0151515
7,2,0.0151515
6,4,0.030303
5,4,0.030303
4,3,0.0227273
3,2,0.0151515
2,4,0.030303
1,4,0.030303
0,1,0.00757576
