switch_id,used_rules,usage
11,140,1.06061
10,124,0.939394
9,181,1.37121
8,124,0.939394
7,140,1.06061
6,246,1.86364
5,200,1.51515
4,206,1.56061
3,211,1.59848
2,115,0.871212
1,258,1.95455
0,52,0.393939
