switch_id,used_rules,usage
11,2,0.0151515
10,4,0.030303
9,5,0.0378788
8,5,0.0378788
7,5,0.0378788
6,5,0.0378788
5,7,0.0530303
4,4,0.030303
3,6,0.0454545
2,7,0.0530303
1,4,0.030303
0,1,0.00757576
