switch_id,used_rules,usage
11,64,0.484848
10,53,0.401515
9,75,0.568182
8,49,0.371212
7,59,0.44697
6,123,0.931818
5,101,0.765152
4,90,0.681818
3,103,0.780303
2,47,0.356061
1,130,0.984848
0,37,0.280303
