switch_id,used_rules,usage
11,77,0.583333
10,56,0.424242
9,78,0.590909
8,60,0.454545
7,60,0.454545
6,134,1.01515
5,106,0.80303
4,96,0.727273
3,110,0.833333
2,52,0.393939
1,142,1.07576
0,38,0.287879
