switch_id,used_rules,usage
11,85,0.643939
10,69,0.522727
9,91,0.689394
8,64,0.484848
7,62,0.469697
6,154,1.16667
5,118,0.893939
4,107,0.810606
3,125,0.94697
2,56,0.424242
1,155,1.17424
0,40,0.30303
