switch_id,used_rules,usage
11,6,0.0454545
10,0,0
9,3,0.0227273
8,5,0.0378788
7,4,0.030303
6,2,0.0151515
5,5,0.0378788
4,5,0.0378788
3,1,0.00757576
2,5,0.0378788
1,8,0.0606061
0,3,0.0227273
