switch_id,used_rules,usage
11,3,0.0227273
10,1,0.00757576
9,3,0.0227273
8,3,0.0227273
7,5,0.0378788
6,8,0.0606061
5,4,0.030303
4,11,0.0833333
3,6,0.0454545
2,6,0.0454545
1,7,0.0530303
0,2,0.0151515
