switch_id,used_rules,usage
11,3,0.0227273
10,1,0.00757576
9,3,0.0227273
8,0,0
7,7,0.0530303
6,7,0.0530303
5,7,0.0530303
4,6,0.0454545
3,4,0.030303
2,5,0.0378788
1,5,0.0378788
0,0,0
