switch_id,used_rules,usage
11,1,0.00757576
10,0,0
9,2,0.0151515
8,0,0
7,5,0.0378788
6,3,0.0227273
5,3,0.0227273
4,6,0.0454545
3,3,0.0227273
2,2,0.0151515
1,5,0.0378788
0,1,0.00757576
