switch_id,used_rules,usage
11,68,0.515152
10,53,0.401515
9,78,0.590909
8,52,0.393939
7,58,0.439394
6,128,0.969697
5,101,0.765152
4,94,0.712121
3,105,0.795455
2,50,0.378788
1,133,1.00758
0,38,0.287879
