switch_id,used_rules,usage
11,1,0.00757576
10,0,0
9,2,0.0151515
8,1,0.00757576
7,3,0.0227273
6,1,0.00757576
5,5,0.0378788
4,3,0.0227273
3,2,0.0151515
2,5,0.0378788
1,3,0.0227273
0,0,0
