switch_id,used_rules,usage
11,1,0.00757576
10,0,0
9,0,0
8,0,0
7,0,0
6,2,0.0151515
5,0,0
4,2,0.0151515
3,1,0.00757576
2,0,0
1,3,0.0227273
0,2,0.0151515
