switch_id,used_rules,usage
11,2,0.0151515
10,0,0
9,3,0.0227273
8,1,0.00757576
7,5,0.0378788
6,2,0.0151515
5,3,0.0227273
4,8,0.0606061
3,0,0
2,2,0.0151515
1,8,0.0606061
0,1,0.00757576
