switch_id,used_rules,usage
11,80,0.606061
10,56,0.424242
9,79,0.598485
8,60,0.454545
7,59,0.44697
6,136,1.0303
5,107,0.810606
4,97,0.734848
3,111,0.840909
2,51,0.386364
1,145,1.09848
0,38,0.287879
