switch_id,used_rules,usage
11,4,0.030303
10,3,0.0227273
9,2,0.0151515
8,4,0.030303
7,6,0.0454545
6,5,0.0378788
5,6,0.0454545
4,7,0.0530303
3,4,0.030303
2,4,0.030303
1,9,0.0681818
0,3,0.0227273
