switch_id,used_rules,usage
11,6,0.0454545
10,2,0.0151515
9,2,0.0151515
8,5,0.0378788
7,3,0.0227273
6,9,0.0681818
5,6,0.0454545
4,7,0.0530303
3,6,0.0454545
2,5,0.0378788
1,7,0.0530303
0,3,0.0227273
