switch_id,used_rules,usage
11,1,0.00757576
10,1,0.00757576
9,2,0.0151515
8,1,0.00757576
7,4,0.030303
6,6,0.0454545
5,5,0.0378788
4,6,0.0454545
3,3,0.0227273
2,3,0.0227273
1,5,0.0378788
0,1,0.00757576
