switch_id,used_rules,usage
11,1,0.00757576
10,0,0
9,3,0.0227273
8,0,0
7,3,0.0227273
6,3,0.0227273
5,3,0.0227273
4,8,0.0606061
3,4,0.030303
2,2,0.0151515
1,10,0.0757576
0,4,0.030303
