switch_id,used_rules,usage
11,2,0.0151515
10,1,0.00757576
9,1,0.00757576
8,1,0.00757576
7,1,0.00757576
6,7,0.0530303
5,6,0.0454545
4,3,0.0227273
3,4,0.030303
2,3,0.0227273
1,4,0.030303
0,1,0.00757576
