switch_id,used_rules,usage
11,3,0.0227273
10,2,0.0151515
9,2,0.0151515
8,3,0.0227273
7,2,0.0151515
6,4,0.030303
5,3,0.0227273
4,5,0.0378788
3,5,0.0378788
2,2,0.0151515
1,6,0.0454545
0,1,0.00757576
