switch_id,used_rules,usage
11,6,0.0454545
10,0,0
9,3,0.0227273
8,4,0.030303
7,5,0.0378788
6,2,0.0151515
5,4,0.030303
4,6,0.0454545
3,1,0.00757576
2,3,0.0227273
1,8,0.0606061
0,1,0.00757576
