switch_id,used_rules,usage
11,2,0.0151515
10,3,0.0227273
9,2,0.0151515
8,2,0.0151515
7,3,0.0227273
6,3,0.0227273
5,4,0.030303
4,3,0.0227273
3,1,0.00757576
2,3,0.0227273
1,3,0.0227273
0,1,0.00757576
