switch_id,used_rules,usage
11,0,0
10,4,0.030303
9,5,0.0378788
8,2,0.0151515
7,5,0.0378788
6,7,0.0530303
5,5,0.0378788
4,6,0.0454545
3,5,0.0378788
2,4,0.030303
1,4,0.030303
0,1,0.00757576
