switch_id,used_rules,usage
11,3,0.0227273
10,0,0
9,1,0.00757576
8,4,0.030303
7,1,0.00757576
6,4,0.030303
5,3,0.0227273
4,4,0.030303
3,3,0.0227273
2,5,0.0378788
1,4,0.030303
0,1,0.00757576
