switch_id,used_rules,usage
11,86,0.651515
10,70,0.530303
9,98,0.742424
8,67,0.507576
7,64,0.484848
6,158,1.19697
5,122,0.924242
4,107,0.810606
3,132,1
2,59,0.44697
1,159,1.20455
0,41,0.310606
