switch_id,used_rules,usage
11,79,0.598485
10,48,0.363636
9,70,0.530303
8,64,0.484848
7,64,0.484848
6,138,1.04545
5,114,0.863636
4,102,0.772727
3,106,0.80303
2,59,0.44697
1,146,1.10606
0,36,0.272727
