switch_id,used_rules,usage
11,2,0.0151515
10,1,0.00757576
9,4,0.030303
8,3,0.0227273
7,7,0.0530303
6,4,0.030303
5,4,0.030303
4,8,0.0606061
3,3,0.0227273
2,5,0.0378788
1,6,0.0454545
0,2,0.0151515
