switch_id,used_rules,usage
11,2,0.0151515
10,1,0.00757576
9,1,0.00757576
8,2,0.0151515
7,0,0
6,0,0
5,2,0.0151515
4,3,0.0227273
3,0,0
2,1,0.00757576
1,4,0.030303
0,1,0.00757576
