switch_id,used_rules,usage
11,79,0.598485
10,49,0.371212
9,74,0.560606
8,65,0.492424
7,63,0.477273
6,138,1.04545
5,115,0.871212
4,99,0.75
3,109,0.825758
2,61,0.462121
1,148,1.12121
0,36,0.272727
