switch_id,used_rules,usage
11,0,0
10,0,0
9,2,0.0151515
8,0,0
7,3,0.0227273
6,0,0
5,2,0.0151515
4,4,0.030303
3,0,0
2,2,0.0151515
1,2,0.0151515
0,0,0
