switch_id,used_rules,usage
11,2,0.0151515
10,1,0.00757576
9,5,0.0378788
8,3,0.0227273
7,5,0.0378788
6,4,0.030303
5,3,0.0227273
4,4,0.030303
3,4,0.030303
2,3,0.0227273
1,5,0.0378788
0,2,0.0151515
