switch_id,used_rules,usage
11,3,0.0227273
10,1,0.00757576
9,4,0.030303
8,2,0.0151515
7,4,0.030303
6,6,0.0454545
5,5,0.0378788
4,5,0.0378788
3,5,0.0378788
2,3,0.0227273
1,6,0.0454545
0,1,0.00757576
