switch_id,used_rules,usage
11,2,0.0151515
10,0,0
9,2,0.0151515
8,2,0.0151515
7,3,0.0227273
6,3,0.0227273
5,5,0.0378788
4,4,0.030303
3,1,0.00757576
2,3,0.0227273
1,4,0.030303
0,0,0
