switch_id,used_rules,usage
11,5,0.0378788
10,4,0.030303
9,3,0.0227273
8,5,0.0378788
7,4,0.030303
6,6,0.0454545
5,9,0.0681818
4,8,0.0606061
3,4,0.030303
2,6,0.0454545
1,10,0.0757576
0,2,0.0151515
