switch_id,used_rules,usage
11,0,0
10,1,0.00757576
9,2,0.0151515
8,0,0
7,4,0.030303
6,2,0.0151515
5,1,0.00757576
4,4,0.030303
3,1,0.00757576
2,1,0.00757576
1,3,0.0227273
0,1,0.00757576
