switch_id,used_rules,usage
11,2,0.0151515
10,2,0.0151515
9,4,0.030303
8,1,0.00757576
7,5,0.0378788
6,5,0.0378788
5,4,0.030303
4,4,0.030303
3,6,0.0454545
2,2,0.0151515
1,5,0.0378788
0,0,0
