switch_id,used_rules,usage
11,4,0.030303
10,2,0.0151515
9,2,0.0151515
8,4,0.030303
7,3,0.0227273
6,3,0.0227273
5,3,0.0227273
4,4,0.030303
3,2,0.0151515
2,2,0.0151515
1,6,0.0454545
0,1,0.00757576
