switch_id,used_rules,usage
11,4,0.030303
10,1,0.00757576
9,0,0
8,3,0.0227273
7,3,0.0227273
6,3,0.0227273
5,4,0.030303
4,3,0.0227273
3,2,0.0151515
2,3,0.0227273
1,4,0.030303
0,1,0.00757576
