switch_id,used_rules,usage
11,78,0.590909
10,46,0.348485
9,64,0.484848
8,61,0.462121
7,58,0.439394
6,127,0.962121
5,105,0.795455
4,95,0.719697
3,98,0.742424
2,55,0.416667
1,136,1.0303
0,33,0.25
