switch_id,used_rules,usage
11,1,0.00757576
10,1,0.00757576
9,2,0.0151515
8,0,0
7,5,0.0378788
6,2,0.0151515
5,5,0.0378788
4,4,0.030303
3,1,0.00757576
2,3,0.0227273
1,5,0.0378788
0,0,0
