switch_id,used_rules,usage
11,77,0.583333
10,43,0.325758
9,65,0.492424
8,60,0.454545
7,61,0.462121
6,129,0.977273
5,104,0.787879
4,96,0.727273
3,98,0.742424
2,54,0.409091
1,138,1.04545
0,33,0.25
