switch_id,used_rules,usage
11,65,0.492424
10,34,0.257576
9,52,0.393939
8,52,0.393939
7,51,0.386364
6,104,0.787879
5,87,0.659091
4,80,0.606061
3,80,0.606061
2,47,0.356061
1,115,0.871212
0,29,0.219697
