switch_id,used_rules,usage
11,1,0.00757576
10,1,0.00757576
9,2,0.0151515
8,2,0.0151515
7,1,0.00757576
6,1,0.00757576
5,2,0.0151515
4,2,0.0151515
3,1,0.00757576
2,2,0.0151515
1,2,0.0151515
0,1,0.00757576
