switch_id,used_rules,usage
11,127,0.962121
10,115,0.871212
9,166,1.25758
8,112,0.848485
7,125,0.94697
6,230,1.74242
5,181,1.37121
4,189,1.43182
3,200,1.51515
2,104,0.787879
1,238,1.80303
0,48,0.363636
