switch_id,used_rules,usage
11,0,0
10,2,0.0151515
9,2,0.0151515
8,0,0
7,3,0.0227273
6,1,0.00757576
5,0,0
4,3,0.0227273
3,1,0.00757576
2,0,0
1,2,0.0151515
0,2,0.0151515
