switch_id,used_rules,usage
11,72,0.545455
10,51,0.386364
9,75,0.568182
8,55,0.416667
7,59,0.44697
6,130,0.984848
5,103,0.780303
4,96,0.727273
3,104,0.787879
2,52,0.393939
1,136,1.0303
0,36,0.272727
