switch_id,used_rules,usage
11,1,0.00757576
10,2,0.0151515
9,2,0.0151515
8,2,0.0151515
7,3,0.0227273
6,4,0.030303
5,3,0.0227273
4,6,0.0454545
3,0,0
2,4,0.030303
1,3,0.0227273
0,0,0
