switch_id,used_rules,usage
11,2,0.0151515
10,1,0.00757576
9,3,0.0227273
8,2,0.0151515
7,4,0.030303
6,7,0.0530303
5,7,0.0530303
4,6,0.0454545
3,5,0.0378788
2,4,0.030303
1,6,0.0454545
0,1,0.00757576
