switch_id,used_rules,usage
11,5,0.0378788
10,0,0
9,2,0.0151515
8,3,0.0227273
7,4,0.030303
6,4,0.030303
5,3,0.0227273
4,7,0.0530303
3,2,0.0151515
2,2,0.0151515
1,8,0.0606061
0,1,0.00757576
