switch_id,used_rules,usage
11,62,0.469697
10,45,0.340909
9,69,0.522727
8,50,0.378788
7,54,0.409091
6,121,0.916667
5,97,0.734848
4,89,0.674242
3,97,0.734848
2,46,0.348485
1,125,0.94697
0,37,0.280303
