switch_id,used_rules,usage
11,73,0.55303
10,63,0.477273
9,88,0.666667
8,58,0.439394
7,65,0.492424
6,145,1.09848
5,113,0.856061
4,102,0.772727
3,117,0.886364
2,57,0.431818
1,144,1.09091
0,41,0.310606
