switch_id,used_rules,usage
11,3,0.0227273
10,0,0
9,1,0.00757576
8,2,0.0151515
7,3,0.0227273
6,6,0.0454545
5,6,0.0454545
4,5,0.0378788
3,1,0.00757576
2,6,0.0454545
1,5,0.0378788
0,1,0.00757576
