switch_id,used_rules,usage
11,88,0.666667
10,56,0.424242
9,84,0.636364
8,73,0.55303
7,74,0.560606
6,151,1.14394
5,130,0.984848
4,113,0.856061
3,120,0.909091
2,69,0.522727
1,165,1.25
0,37,0.280303
