switch_id,used_rules,usage
11,1,0.00757576
10,1,0.00757576
9,3,0.0227273
8,2,0.0151515
7,3,0.0227273
6,4,0.030303
5,6,0.0454545
4,6,0.0454545
3,1,0.00757576
2,4,0.030303
1,5,0.0378788
0,0,0
