switch_id,used_rules,usage
11,96,0.727273
10,67,0.507576
9,101,0.765152
8,82,0.621212
7,80,0.606061
6,170,1.28788
5,136,1.0303
4,133,1.00758
3,135,1.02273
2,75,0.568182
1,181,1.37121
0,40,0.30303
