switch_id,used_rules,usage
11,2,0.0151515
10,1,0.00757576
9,2,0.0151515
8,1,0.00757576
7,5,0.0378788
6,0,0
5,3,0.0227273
4,5,0.0378788
3,0,0
2,1,0.00757576
1,5,0.0378788
0,1,0.00757576
