switch_id,used_rules,usage
11,7,0.0530303
10,3,0.0227273
9,3,0.0227273
8,4,0.030303
7,6,0.0454545
6,2,0.0151515
5,5,0.0378788
4,9,0.0681818
3,1,0.00757576
2,6,0.0454545
1,11,0.0833333
0,5,0.0378788
