switch_id,used_rules,usage
11,0,0
10,3,0.0227273
9,3,0.0227273
8,0,0
7,5,0.0378788
6,5,0.0378788
5,6,0.0454545
4,7,0.0530303
3,3,0.0227273
2,4,0.030303
1,6,0.0454545
0,1,0.00757576
