switch_id,used_rules,usage
11,71,0.537879
10,50,0.378788
9,67,0.507576
8,57,0.431818
7,52,0.393939
6,126,0.954545
5,96,0.727273
4,89,0.674242
3,102,0.772727
2,50,0.378788
1,130,0.984848
0,34,0.257576
