switch_id,used_rules,usage
11,68,0.515152
10,55,0.416667
9,80,0.606061
8,55,0.416667
7,60,0.454545
6,129,0.977273
5,102,0.772727
4,94,0.712121
3,107,0.810606
2,52,0.393939
1,134,1.01515
0,39,0.295455
