switch_id,used_rules,usage
11,3,0.0227273
10,0,0
9,0,0
8,3,0.0227273
7,3,0.0227273
6,2,0.0151515
5,3,0.0227273
4,4,0.030303
3,1,0.00757576
2,3,0.0227273
1,3,0.0227273
0,1,0.00757576
