switch_id,used_rules,usage
11,5,0.0378788
10,1,0.00757576
9,3,0.0227273
8,4,0.030303
7,6,0.0454545
6,5,0.0378788
5,6,0.0454545
4,9,0.0681818
3,2,0.0151515
2,5,0.0378788
1,10,0.0757576
0,4,0.030303
