switch_id,used_rules,usage
11,0,0
10,0,0
9,0,0
8,0,0
7,2,0.0151515
6,0,0
5,3,0.0227273
4,2,0.0151515
3,0,0
2,3,0.0227273
1,2,0.0151515
0,0,0
