switch_id,used_rules,usage
11,74,0.560606
10,45,0.340909
9,68,0.515152
8,59,0.44697
7,65,0.492424
6,124,0.939394
5,110,0.833333
4,92,0.69697
3,97,0.734848
2,59,0.44697
1,135,1.02273
0,33,0.25
