switch_id,used_rules,usage
11,3,0.0227273
10,1,0.00757576
9,2,0.0151515
8,3,0.0227273
7,4,0.030303
6,5,0.0378788
5,5,0.0378788
4,6,0.0454545
3,4,0.030303
2,4,0.030303
1,8,0.0606061
0,4,0.030303
