switch_id,used_rules,usage
11,71,0.537879
10,38,0.287879
9,54,0.409091
8,58,0.439394
7,55,0.416667
6,112,0.848485
5,98,0.742424
4,87,0.659091
3,82,0.621212
2,54,0.409091
1,125,0.94697
0,32,0.242424
