switch_id,used_rules,usage
11,2,0.0151515
10,2,0.0151515
9,4,0.030303
8,2,0.0151515
7,3,0.0227273
6,4,0.030303
5,3,0.0227273
4,6,0.0454545
3,4,0.030303
2,2,0.0151515
1,7,0.0530303
0,3,0.0227273
