switch_id,used_rules,usage
11,2,0.0151515
10,0,0
9,1,0.00757576
8,1,0.00757576
7,3,0.0227273
6,0,0
5,2,0.0151515
4,3,0.0227273
3,0,0
2,2,0.0151515
1,3,0.0227273
0,0,0
