switch_id,used_rules,usage
11,4,0.030303
10,1,0.00757576
9,2,0.0151515
8,3,0.0227273
7,3,0.0227273
6,0,0
5,1,0.00757576
4,3,0.0227273
3,0,0
2,0,0
1,6,0.0454545
0,2,0.0151515
