switch_id,used_rules,usage
11,62,0.469697
10,49,0.371212
9,73,0.55303
8,49,0.371212
7,56,0.424242
6,123,0.931818
5,99,0.75
4,89,0.674242
3,102,0.772727
2,47,0.356061
1,127,0.962121
0,38,0.287879
