switch_id,used_rules,usage
11,2,0.0151515
10,0,0
9,1,0.00757576
8,2,0.0151515
7,4,0.030303
6,1,0.00757576
5,3,0.0227273
4,6,0.0454545
3,0,0
2,3,0.0227273
1,5,0.0378788
0,2,0.0151515
