switch_id,used_rules,usage
11,2,0.0151515
10,3,0.0227273
9,3,0.0227273
8,2,0.0151515
7,6,0.0454545
6,4,0.030303
5,8,0.0606061
4,9,0.0681818
3,2,0.0151515
2,6,0.0454545
1,8,0.0606061
0,0,0
