switch_id,used_rules,usage
11,83,0.628788
10,67,0.507576
9,96,0.727273
8,67,0.507576
7,70,0.530303
6,160,1.21212
5,125,0.94697
4,111,0.840909
3,130,0.984848
2,60,0.454545
1,159,1.20455
0,41,0.310606
