switch_id,used_rules,usage
11,0,0
10,3,0.0227273
9,3,0.0227273
8,0,0
7,5,0.0378788
6,4,0.030303
5,4,0.030303
4,4,0.030303
3,4,0.030303
2,3,0.0227273
1,4,0.030303
0,2,0.0151515
