switch_id,used_rules,usage
11,71,0.537879
10,48,0.363636
9,67,0.507576
8,56,0.424242
7,53,0.401515
6,125,0.94697
5,96,0.727273
4,90,0.681818
3,101,0.765152
2,50,0.378788
1,131,0.992424
0,35,0.265152
