switch_id,used_rules,usage
11,3,0.0227273
10,1,0.00757576
9,2,0.0151515
8,2,0.0151515
7,4,0.030303
6,5,0.0378788
5,5,0.0378788
4,8,0.0606061
3,4,0.030303
2,2,0.0151515
1,7,0.0530303
0,4,0.030303
