switch_id,used_rules,usage
11,1,0.00757576
10,1,0.00757576
9,1,0.00757576
8,1,0.00757576
7,2,0.0151515
6,3,0.0227273
5,3,0.0227273
4,2,0.0151515
3,2,0.0151515
2,2,0.0151515
1,3,0.0227273
0,1,0.00757576
