switch_id,used_rules,usage
11,2,0.0151515
10,2,0.0151515
9,3,0.0227273
8,4,0.030303
7,6,0.0454545
6,6,0.0454545
5,8,0.0606061
4,7,0.0530303
3,3,0.0227273
2,7,0.0530303
1,7,0.0530303
0,1,0.00757576
