switch_id,used_rules,usage
11,1,0.00757576
10,3,0.0227273
9,1,0.00757576
8,1,0.00757576
7,5,0.0378788
6,5,0.0378788
5,6,0.0454545
4,7,0.0530303
3,2,0.0151515
2,4,0.030303
1,6,0.0454545
0,2,0.0151515
