switch_id,used_rules,usage
11,2,0.0151515
10,0,0
9,1,0.00757576
8,2,0.0151515
7,1,0.00757576
6,0,0
5,0,0
4,1,0.00757576
3,0,0
2,0,0
1,3,0.0227273
0,2,0.0151515
