switch_id,used_rules,usage
11,3,0.0227273
10,3,0.0227273
9,0,0
8,3,0.0227273
7,1,0.00757576
6,3,0.0227273
5,2,0.0151515
4,6,0.0454545
3,4,0.030303
2,3,0.0227273
1,5,0.0378788
0,0,0
