switch_id,used_rules,usage
11,68,0.515152
10,55,0.416667
9,81,0.613636
8,55,0.416667
7,60,0.454545
6,130,0.984848
5,103,0.780303
4,94,0.712121
3,108,0.818182
2,53,0.401515
1,134,1.01515
0,39,0.295455
