switch_id,used_rules,usage
11,4,0.030303
10,0,0
9,1,0.00757576
8,3,0.0227273
7,3,0.0227273
6,5,0.0378788
5,5,0.0378788
4,3,0.0227273
3,2,0.0151515
2,5,0.0378788
1,3,0.0227273
0,1,0.00757576
