switch_id,used_rules,usage
11,2,0.0151515
10,1,0.00757576
9,2,0.0151515
8,1,0.00757576
7,4,0.030303
6,0,0
5,0,0
4,4,0.030303
3,0,0
2,0,0
1,2,0.0151515
0,0,0
