switch_id,used_rules,usage
11,4,0.030303
10,3,0.0227273
9,3,0.0227273
8,2,0.0151515
7,3,0.0227273
6,3,0.0227273
5,2,0.0151515
4,5,0.0378788
3,1,0.00757576
2,2,0.0151515
1,5,0.0378788
0,2,0.0151515
