switch_id,used_rules,usage
11,3,0.0227273
10,0,0
9,2,0.0151515
8,4,0.030303
7,4,0.030303
6,2,0.0151515
5,4,0.030303
4,6,0.0454545
3,1,0.00757576
2,6,0.0454545
1,5,0.0378788
0,0,0
