switch_id,used_rules,usage
11,90,0.681818
10,77,0.583333
9,103,0.780303
8,74,0.560606
7,68,0.515152
6,170,1.28788
5,127,0.962121
4,115,0.871212
3,140,1.06061
2,66,0.5
1,168,1.27273
0,44,0.333333
