switch_id,used_rules,usage
11,1,0.00757576
10,6,0.0454545
9,5,0.0378788
8,0,0
7,6,0.0454545
6,7,0.0530303
5,6,0.0454545
4,6,0.0454545
3,8,0.0606061
2,4,0.030303
1,3,0.0227273
0,2,0.0151515
