switch_id,used_rules,usage
11,3,0.0227273
10,1,0.00757576
9,3,0.0227273
8,2,0.0151515
7,3,0.0227273
6,8,0.0606061
5,6,0.0454545
4,7,0.0530303
3,5,0.0378788
2,5,0.0378788
1,7,0.0530303
0,1,0.00757576
