switch_id,used_rules,usage
11,3,0.0227273
10,3,0.0227273
9,3,0.0227273
8,5,0.0378788
7,7,0.0530303
6,4,0.030303
5,6,0.0454545
4,9,0.0681818
3,1,0.00757576
2,7,0.0530303
1,8,0.0606061
0,0,0
