switch_id,used_rules,usage
11,72,0.545455
10,38,0.287879
9,55,0.416667
8,57,0.431818
7,55,0.416667
6,115,0.871212
5,100,0.757576
4,86,0.651515
3,85,0.643939
2,53,0.401515
1,126,0.954545
0,32,0.242424
