switch_id,used_rules,usage
11,91,0.689394
10,76,0.575758
9,99,0.75
8,70,0.530303
7,68,0.515152
6,169,1.2803
5,129,0.977273
4,115,0.871212
3,138,1.04545
2,64,0.484848
1,168,1.27273
0,42,0.318182
