switch_id,used_rules,usage
11,68,0.515152
10,44,0.333333
9,69,0.522727
8,55,0.416667
7,57,0.431818
6,125,0.94697
5,101,0.765152
4,92,0.69697
3,99,0.75
2,49,0.371212
1,132,1
0,38,0.287879
