switch_id,used_rules,usage
11,2,0.0151515
10,3,0.0227273
9,2,0.0151515
8,1,0.00757576
7,2,0.0151515
6,5,0.0378788
5,2,0.0151515
4,5,0.0378788
3,4,0.030303
2,0,0
1,7,0.0530303
0,2,0.0151515
