switch_id,used_rules,usage
11,3,0.0227273
10,1,0.00757576
9,4,0.030303
8,1,0.00757576
7,5,0.0378788
6,4,0.030303
5,5,0.0378788
4,6,0.0454545
3,3,0.0227273
2,4,0.030303
1,6,0.0454545
0,1,0.00757576
