switch_id,used_rules,usage
11,71,0.537879
10,41,0.310606
9,57,0.431818
8,54,0.409091
7,55,0.416667
6,114,0.863636
5,95,0.719697
4,87,0.659091
3,87,0.659091
2,49,0.371212
1,126,0.954545
0,30,0.227273
