switch_id,used_rules,usage
11,2,0.0151515
10,0,0
9,1,0.00757576
8,3,0.0227273
7,0,0
6,2,0.0151515
5,1,0.00757576
4,1,0.00757576
3,2,0.0151515
2,1,0.00757576
1,3,0.0227273
0,1,0.00757576
