switch_id,used_rules,usage
11,1,0.00757576
10,2,0.0151515
9,4,0.030303
8,2,0.0151515
7,3,0.0227273
6,6,0.0454545
5,6,0.0454545
4,5,0.0378788
3,5,0.0378788
2,4,0.030303
1,4,0.030303
0,0,0
