switch_id,used_rules,usage
11,81,0.613636
10,48,0.363636
9,73,0.55303
8,65,0.492424
7,62,0.469697
6,136,1.0303
5,114,0.863636
4,98,0.742424
3,109,0.825758
2,60,0.454545
1,146,1.10606
0,35,0.265152
