switch_id,used_rules,usage
11,5,0.0378788
10,4,0.030303
9,7,0.0530303
8,2,0.0151515
7,8,0.0606061
6,4,0.030303
5,5,0.0378788
4,8,0.0606061
3,4,0.030303
2,3,0.0227273
1,10,0.0757576
0,1,0.00757576
