switch_id,used_rules,usage
11,57,0.431818
10,34,0.257576
9,53,0.401515
8,44,0.333333
7,55,0.416667
6,97,0.734848
5,85,0.643939
4,80,0.606061
3,74,0.560606
2,44,0.333333
1,108,0.818182
0,28,0.212121
