switch_id,used_rules,usage
11,0,0
10,0,0
9,0,0
8,1,0.00757576
7,2,0.0151515
6,1,0.00757576
5,3,0.0227273
4,3,0.0227273
3,1,0.00757576
2,2,0.0151515
1,4,0.030303
0,3,0.0227273
