switch_id,used_rules,usage
11,83,0.628788
10,50,0.378788
9,73,0.55303
8,66,0.5
7,64,0.484848
6,143,1.08333
5,115,0.871212
4,106,0.80303
3,109,0.825758
2,60,0.454545
1,150,1.13636
0,36,0.272727
