switch_id,used_rules,usage
11,1,0.00757576
10,1,0.00757576
9,1,0.00757576
8,1,0.00757576
7,1,0.00757576
6,3,0.0227273
5,1,0.00757576
4,3,0.0227273
3,1,0.00757576
2,1,0.00757576
1,2,0.0151515
0,0,0
