switch_id,used_rules,usage
11,106,0.80303
10,84,0.636364
9,128,0.969697
8,90,0.681818
7,102,0.772727
6,189,1.43182
5,147,1.11364
4,151,1.14394
3,157,1.18939
2,80,0.606061
1,200,1.51515
0,43,0.325758
