switch_id,used_rules,usage
11,2,0.0151515
10,3,0.0227273
9,1,0.00757576
8,0,0
7,2,0.0151515
6,4,0.030303
5,3,0.0227273
4,4,0.030303
3,3,0.0227273
2,2,0.0151515
1,5,0.0378788
0,1,0.00757576
