switch_id,used_rules,usage
11,78,0.590909
10,40,0.30303
9,63,0.477273
8,64,0.484848
7,57,0.431818
6,129,0.977273
5,108,0.818182
4,96,0.727273
3,97,0.734848
2,58,0.439394
1,140,1.06061
0,33,0.25
