switch_id,used_rules,usage
11,6,0.0454545
10,0,0
9,5,0.0378788
8,3,0.0227273
7,8,0.0606061
6,6,0.0454545
5,9,0.0681818
4,11,0.0833333
3,4,0.030303
2,8,0.0606061
1,14,0.106061
0,2,0.0151515
