switch_id,used_rules,usage
11,1,0.00757576
10,2,0.0151515
9,1,0.00757576
8,0,0
7,2,0.0151515
6,7,0.0530303
5,5,0.0378788
4,5,0.0378788
3,5,0.0378788
2,3,0.0227273
1,6,0.0454545
0,0,0
