switch_id,used_rules,usage
11,2,0.0151515
10,0,0
9,1,0.00757576
8,2,0.0151515
7,1,0.00757576
6,3,0.0227273
5,2,0.0151515
4,3,0.0227273
3,0,0
2,2,0.0151515
1,4,0.030303
0,2,0.0151515
