switch_id,used_rules,usage
11,7,0.0530303
10,3,0.0227273
9,4,0.030303
8,3,0.0227273
7,6,0.0454545
6,6,0.0454545
5,4,0.030303
4,9,0.0681818
3,2,0.0151515
2,4,0.030303
1,9,0.0681818
0,1,0.00757576
