switch_id,used_rules,usage
11,0,0
10,0,0
9,1,0.00757576
8,1,0.00757576
7,1,0.00757576
6,1,0.00757576
5,3,0.0227273
4,1,0.00757576
3,1,0.00757576
2,2,0.0151515
1,1,0.00757576
0,0,0
