switch_id,used_rules,usage
11,60,0.454545
10,36,0.272727
9,52,0.393939
8,46,0.348485
7,55,0.416667
6,102,0.772727
5,90,0.681818
4,78,0.590909
3,78,0.590909
2,47,0.356061
1,112,0.848485
0,30,0.227273
