switch_id,used_rules,usage
11,2,0.0151515
10,3,0.0227273
9,4,0.030303
8,1,0.00757576
7,3,0.0227273
6,5,0.0378788
5,4,0.030303
4,5,0.0378788
3,3,0.0227273
2,3,0.0227273
1,6,0.0454545
0,2,0.0151515
