switch_id,used_rules,usage
11,0,0
10,2,0.0151515
9,2,0.0151515
8,0,0
7,2,0.0151515
6,3,0.0227273
5,2,0.0151515
4,4,0.030303
3,4,0.030303
2,2,0.0151515
1,3,0.0227273
0,1,0.00757576
