switch_id,used_rules,usage
11,3,0.0227273
10,1,0.00757576
9,2,0.0151515
8,1,0.00757576
7,5,0.0378788
6,4,0.030303
5,4,0.030303
4,6,0.0454545
3,1,0.00757576
2,3,0.0227273
1,6,0.0454545
0,3,0.0227273
