switch_id,used_rules,usage
11,3,0.0227273
10,0,0
9,1,0.00757576
8,2,0.0151515
7,2,0.0151515
6,6,0.0454545
5,4,0.030303
4,4,0.030303
3,3,0.0227273
2,4,0.030303
1,4,0.030303
0,1,0.00757576
