switch_id,used_rules,usage
11,67,0.507576
10,55,0.416667
9,78,0.590909
8,51,0.386364
7,60,0.454545
6,127,0.962121
5,103,0.780303
4,92,0.69697
3,106,0.80303
2,50,0.378788
1,133,1.00758
0,37,0.280303
