switch_id,used_rules,usage
11,4,0.030303
10,2,0.0151515
9,0,0
8,4,0.030303
7,4,0.030303
6,2,0.0151515
5,8,0.0606061
4,6,0.0454545
3,2,0.0151515
2,5,0.0378788
1,11,0.0833333
0,2,0.0151515
