switch_id,used_rules,usage
11,5,0.0378788
10,3,0.0227273
9,4,0.030303
8,2,0.0151515
7,8,0.0606061
6,4,0.030303
5,4,0.030303
4,10,0.0757576
3,3,0.0227273
2,4,0.030303
1,8,0.0606061
0,0,0
