switch_id,used_rules,usage
11,2,0.0151515
10,0,0
9,2,0.0151515
8,1,0.00757576
7,4,0.030303
6,3,0.0227273
5,4,0.030303
4,5,0.0378788
3,2,0.0151515
2,2,0.0151515
1,5,0.0378788
0,1,0.00757576
