switch_id,used_rules,usage
11,67,0.507576
10,38,0.287879
9,55,0.416667
8,51,0.386364
7,54,0.409091
6,111,0.840909
5,93,0.704545
4,84,0.636364
3,84,0.636364
2,49,0.371212
1,122,0.924242
0,30,0.227273
