switch_id,used_rules,usage
11,4,0.030303
10,3,0.0227273
9,3,0.0227273
8,4,0.030303
7,3,0.0227273
6,5,0.0378788
5,6,0.0454545
4,5,0.0378788
3,4,0.030303
2,5,0.0378788
1,6,0.0454545
0,2,0.0151515
