switch_id,used_rules,usage
11,85,0.643939
10,70,0.530303
9,98,0.742424
8,69,0.522727
7,70,0.530303
6,163,1.23485
5,127,0.962121
4,113,0.856061
3,132,1
2,61,0.462121
1,162,1.22727
0,41,0.310606
