switch_id,used_rules,usage
11,75,0.568182
10,60,0.454545
9,83,0.628788
8,58,0.439394
7,62,0.469697
6,140,1.06061
5,109,0.825758
4,96,0.727273
3,115,0.871212
2,53,0.401515
1,141,1.06818
0,37,0.280303
