switch_id,used_rules,usage
11,1,0.00757576
10,0,0
9,0,0
8,0,0
7,2,0.0151515
6,2,0.0151515
5,2,0.0151515
4,2,0.0151515
3,1,0.00757576
2,0,0
1,2,0.0151515
0,0,0
