switch_id,used_rules,usage
11,83,0.628788
10,46,0.348485
9,70,0.530303
8,66,0.5
7,62,0.469697
6,133,1.00758
5,111,0.840909
4,98,0.742424
3,102,0.772727
2,59,0.44697
1,144,1.09091
0,32,0.242424
