switch_id,used_rules,usage
11,3,0.0227273
10,2,0.0151515
9,5,0.0378788
8,1,0.00757576
7,9,0.0681818
6,5,0.0378788
5,6,0.0454545
4,7,0.0530303
3,3,0.0227273
2,5,0.0378788
1,6,0.0454545
0,2,0.0151515
