switch_id,used_rules,usage
11,3,0.0227273
10,3,0.0227273
9,1,0.00757576
8,3,0.0227273
7,4,0.030303
6,6,0.0454545
5,4,0.030303
4,8,0.0606061
3,6,0.0454545
2,3,0.0227273
1,7,0.0530303
0,2,0.0151515
