switch_id,used_rules,usage
11,2,0.0151515
10,0,0
9,1,0.00757576
8,3,0.0227273
7,5,0.0378788
6,4,0.030303
5,9,0.0681818
4,9,0.0681818
3,2,0.0151515
2,6,0.0454545
1,9,0.0681818
0,0,0
