switch_id,used_rules,usage
11,0,0
10,2,0.0151515
9,2,0.0151515
8,0,0
7,4,0.030303
6,1,0.00757576
5,3,0.0227273
4,4,0.030303
3,0,0
2,3,0.0227273
1,3,0.0227273
0,1,0.00757576
