switch_id,used_rules,usage
11,62,0.469697
10,35,0.265152
9,55,0.416667
8,44,0.333333
7,55,0.416667
6,103,0.780303
5,88,0.666667
4,82,0.621212
3,80,0.606061
2,44,0.333333
1,115,0.871212
0,28,0.212121
