switch_id,used_rules,usage
11,3,0.0227273
10,1,0.00757576
9,1,0.00757576
8,2,0.0151515
7,4,0.030303
6,4,0.030303
5,4,0.030303
4,7,0.0530303
3,1,0.00757576
2,3,0.0227273
1,8,0.0606061
0,2,0.0151515
