switch_id,used_rules,usage
11,5,0.0378788
10,1,0.00757576
9,1,0.00757576
8,4,0.030303
7,4,0.030303
6,5,0.0378788
5,8,0.0606061
4,8,0.0606061
3,0,0
2,5,0.0378788
1,9,0.0681818
0,1,0.00757576
