switch_id,used_rules,usage
11,5,0.0378788
10,2,0.0151515
9,3,0.0227273
8,2,0.0151515
7,5,0.0378788
6,4,0.030303
5,5,0.0378788
4,9,0.0681818
3,3,0.0227273
2,3,0.0227273
1,10,0.0757576
0,2,0.0151515
