switch_id,used_rules,usage
11,2,0.0151515
10,2,0.0151515
9,1,0.00757576
8,2,0.0151515
7,3,0.0227273
6,5,0.0378788
5,4,0.030303
4,4,0.030303
3,2,0.0151515
2,2,0.0151515
1,4,0.030303
0,2,0.0151515
