switch_id,used_rules,usage
11,72,0.545455
10,51,0.386364
9,74,0.560606
8,54,0.409091
7,57,0.431818
6,129,0.977273
5,103,0.780303
4,92,0.69697
3,105,0.795455
2,50,0.378788
1,135,1.02273
0,36,0.272727
