switch_id,used_rules,usage
11,4,0.030303
10,1,0.00757576
9,3,0.0227273
8,1,0.00757576
7,3,0.0227273
6,2,0.0151515
5,0,0
4,5,0.0378788
3,1,0.00757576
2,0,0
1,5,0.0378788
0,2,0.0151515
