switch_id,used_rules,usage
11,3,0.0227273
10,5,0.0378788
9,4,0.030303
8,3,0.0227273
7,3,0.0227273
6,6,0.0454545
5,8,0.0606061
4,4,0.030303
3,5,0.0378788
2,7,0.0530303
1,6,0.0454545
0,1,0.00757576
