switch_id,used_rules,usage
11,0,0
10,0,0
9,0,0
8,0,0
7,1,0.00757576
6,0,0
5,1,0.00757576
4,1,0.00757576
3,0,0
2,1,0.00757576
1,1,0.00757576
0,0,0
