switch_id,used_rules,usage
11,2,0.0151515
10,4,0.030303
9,5,0.0378788
8,1,0.00757576
7,7,0.0530303
6,4,0.030303
5,6,0.0454545
4,11,0.0833333
3,3,0.0227273
2,2,0.0151515
1,10,0.0757576
0,1,0.00757576
