switch_id,used_rules,usage
11,64,0.484848
10,36,0.272727
9,53,0.401515
8,50,0.378788
7,55,0.416667
6,105,0.795455
5,92,0.69697
4,80,0.606061
3,78,0.590909
2,49,0.371212
1,115,0.871212
0,29,0.219697
