switch_id,used_rules,usage
11,1,0.00757576
10,2,0.0151515
9,1,0.00757576
8,1,0.00757576
7,3,0.0227273
6,3,0.0227273
5,3,0.0227273
4,3,0.0227273
3,1,0.00757576
2,4,0.030303
1,3,0.0227273
0,2,0.0151515
