switch_id,used_rules,usage
11,77,0.583333
10,57,0.431818
9,81,0.613636
8,59,0.44697
7,62,0.469697
6,137,1.03788
5,108,0.818182
4,97,0.734848
3,111,0.840909
2,54,0.409091
1,142,1.07576
0,37,0.280303
