switch_id,used_rules,usage
11,0,0
10,0,0
9,2,0.0151515
8,0,0
7,1,0.00757576
6,3,0.0227273
5,4,0.030303
4,3,0.0227273
3,3,0.0227273
2,3,0.0227273
1,3,0.0227273
0,1,0.00757576
