switch_id,used_rules,usage
11,69,0.522727
10,45,0.340909
9,70,0.530303
8,56,0.424242
7,57,0.431818
6,127,0.962121
5,102,0.772727
4,93,0.704545
3,100,0.757576
2,50,0.378788
1,134,1.01515
0,38,0.287879
