switch_id,used_rules,usage
11,2,0.0151515
10,1,0.00757576
9,2,0.0151515
8,2,0.0151515
7,5,0.0378788
6,4,0.030303
5,4,0.030303
4,4,0.030303
3,3,0.0227273
2,5,0.0378788
1,3,0.0227273
0,1,0.00757576
