switch_id,used_rules,usage
11,89,0.674242
10,50,0.378788
9,76,0.575758
8,75,0.568182
7,68,0.515152
6,148,1.12121
5,123,0.931818
4,111,0.840909
3,113,0.856061
2,68,0.515152
1,160,1.21212
0,36,0.272727
