switch_id,used_rules,usage
11,4,0.030303
10,2,0.0151515
9,7,0.0530303
8,2,0.0151515
7,9,0.0681818
6,3,0.0227273
5,3,0.0227273
4,11,0.0833333
3,3,0.0227273
2,1,0.00757576
1,9,0.0681818
0,3,0.0227273
