switch_id,used_rules,usage
11,1,0.00757576
10,1,0.00757576
9,3,0.0227273
8,1,0.00757576
7,3,0.0227273
6,4,0.030303
5,4,0.030303
4,4,0.030303
3,3,0.0227273
2,2,0.0151515
1,4,0.030303
0,1,0.00757576
