switch_id,used_rules,usage
11,5,0.0378788
10,2,0.0151515
9,4,0.030303
8,3,0.0227273
7,5,0.0378788
6,6,0.0454545
5,3,0.0227273
4,9,0.0681818
3,4,0.030303
2,2,0.0151515
1,8,0.0606061
0,2,0.0151515
