switch_id,used_rules,usage
11,81,0.613636
10,69,0.522727
9,92,0.69697
8,62,0.469697
7,64,0.484848
6,152,1.15152
5,119,0.901515
4,105,0.795455
3,124,0.939394
2,58,0.439394
1,152,1.15152
0,39,0.295455
