switch_id,used_rules,usage
11,2,0.0151515
10,1,0.00757576
9,1,0.00757576
8,1,0.00757576
7,6,0.0454545
6,2,0.0151515
5,6,0.0454545
4,8,0.0606061
3,0,0
2,4,0.030303
1,7,0.0530303
0,3,0.0227273
