switch_id,used_rules,usage
11,6,0.0454545
10,1,0.00757576
9,5,0.0378788
8,3,0.0227273
7,9,0.0681818
6,6,0.0454545
5,4,0.030303
4,11,0.0833333
3,4,0.030303
2,4,0.030303
1,11,0.0833333
0,4,0.030303
