switch_id,used_rules,usage
11,0,0
10,0,0
9,1,0.00757576
8,0,0
7,3,0.0227273
6,3,0.0227273
5,3,0.0227273
4,2,0.0151515
3,2,0.0151515
2,1,0.00757576
1,1,0.00757576
0,0,0
