switch_id,used_rules,usage
11,1,0.00757576
10,0,0
9,0,0
8,1,0.00757576
7,2,0.0151515
6,2,0.0151515
5,3,0.0227273
4,3,0.0227273
3,1,0.00757576
2,3,0.0227273
1,3,0.0227273
0,0,0
