switch_id,used_rules,usage
11,0,0
10,1,0.00757576
9,1,0.00757576
8,1,0.00757576
7,3,0.0227273
6,1,0.00757576
5,3,0.0227273
4,5,0.0378788
3,1,0.00757576
2,3,0.0227273
1,4,0.030303
0,2,0.0151515
