switch_id,used_rules,usage
11,5,0.0378788
10,2,0.0151515
9,5,0.0378788
8,4,0.030303
7,7,0.0530303
6,7,0.0530303
5,8,0.0606061
4,6,0.0454545
3,4,0.030303
2,7,0.0530303
1,8,0.0606061
0,2,0.0151515
