switch_id,used_rules,usage
11,4,0.030303
10,2,0.0151515
9,1,0.00757576
8,3,0.0227273
7,4,0.030303
6,3,0.0227273
5,3,0.0227273
4,7,0.0530303
3,1,0.00757576
2,3,0.0227273
1,5,0.0378788
0,1,0.00757576
