switch_id,used_rules,usage
11,8,0.0606061
10,0,0
9,3,0.0227273
8,6,0.0454545
7,4,0.030303
6,1,0.00757576
5,2,0.0151515
4,4,0.030303
3,1,0.00757576
2,3,0.0227273
1,7,0.0530303
0,2,0.0151515
