switch_id,used_rules,usage
11,3,0.0227273
10,0,0
9,2,0.0151515
8,2,0.0151515
7,4,0.030303
6,1,0.00757576
5,3,0.0227273
4,4,0.030303
3,2,0.0151515
2,3,0.0227273
1,5,0.0378788
0,1,0.00757576
