switch_id,used_rules,usage
11,2,0.0151515
10,0,0
9,1,0.00757576
8,2,0.0151515
7,2,0.0151515
6,3,0.0227273
5,6,0.0454545
4,5,0.0378788
3,2,0.0151515
2,6,0.0454545
1,6,0.0454545
0,1,0.00757576
