switch_id,used_rules,usage
11,5,0.0378788
10,0,0
9,1,0.00757576
8,5,0.0378788
7,1,0.00757576
6,2,0.0151515
5,1,0.00757576
4,4,0.030303
3,2,0.0151515
2,3,0.0227273
1,4,0.030303
0,0,0
