switch_id,used_rules,usage
11,2,0.0151515
10,1,0.00757576
9,2,0.0151515
8,1,0.00757576
7,3,0.0227273
6,0,0
5,1,0.00757576
4,4,0.030303
3,0,0
2,1,0.00757576
1,3,0.0227273
0,0,0
