switch_id,used_rules,usage
11,1,0.00757576
10,1,0.00757576
9,3,0.0227273
8,2,0.0151515
7,4,0.030303
6,4,0.030303
5,5,0.0378788
4,7,0.0530303
3,3,0.0227273
2,4,0.030303
1,7,0.0530303
0,1,0.00757576
