switch_id,used_rules,usage
11,4,0.030303
10,1,0.00757576
9,2,0.0151515
8,5,0.0378788
7,2,0.0151515
6,3,0.0227273
5,4,0.030303
4,3,0.0227273
3,3,0.0227273
2,5,0.0378788
1,2,0.0151515
0,0,0
