switch_id,used_rules,usage
11,86,0.651515
10,67,0.507576
9,96,0.727273
8,66,0.5
7,66,0.5
6,161,1.2197
5,120,0.909091
4,110,0.833333
3,131,0.992424
2,59,0.44697
1,157,1.18939
0,41,0.310606
