switch_id,used_rules,usage
11,4,0.030303
10,1,0.00757576
9,1,0.00757576
8,0,0
7,4,0.030303
6,2,0.0151515
5,3,0.0227273
4,6,0.0454545
3,2,0.0151515
2,3,0.0227273
1,8,0.0606061
0,1,0.00757576
