switch_id,used_rules,usage
11,1,0.00757576
10,1,0.00757576
9,0,0
8,1,0.00757576
7,1,0.00757576
6,1,0.00757576
5,1,0.00757576
4,1,0.00757576
3,1,0.00757576
2,1,0.00757576
1,1,0.00757576
0,0,0
