switch_id,used_rules,usage
11,68,0.515152
10,56,0.424242
9,83,0.628788
8,53,0.401515
7,63,0.477273
6,130,0.984848
5,107,0.810606
4,92,0.69697
3,110,0.833333
2,53,0.401515
1,133,1.00758
0,37,0.280303
