switch_id,used_rules,usage
11,2,0.0151515
10,3,0.0227273
9,4,0.030303
8,3,0.0227273
7,6,0.0454545
6,7,0.0530303
5,8,0.0606061
4,8,0.0606061
3,3,0.0227273
2,6,0.0454545
1,7,0.0530303
0,1,0.00757576
