switch_id,used_rules,usage
11,3,0.0227273
10,1,0.00757576
9,4,0.030303
8,4,0.030303
7,5,0.0378788
6,6,0.0454545
5,4,0.030303
4,7,0.0530303
3,2,0.0151515
2,5,0.0378788
1,6,0.0454545
0,2,0.0151515
