switch_id,used_rules,usage
11,1,0.00757576
10,0,0
9,0,0
8,1,0.00757576
7,1,0.00757576
6,2,0.0151515
5,2,0.0151515
4,4,0.030303
3,1,0.00757576
2,1,0.00757576
1,5,0.0378788
0,3,0.0227273
