switch_id,used_rules,usage
11,3,0.0227273
10,0,0
9,3,0.0227273
8,2,0.0151515
7,6,0.0454545
6,8,0.0606061
5,5,0.0378788
4,10,0.0757576
3,3,0.0227273
2,5,0.0378788
1,7,0.0530303
0,3,0.0227273
