switch_id,used_rules,usage
11,3,0.0227273
10,1,0.00757576
9,5,0.0378788
8,2,0.0151515
7,8,0.0606061
6,2,0.0151515
5,5,0.0378788
4,7,0.0530303
3,2,0.0151515
2,4,0.030303
1,8,0.0606061
0,1,0.00757576
