switch_id,used_rules,usage
11,1,0.0151515
10,2,0.030303
9,2,0.030303
8,1,0.0151515
7,1,0.0151515
6,2,0.030303
5,0,0
4,1,0.0151515
3,1,0.0151515
2,2,0.030303
1,1,0.0151515
0,2,0.030303
