switch_id,used_rules,usage
11,3,0.0454545
10,5,0.0757576
9,1,0.0151515
8,3,0.0454545
7,3,0.0454545
6,4,0.0606061
5,1,0.0151515
4,6,0.0909091
3,7,0.106061
2,2,0.030303
1,3,0.0454545
0,2,0.030303
