switch_id,used_rules,usage
11,1,0.0151515
10,5,0.0757576
9,0,0
8,0,0
7,2,0.030303
6,1,0.0151515
5,3,0.0454545
4,0,0
3,0,0
2,1,0.0151515
1,3,0.0454545
0,1,0.0151515
