switch_id,used_rules,usage
11,4,0.0606061
10,8,0.121212
9,2,0.030303
8,4,0.0606061
7,2,0.030303
6,4,0.0606061
5,3,0.0454545
4,5,0.0757576
3,3,0.0454545
2,3,0.0454545
1,4,0.0606061
0,2,0.030303
