source,destination,length,path
0,1,2,0,10,1,2.85519
0,1,2,0,2,1,25.6967
0,2,1,0,2,23.1343
0,3,3,0,10,4,3,20.3816
0,3,3,0,10,6,3,5.09541
0,4,2,0,10,4,5.91536
0,4,3,0,5,8,4,7.3942
0,4,3,0,5,10,4,1.47884
0,5,1,0,5,28.9911
0,6,2,0,10,6,23.1343
0,7,3,0,2,9,7,10.6594
0,7,3,0,2,1,7,15.989
0,8,2,0,5,8,22.5486
0,9,2,0,2,9,25.6235
0,10,1,0,10,17.8632
0,11,3,0,10,6,11,5.00756
0,11,4,0,5,10,6,11,6.67674
0,11,5,0,5,10,4,3,11,1.66919
0,11,4,0,10,4,3,11,3.33837
1,2,1,1,2,26.2091
1,3,3,1,7,11,3,5.13933
1,3,3,1,10,4,3,8.56556
1,3,3,1,10,6,3,3.42622
1,4,2,1,10,4,15.3741
1,5,2,1,10,5,20.9527
1,5,3,1,2,0,5,2.32807
1,6,2,1,10,6,20.2938
1,6,3,1,7,11,6,8.69734
1,7,1,1,7,27.6733
1,8,3,1,10,5,8,9.72227
1,8,4,1,2,0,5,8,14.5834
1,9,2,1,7,9,14.5541
1,9,2,1,2,9,6.23748
1,10,1,1,10,20.0595
1,11,2,1,7,11,23.8664
2,3,4,2,9,7,11,3,5.7543
2,3,4,2,0,10,4,3,11.5086
2,3,4,2,0,10,6,3,1.9181
2,4,3,2,1,10,4,2.32807
2,4,3,2,0,10,4,11.6404
2,4,4,2,0,5,8,4,9.3123
2,5,2,2,0,5,24.0128
2,6,3,2,0,10,6,7.49669
2,6,3,2,1,10,6,9.37087
2,6,4,2,9,7,11,6,1.87417
2,7,2,2,9,7,28.5519
2,8,3,2,0,5,8,19.0346
2,9,1,2,9,15.3741
2,10,2,2,1,10,17.7314
2,10,2,2,0,10,7.59919
2,11,3,2,1,7,11,18.3903
2,11,3,2,9,7,11,4.59758
3,4,1,3,4,28.4054
3,5,3,3,4,8,5,1.83025
3,5,3,3,6,10,5,16.4722
3,6,1,3,6,16.1062
3,7,2,3,11,7,19.3274
3,8,2,3,4,8,23.2807
3,9,3,3,11,7,9,15.9598
3,10,2,3,6,10,18.4489
3,11,1,3,11,14.642
4,5,2,4,10,5,12.7092
4,5,2,4,8,5,5.44682
4,6,2,4,3,6,15.5205
4,7,3,4,3,11,7,15.9305
4,7,3,4,10,1,7,1.99131
4,7,4,4,3,6,11,7,1.99131
4,8,1,4,8,21.0845
4,9,4,4,10,1,2,9,17.219
4,9,4,4,10,1,7,9,7.37956
4,10,1,4,10,17.424
4,11,2,4,3,11,14.8763
4,11,3,4,3,6,11,3.71906
5,6,2,5,10,6,15.3741
5,7,3,5,10,1,7,21.5237
5,8,1,5,8,20.4988
5,9,3,5,0,2,9,8.69734
5,9,4,5,10,1,2,9,17.3947
5,9,4,5,10,1,7,9,2.89911
5,10,1,5,10,15.2277
5,11,3,5,10,6,11,16.5454
6,7,2,6,11,7,24.7449
6,8,3,6,3,4,8,24.6425
6,8,3,6,10,4,8,2.73805
6,9,3,6,11,7,9,28.6983
6,10,1,6,10,28.259
6,11,1,6,11,17.6875
6,11,2,6,3,11,4.42188
7,8,4,7,11,3,4,8,15.5205
7,9,1,7,9,18.3025
7,10,2,7,1,10,14.2027
7,10,3,7,11,6,10,14.2027
7,11,1,7,11,28.4054
8,9,4,8,5,0,2,9,5.40289
8,9,5,8,5,10,1,2,9,1.80096
8,9,5,8,4,3,11,7,9,7.20385
8,9,5,8,4,10,1,2,9,1.80096
8,9,5,8,4,10,1,7,9,1.80096
8,10,2,8,4,10,26.502
8,11,3,8,4,3,11,28.259
9,10,3,9,2,0,10,18.5514
9,10,3,9,7,1,10,7.9506
9,11,2,9,7,11,28.5519
10,11,2,10,6,11,20.6452
