switch_id,used_rules,usage
11,0,0
10,2,0.030303
9,1,0.0151515
8,0,0
7,0,0
6,1,0.0151515
5,0,0
4,1,0.0151515
3,0,0
2,2,0.030303
1,2,0.030303
0,0,0
