source,destination,length,path
0,1,2,0,10,1,2.60763
0,1,2,0,2,1,26.0763
0,2,1,0,2,23.2413
0,3,3,0,10,4,3,18.6144
0,3,3,0,10,6,3,2.32681
0,3,4,0,5,8,4,3,4.65361
0,4,2,0,10,4,8.1037
0,4,3,0,5,8,4,5.40247
0,4,3,0,5,10,4,1.35062
0,5,1,0,5,29.1252
0,6,2,0,10,6,23.2413
0,7,3,0,2,9,7,9.73514
0,7,3,0,2,1,7,17.0365
0,8,2,0,5,8,22.6529
0,9,2,0,2,9,25.742
0,10,1,0,10,17.9458
0,11,3,0,10,6,11,6.09783
0,11,4,0,5,10,6,11,7.62229
0,11,4,0,10,4,3,11,3.04892
1,2,1,1,2,26.3303
1,3,3,1,7,11,3,4.69373
1,3,3,1,10,4,3,9.38746
1,3,3,1,10,6,3,3.12915
1,4,2,1,10,4,15.4452
1,5,2,1,10,5,23.3884
1,6,2,1,10,6,23.8297
1,6,3,1,7,11,6,5.29549
1,7,1,1,7,27.8013
1,8,3,1,10,5,8,8.8793
1,8,4,1,2,0,5,8,15.5388
1,9,2,1,7,9,13.2922
1,9,2,1,2,9,7.59555
1,10,1,1,10,20.1523
1,11,2,1,7,11,23.9768
2,3,4,2,9,7,11,3,5.25537
2,3,4,2,0,10,4,3,12.2625
2,3,4,2,0,10,6,3,1.75179
2,4,3,2,1,10,4,2.12622
2,4,3,2,0,10,4,10.6311
2,4,4,2,0,5,8,4,8.50487
2,4,4,2,0,5,10,4,2.12622
2,5,2,2,0,5,24.1239
2,6,3,2,0,10,6,8.55836
2,6,3,2,1,10,6,8.55836
2,6,4,2,9,7,11,6,1.71167
2,7,2,2,9,7,28.6839
2,8,3,2,0,5,8,19.1226
2,9,1,2,9,15.4452
2,10,2,2,1,10,16.194
2,10,2,2,0,10,9.25373
2,11,3,2,1,7,11,20.9947
2,11,3,2,9,7,11,2.09947
3,4,1,3,4,28.5368
3,5,3,3,4,8,5,1.67156
3,5,3,3,6,10,5,16.7156
3,6,1,3,6,16.1807
3,7,2,3,11,7,19.4168
3,8,2,3,4,8,23.3884
3,9,3,3,11,7,9,14.576
3,9,4,3,6,11,7,9,1.4576
3,10,2,3,6,10,18.5342
3,11,1,3,11,14.7097
4,5,2,4,10,5,13.2655
4,5,2,4,8,5,4.97455
4,6,2,4,3,6,15.5923
4,7,3,4,3,11,7,18.1865
4,7,4,4,3,6,11,7,1.81865
4,8,1,4,8,21.182
4,9,4,4,10,1,2,9,15.726
4,9,4,4,10,1,7,9,6.73971
4,9,5,4,3,6,11,7,9,2.24657
4,10,1,4,10,17.5045
4,11,2,4,3,11,16.983
4,11,3,4,3,6,11,1.6983
5,6,2,5,10,6,15.4452
5,7,3,5,10,1,7,21.6232
5,8,1,5,8,20.5936
5,9,3,5,0,2,9,7.94323
5,9,4,5,10,1,2,9,18.5342
5,9,4,5,10,1,7,9,2.64774
5,10,1,5,10,15.2981
5,11,3,5,10,6,11,16.6219
6,7,2,6,11,7,24.8594
6,8,3,6,3,4,8,25.0065
6,8,3,6,10,4,8,2.50065
6,9,3,6,11,7,9,28.831
6,10,1,6,10,28.3897
6,11,1,6,11,14.1347
6,11,2,6,3,11,8.07696
7,8,4,7,11,3,4,8,15.5923
7,9,1,7,9,18.3871
7,10,2,7,1,10,10.377
7,10,3,7,11,6,10,18.1598
7,11,1,7,11,28.5368
8,9,4,8,5,0,2,9,6.57924
8,9,5,8,5,10,1,2,9,1.64481
8,9,5,8,4,3,11,7,9,3.28962
8,9,5,8,4,10,1,7,9,4.93443
8,9,5,8,4,10,1,2,9,1.64481
8,10,2,8,4,10,26.6245
8,11,3,8,4,3,11,28.3897
9,10,3,9,2,0,10,16.9429
9,10,3,9,7,1,10,9.68165
9,11,2,9,7,11,28.6839
10,11,2,10,6,11,20.7407
