switch_id,used_rules,usage
11,3,0.0454545
10,10,0.151515
9,3,0.0454545
8,2,0.030303
7,2,0.030303
6,5,0.0757576
5,4,0.0606061
4,5,0.0757576
3,5,0.0757576
2,4,0.0606061
1,4,0.0606061
0,4,0.0606061
