switch_id,used_rules,usage
11,1,0.0151515
10,3,0.0454545
9,4,0.0606061
8,1,0.0151515
7,1,0.0151515
6,1,0.0151515
5,1,0.0151515
4,4,0.0606061
3,1,0.0151515
2,4,0.0606061
1,1,0.0151515
0,3,0.0454545
