switch_id,used_rules,usage
11,4,0.0606061
10,4,0.0606061
9,2,0.030303
8,1,0.0151515
7,5,0.0757576
6,3,0.0454545
5,2,0.030303
4,3,0.0454545
3,6,0.0909091
2,4,0.0606061
1,2,0.030303
0,3,0.0454545
