switch_id,used_rules,usage
11,30,0.454545
10,48,0.727273
9,23,0.348485
8,22,0.333333
7,30,0.454545
6,26,0.393939
5,27,0.409091
4,36,0.545455
3,29,0.439394
2,33,0.5
1,31,0.469697
0,32,0.484848
