switch_id,used_rules,usage
11,27,0.409091
10,45,0.681818
9,24,0.363636
8,19,0.287879
7,31,0.469697
6,25,0.378788
5,27,0.409091
4,32,0.484848
3,27,0.409091
2,32,0.484848
1,30,0.454545
0,31,0.469697
