switch_id,used_rules,usage
11,3,0.0454545
10,4,0.0606061
9,1,0.0151515
8,0,0
7,4,0.0606061
6,2,0.030303
5,3,0.0454545
4,1,0.0151515
3,1,0.0151515
2,3,0.0454545
1,4,0.0606061
0,3,0.0454545
