switch_id,used_rules,usage
11,2,0.030303
10,5,0.0757576
9,2,0.030303
8,2,0.030303
7,3,0.0454545
6,2,0.030303
5,4,0.0606061
4,1,0.0151515
3,1,0.0151515
2,1,0.0151515
1,2,0.030303
0,3,0.0454545
