switch_id,used_rules,usage
11,1,0.0151515
10,5,0.0757576
9,1,0.0151515
8,1,0.0151515
7,1,0.0151515
6,2,0.030303
5,1,0.0151515
4,2,0.030303
3,1,0.0151515
2,3,0.0454545
1,2,0.030303
0,3,0.0454545
