switch_id,used_rules,usage
11,1,0.0151515
10,6,0.0909091
9,3,0.0454545
8,0,0
7,4,0.0606061
6,2,0.030303
5,3,0.0454545
4,3,0.0454545
3,1,0.0151515
2,7,0.106061
1,6,0.0909091
0,7,0.106061
