switch_id,used_rules,usage
11,1,0.0151515
10,5,0.0757576
9,0,0
8,1,0.0151515
7,0,0
6,4,0.0606061
5,2,0.030303
4,4,0.0606061
3,2,0.030303
2,2,0.030303
1,2,0.030303
0,4,0.0606061
