switch_id,used_rules,usage
11,4,0.0606061
10,7,0.106061
9,4,0.0606061
8,2,0.030303
7,3,0.0454545
6,4,0.0606061
5,2,0.030303
4,4,0.0606061
3,1,0.0151515
2,4,0.0606061
1,1,0.0151515
0,4,0.0606061
