switch_id,used_rules,usage
11,0,0
10,1,0.0151515
9,2,0.030303
8,1,0.0151515
7,1,0.0151515
6,1,0.0151515
5,1,0.0151515
4,0,0
3,0,0
2,2,0.030303
1,2,0.030303
0,1,0.0151515
