switch_id,used_rules,usage
11,1,0.0151515
10,4,0.0606061
9,2,0.030303
8,1,0.0151515
7,1,0.0151515
6,3,0.0454545
5,1,0.0151515
4,0,0
3,3,0.0454545
2,2,0.030303
1,2,0.030303
0,2,0.030303
