switch_id,used_rules,usage
11,2,0.030303
10,2,0.030303
9,2,0.030303
8,2,0.030303
7,3,0.0454545
6,1,0.0151515
5,3,0.0454545
4,2,0.030303
3,3,0.0454545
2,4,0.0606061
1,3,0.0454545
0,3,0.0454545
