switch_id,used_rules,usage
11,33,0.5
10,50,0.757576
9,25,0.378788
8,23,0.348485
7,33,0.5
6,28,0.424242
5,28,0.424242
4,36,0.545455
3,30,0.454545
2,34,0.515152
1,34,0.515152
0,32,0.484848
