switch_id,used_rules,usage
11,2,0.030303
10,2,0.030303
9,0,0
8,0,0
7,2,0.030303
6,1,0.0151515
5,1,0.0151515
4,0,0
3,0,0
2,2,0.030303
1,2,0.030303
0,3,0.0454545
