switch_id,used_rules,usage
11,4,0.0606061
10,7,0.106061
9,0,0
8,3,0.0454545
7,2,0.030303
6,3,0.0454545
5,6,0.0909091
4,3,0.0454545
3,3,0.0454545
2,3,0.0454545
1,2,0.030303
0,6,0.0909091
