switch_id,used_rules,usage
11,3,0.0454545
10,6,0.0909091
9,2,0.030303
8,0,0
7,2,0.030303
6,2,0.030303
5,3,0.0454545
4,5,0.0757576
3,2,0.030303
2,5,0.0757576
1,5,0.0757576
0,4,0.0606061
