source,destination,length,path
0,1,2,0,10,1,4.03215
0,1,2,0,2,1,24.1929
0,2,1,0,2,22.8695
0,3,3,0,10,4,3,10.7938
0,3,3,0,10,6,3,14.3917
0,4,2,0,10,4,8.35379
0,4,3,0,5,8,4,6.26534
0,5,1,0,5,28.6593
0,6,2,0,10,6,22.8695
0,7,3,0,2,9,7,7.52668
0,7,3,0,2,1,7,18.8167
0,8,2,0,5,8,22.2906
0,9,2,0,2,9,25.3302
0,10,1,0,10,17.6588
0,11,3,0,10,6,11,9.42903
0,11,5,0,5,8,4,3,11,4.71451
0,11,5,0,5,10,4,3,11,2.35726
1,2,1,1,2,25.9092
1,3,3,1,7,11,3,4.83858
1,3,3,1,10,4,3,12.0965
1,4,2,1,10,4,15.1981
1,5,2,1,10,5,23.0143
1,6,2,1,10,6,24.5651
1,6,3,1,7,11,6,4.09418
1,7,1,1,7,27.3566
1,8,3,1,10,5,8,10.2975
1,8,4,1,2,0,5,8,13.73
1,9,2,1,7,9,11.7449
1,9,2,1,2,9,8.8087
1,10,1,1,10,19.8299
1,11,2,1,7,11,23.5932
2,3,4,2,9,7,11,3,8.12633
2,3,5,2,0,5,8,4,3,2.70878
2,3,4,2,0,10,4,3,8.12633
2,4,3,2,1,10,4,3.28775
2,4,4,2,0,5,10,4,9.86326
2,4,3,2,0,10,4,9.86326
2,5,2,2,0,5,23.738
2,6,3,2,0,10,6,10.587
2,6,4,2,9,7,11,6,7.94023
2,7,2,2,9,7,28.2251
2,8,3,2,0,5,8,18.8167
2,9,1,2,9,15.1981
2,10,2,2,1,10,21.4634
2,10,2,2,0,10,3.57724
2,11,3,2,1,7,11,22.7248
3,4,1,3,4,28.0803
3,5,3,3,4,8,5,2.58471
3,5,3,3,6,10,5,15.5083
3,6,1,3,6,15.9218
3,7,2,3,11,7,19.1062
3,8,2,3,4,8,23.0143
3,9,3,3,11,7,9,15.7771
3,10,2,3,6,10,18.2377
3,11,1,3,11,14.4744
4,5,2,4,10,5,12.8202
4,5,2,4,8,5,5.12807
4,6,2,4,3,6,15.3428
4,7,3,4,3,11,7,14.0608
4,7,3,4,10,1,7,2.81217
4,7,4,4,3,6,11,7,2.81217
4,8,1,4,8,20.8431
4,9,4,4,10,1,2,9,6.94771
4,9,4,4,10,1,7,9,6.94771
4,9,4,4,3,11,7,9,6.94771
4,9,5,4,3,6,11,7,9,3.47385
4,10,1,4,10,17.2245
4,11,2,4,3,11,18.3825
5,6,2,5,10,6,15.1981
5,7,3,5,10,1,7,21.2773
5,8,1,5,8,20.2641
5,9,3,5,0,2,9,8.18837
5,9,4,5,10,1,2,9,20.4709
5,10,1,5,10,15.0534
5,11,3,5,10,6,11,16.3561
6,7,2,6,11,7,24.4617
6,8,3,6,3,4,8,23.2004
6,8,3,6,10,4,8,3.86673
6,9,3,6,11,7,9,28.3698
6,10,1,6,10,27.9356
6,11,1,6,11,21.8563
7,8,4,7,11,3,4,8,15.3428
7,9,1,7,9,18.093
7,10,2,7,1,10,16.0459
7,10,3,7,11,6,10,12.0344
7,11,1,7,11,28.0803
8,9,4,8,5,0,2,9,10.1734
8,9,5,8,4,10,1,2,9,2.54336
8,9,5,8,4,10,1,7,9,5.08671
8,10,2,8,4,10,26.1986
8,11,3,8,4,3,11,27.9356
9,10,3,9,2,0,10,22.456
9,10,3,9,7,1,10,3.74266
9,11,2,9,7,11,28.2251
10,11,2,10,6,11,20.4089
