switch_id,used_rules,usage
11,29,0.439394
10,45,0.681818
9,23,0.348485
8,19,0.287879
7,32,0.484848
6,26,0.393939
5,23,0.348485
4,30,0.454545
3,27,0.409091
2,30,0.454545
1,31,0.469697
0,28,0.424242
