source,destination,length,path
0,1,2,0,10,1,5.71145
0,1,2,0,2,1,22.8458
0,2,1,0,2,23.1387
0,3,3,0,10,4,3,15.2891
0,3,3,0,10,6,3,10.1927
0,4,2,0,10,4,8.87472
0,4,3,0,5,8,4,2.95824
0,4,3,0,5,10,4,2.95824
0,5,1,0,5,28.9966
0,6,2,0,10,6,23.1387
0,7,3,0,2,9,7,10.6614
0,7,3,0,2,1,7,15.9921
0,8,2,0,5,8,22.5529
0,9,2,0,2,9,25.6283
0,10,1,0,10,17.8666
0,11,3,0,10,6,11,10.017
0,11,4,0,5,10,6,11,3.339
0,11,5,0,5,10,4,3,11,3.339
1,2,1,1,2,26.2141
1,3,3,1,7,11,3,6.85374
1,3,3,1,10,4,3,10.2806
1,4,2,1,10,4,15.377
1,5,2,1,10,5,23.2851
1,6,2,1,10,6,11.5986
1,6,3,1,7,11,6,17.398
1,7,1,1,7,27.6786
1,8,3,1,10,5,8,14.5862
1,8,4,1,2,0,5,8,9.72411
1,9,2,1,7,9,8.31822
1,9,2,1,2,9,12.4773
1,10,1,1,10,20.0633
1,11,2,1,7,11,23.8709
2,3,4,2,9,7,11,3,3.83692
2,3,4,2,0,10,4,3,7.67385
2,3,4,2,0,10,6,3,7.67385
2,4,3,2,1,10,4,4.65703
2,4,4,2,0,5,8,4,13.9711
2,4,4,2,0,5,10,4,4.65703
2,5,2,2,0,5,24.0174
2,6,3,2,0,10,6,7.49811
2,6,3,2,1,10,6,3.74906
2,6,4,2,9,7,11,6,7.49811
2,7,2,2,9,7,28.5573
2,8,3,2,0,5,8,19.0382
2,9,1,2,9,15.377
2,10,2,2,1,10,15.2012
2,10,2,2,0,10,10.1342
2,11,3,2,1,7,11,22.9923
3,4,1,3,4,28.4108
3,5,3,3,4,8,5,3.66119
3,5,3,3,6,10,5,14.6447
3,6,1,3,6,16.1092
3,7,2,3,11,7,19.3311
3,8,2,3,4,8,23.2851
3,9,3,3,11,7,9,15.9628
3,10,2,3,6,10,18.4524
3,11,1,3,11,14.6447
4,5,2,4,10,5,10.8957
4,5,2,4,8,5,7.26379
4,6,2,4,3,6,15.5234
4,7,3,4,3,11,7,15.9335
4,7,4,4,3,6,11,7,3.98337
4,8,1,4,8,21.0884
4,9,4,4,10,1,2,9,14.7619
4,9,4,4,10,1,7,9,9.84127
4,10,1,4,10,17.4272
4,11,2,4,3,11,18.5988
5,6,2,5,10,6,15.377
5,7,3,5,10,1,7,17.2222
5,7,4,5,10,6,11,7,4.30556
5,8,1,5,8,20.5026
5,9,3,5,0,2,9,17.398
5,9,4,5,10,1,2,9,11.5986
5,10,1,5,10,15.2305
5,11,3,5,10,6,11,16.5486
6,7,2,6,11,7,24.7496
6,8,3,6,3,4,8,21.9085
6,8,3,6,10,4,8,5.47714
6,9,3,6,11,7,9,28.7037
6,10,1,6,10,28.2644
6,11,1,6,11,17.6909
6,11,2,6,3,11,4.42271
7,8,4,7,11,3,4,8,15.5234
7,9,1,7,9,18.3059
7,10,2,7,1,10,28.4108
7,11,1,7,11,28.4108
8,9,4,8,5,0,2,9,3.60261
8,9,5,8,4,3,11,7,9,7.20522
8,9,5,8,4,10,1,2,9,3.60261
8,9,5,8,4,10,1,7,9,3.60261
8,10,2,8,4,10,21.2056
8,10,2,8,5,10,5.3014
8,11,3,8,4,3,11,28.2644
9,10,3,9,2,0,10,21.2056
9,10,3,9,7,1,10,5.3014
9,11,2,9,7,11,28.5573
10,11,2,10,6,11,20.6491
