switch_id,used_rules,usage
11,2,0.030303
10,5,0.0757576
9,3,0.0454545
8,3,0.0454545
7,3,0.0454545
6,2,0.030303
5,2,0.030303
4,2,0.030303
3,1,0.0151515
2,3,0.0454545
1,4,0.0606061
0,3,0.0454545
