source,destination,length,path
0,1,2,0,10,1,7.04956
0,1,2,0,2,1,21.1487
0,2,1,0,2,22.8478
0,3,3,0,10,4,3,9.43557
0,3,3,0,10,6,3,9.43557
0,3,4,0,5,8,4,3,6.29038
0,4,2,0,10,4,9.12828
0,4,3,0,5,8,4,3.65131
0,4,3,0,5,10,4,1.82566
0,5,1,0,5,28.6321
0,6,2,0,10,6,22.8478
0,7,3,0,2,9,7,6.57959
0,7,3,0,2,1,7,19.7388
0,8,2,0,5,8,22.2694
0,9,2,0,2,9,25.3061
0,10,1,0,10,17.642
0,11,3,0,10,6,11,6.18192
0,11,4,0,5,10,6,11,4.12128
0,11,4,0,10,4,3,11,4.12128
0,11,5,0,5,8,4,3,11,2.06064
1,2,1,1,2,25.8845
1,3,3,1,7,11,3,4.22974
1,3,3,1,10,4,3,10.5743
1,3,3,1,10,6,3,2.11487
1,4,2,1,10,4,15.1837
1,5,2,1,10,5,22.9924
1,6,2,1,10,6,21.4741
1,6,3,1,7,11,6,7.15802
1,7,1,1,7,27.3306
1,8,3,1,10,5,8,9.00175
1,8,4,1,2,0,5,8,15.0029
1,9,2,1,7,9,7.70029
1,9,2,1,2,9,12.8338
1,10,1,1,10,19.8111
1,11,2,1,7,11,23.5708
2,3,4,2,9,7,11,3,7.10379
2,3,4,2,0,10,4,3,9.47172
2,3,5,2,0,5,10,6,3,2.36793
2,4,3,2,1,10,4,2.87405
2,4,3,2,0,10,4,11.4962
2,4,4,2,0,5,10,4,5.7481
2,4,4,2,0,5,8,4,2.87405
2,5,2,2,0,5,23.7155
2,6,3,2,0,10,6,6.94111
2,6,3,2,1,10,6,6.94111
2,6,4,2,9,7,11,6,4.62741
2,7,2,2,9,7,24.6735
2,7,2,2,1,7,3.52478
2,8,3,2,0,5,8,18.7988
2,9,1,2,9,15.1837
2,10,2,2,1,10,15.6356
2,10,2,2,0,10,9.38134
2,11,3,2,1,7,11,19.8653
2,11,3,2,9,7,11,2.8379
3,4,1,3,4,28.0536
3,5,3,3,4,8,5,2.25948
3,5,3,3,6,10,5,15.8163
3,6,1,3,6,15.9067
3,7,2,3,11,7,19.088
3,8,2,3,4,8,22.9924
3,9,3,3,11,7,9,15.7621
3,10,2,3,6,10,18.2204
3,11,1,3,11,14.4606
4,5,2,4,10,5,13.4484
4,5,2,4,8,5,4.4828
4,6,2,4,3,6,15.3283
4,7,3,4,3,11,7,14.7499
4,7,3,4,10,1,7,4.91662
4,8,1,4,8,20.8233
4,9,4,4,10,1,2,9,9.1102
4,9,4,4,10,1,7,9,3.03673
4,9,4,4,3,11,7,9,9.1102
4,9,5,4,3,6,11,7,9,3.03673
4,10,1,4,10,17.2082
4,11,2,4,3,11,16.0694
4,11,3,4,3,6,11,2.29563
5,6,2,5,10,6,15.1837
5,7,3,5,10,1,7,21.2571
5,8,1,5,8,20.2449
5,9,3,5,0,2,9,14.316
5,9,4,5,10,1,2,9,14.316
5,10,1,5,10,15.0391
5,11,3,5,10,6,11,16.3405
6,7,2,6,11,7,24.4385
6,8,3,6,3,4,8,23.6612
6,8,3,6,10,4,8,3.38017
6,9,3,6,11,7,9,28.3429
6,10,1,6,10,27.909
6,11,1,6,11,21.8356
7,8,4,7,11,3,4,8,15.3283
7,9,1,7,9,18.0758
7,10,2,7,1,10,14.0268
7,10,3,7,11,6,10,14.0268
7,11,1,7,11,28.0536
8,9,4,8,5,0,2,9,6.66997
8,9,5,8,5,10,1,2,9,2.22332
8,9,5,8,4,10,1,2,9,2.22332
8,9,5,8,4,10,1,7,9,6.66997
8,10,2,8,4,10,26.1738
8,11,3,8,4,3,11,27.909
9,10,3,9,2,0,10,16.3586
9,10,3,9,7,1,10,9.81516
9,11,2,9,7,11,28.1983
10,11,2,10,6,11,20.3895
