source,destination,length,path
0,1,2,0,10,1,9.38519
0,1,2,0,2,1,18.7704
0,2,1,0,2,22.8132
0,3,3,0,10,4,3,16.749
0,3,3,0,10,6,3,8.37448
0,4,2,0,10,4,4.86105
0,4,3,0,5,8,4,7.29157
0,4,3,0,5,10,4,2.43052
0,5,1,0,5,28.5887
0,6,2,0,10,6,22.8132
0,7,3,0,2,9,7,4.37975
0,7,3,0,2,1,7,21.8988
0,8,2,0,5,8,22.2357
0,9,2,0,2,9,25.2678
0,10,1,0,10,17.6153
0,11,3,0,10,6,11,8.23009
0,11,4,0,5,10,6,11,5.48673
0,11,5,0,5,10,4,3,11,2.74336
1,2,1,1,2,25.8454
1,3,3,1,7,11,3,5.63111
1,3,3,1,10,4,3,11.2622
1,4,2,1,10,4,15.1607
1,5,2,1,10,5,22.9576
1,6,2,1,10,6,23.8239
1,6,3,1,7,11,6,4.76479
1,7,1,1,7,27.2892
1,8,3,1,10,5,8,7.98944
1,8,4,1,2,0,5,8,15.9789
1,9,2,1,7,9,10.2515
1,9,2,1,2,9,10.2515
1,10,1,1,10,19.7811
1,11,2,1,7,11,23.5352
2,3,4,2,9,7,11,3,9.45738
2,3,4,2,0,10,4,3,9.45738
2,4,3,2,1,10,4,3.82627
2,4,4,2,0,5,10,4,3.82627
2,4,4,2,0,5,8,4,3.82627
2,4,3,2,0,10,4,11.4788
2,5,2,2,0,5,23.6796
2,6,3,2,0,10,6,6.16053
2,6,4,2,9,7,11,6,6.16053
2,6,3,2,1,10,6,6.16053
2,7,2,2,9,7,23.463
2,7,2,2,1,7,4.69259
2,8,3,2,0,5,8,18.7704
2,9,1,2,9,15.1607
2,10,2,2,1,10,16.6527
2,10,2,2,0,10,8.32635
2,11,3,2,1,7,11,18.8907
2,11,3,2,9,7,11,3.77814
3,4,1,3,4,28.0112
3,5,3,3,4,8,5,3.00807
3,5,3,3,6,10,5,15.0404
3,6,1,3,6,15.8826
3,7,2,3,11,7,19.0592
3,8,2,3,4,8,22.9576
3,9,3,3,11,7,9,15.7382
3,10,2,3,6,10,18.1928
3,11,1,3,11,14.4388
4,5,2,4,10,5,11.936
4,5,2,4,8,5,5.96802
4,6,2,4,3,6,15.3051
4,7,3,4,3,11,7,19.6367
4,8,1,4,8,20.7918
4,9,4,4,10,1,2,9,8.0857
4,9,4,4,10,1,7,9,12.1286
4,9,4,4,3,11,7,9,4.04285
4,10,1,4,10,17.1821
4,11,2,4,3,11,18.3372
5,6,2,5,10,6,15.1607
5,7,3,5,10,1,7,21.225
5,8,1,5,8,20.2143
5,9,3,5,0,2,9,14.2944
5,9,4,5,10,1,2,9,14.2944
5,10,1,5,10,15.0163
5,11,3,5,10,6,11,16.3158
6,7,2,6,11,7,24.4015
6,8,3,6,3,4,8,22.5004
6,8,3,6,10,4,8,4.50008
6,9,3,6,11,7,9,28.3
6,10,1,6,10,27.8668
6,11,1,6,11,21.8025
7,8,4,7,11,3,4,8,15.3051
7,9,1,7,9,18.0484
7,10,2,7,1,10,18.6741
7,10,3,7,11,6,10,9.33706
7,11,1,7,11,28.0112
8,9,4,8,5,0,2,9,11.8398
8,9,5,8,4,10,1,2,9,5.91989
8,10,2,8,4,10,26.1341
8,11,3,8,4,3,11,27.8668
9,10,3,9,2,0,10,17.4228
9,10,3,9,7,1,10,8.71138
9,11,2,9,7,11,28.1556
10,11,2,10,6,11,20.3586
