switch_id,used_rules,usage
11,5,0.0757576
10,9,0.136364
9,2,0.030303
8,2,0.030303
7,4,0.0606061
6,6,0.0909091
5,6,0.0909091
4,3,0.0454545
3,3,0.0454545
2,2,0.030303
1,4,0.0606061
0,2,0.030303
