source,destination,length,path
0,1,2,0,10,1,2.88599
0,1,2,0,2,1,25.9739
0,2,1,0,2,23.3839
0,3,3,0,10,4,3,5.15039
0,3,3,0,10,6,3,12.876
0,3,4,0,5,8,4,3,7.72558
0,4,2,0,10,4,11.9584
0,4,3,0,5,8,4,2.98959
0,5,1,0,5,29.3039
0,6,2,0,10,6,23.3839
0,7,3,0,2,9,7,10.7744
0,7,3,0,2,1,7,16.1616
0,8,2,0,5,8,22.7919
0,9,2,0,2,9,25.8999
0,10,1,0,10,18.056
0,11,3,0,10,6,11,5.06159
0,11,4,0,5,10,6,11,5.06159
0,11,5,0,5,8,4,3,11,5.06159
0,11,5,0,5,10,4,3,11,1.6872
1,2,1,1,2,26.4919
1,3,3,1,7,11,3,5.19479
1,3,3,1,10,4,3,12.1212
1,4,2,1,10,4,15.54
1,5,2,1,10,5,23.5319
1,6,2,1,10,6,23.4431
1,6,3,1,7,11,6,5.86078
1,7,1,1,7,27.9719
1,8,3,1,10,5,8,7.37038
1,8,4,1,2,0,5,8,17.1976
1,9,2,1,7,9,10.508
1,9,2,1,2,9,10.508
1,10,1,1,10,20.2759
1,11,2,1,7,11,24.1239
2,3,4,2,9,7,11,3,3.87759
2,3,5,2,0,5,10,4,3,1.93879
2,3,4,2,0,10,4,3,13.5716
2,4,3,2,1,10,4,4.70639
2,4,3,2,0,10,4,16.4724
2,4,4,2,0,5,10,4,2.35319
2,5,2,2,0,5,24.2719
2,6,3,2,0,10,6,7.57758
2,6,3,2,1,10,6,7.57758
2,6,4,2,9,7,11,6,3.78879
2,7,2,2,9,7,25.9739
2,7,2,2,1,7,2.88599
2,8,3,2,0,5,8,19.24
2,9,1,2,9,15.54
2,10,2,2,1,10,15.3624
2,10,2,2,0,10,10.2416
2,11,3,2,1,7,11,18.5888
2,11,3,2,9,7,11,4.64719
3,4,1,3,4,28.7119
3,5,3,3,4,8,5,1.85
3,5,3,3,6,10,5,16.65
3,6,1,3,6,16.28
3,7,2,3,11,7,19.5359
3,8,2,3,4,8,23.5319
3,9,3,3,11,7,9,16.132
3,10,2,3,6,10,18.648
3,11,1,3,11,13.32
3,11,2,3,6,11,1.48
4,5,2,4,10,5,12.8464
4,5,2,4,8,5,5.50559
4,6,2,4,3,6,15.688
4,7,3,4,3,11,7,18.1152
4,7,3,4,10,1,7,2.01279
4,8,1,4,8,21.3119
4,9,4,4,10,1,2,9,9.94557
4,9,4,4,10,1,7,9,7.45918
4,9,4,4,3,11,7,9,4.97279
4,9,5,4,3,6,11,7,9,2.48639
4,10,1,4,10,17.612
4,11,2,4,3,11,13.1572
4,11,3,4,3,6,11,5.63879
5,6,2,5,10,6,15.54
5,7,3,5,10,1,7,21.7559
5,8,1,5,8,20.7199
5,9,3,5,0,2,9,8.79118
5,9,4,5,10,1,7,9,2.93039
5,9,4,5,10,1,2,9,17.5824
5,10,1,5,10,15.392
5,11,3,5,10,6,11,16.724
6,7,2,6,11,7,25.0119
6,8,3,6,3,4,8,24.9083
6,8,3,6,10,4,8,2.76759
6,9,3,6,11,7,9,29.0079
6,10,1,6,10,28.5639
6,11,1,6,11,15.6436
6,11,2,6,3,11,6.70438
7,8,4,7,11,3,4,8,14.1192
7,8,4,7,1,10,5,8,1.5688
7,9,1,7,9,18.5
7,10,2,7,1,10,11.4848
7,10,3,7,11,6,10,17.2272
7,11,1,7,11,28.7119
8,9,4,8,5,0,2,9,7.28158
8,9,5,8,4,10,1,2,9,5.46119
8,9,5,8,4,10,1,7,9,5.46119
8,10,2,8,4,10,24.1091
8,10,2,8,5,10,2.67879
8,11,3,8,4,3,11,28.5639
9,10,3,9,2,0,10,16.0728
9,10,3,9,7,1,10,10.7152
9,11,2,9,7,11,28.8599
10,11,2,10,6,11,20.8679
