switch_id,used_rules,usage
11,4,0.0606061
10,6,0.0909091
9,0,0
8,1,0.0151515
7,3,0.0454545
6,4,0.0606061
5,6,0.0909091
4,4,0.0606061
3,4,0.0606061
2,6,0.0909091
1,4,0.0606061
0,7,0.106061
