switch_id,used_rules,usage
11,3,0.0454545
10,5,0.0757576
9,3,0.0454545
8,1,0.0151515
7,3,0.0454545
6,2,0.030303
5,2,0.030303
4,4,0.0606061
3,2,0.030303
2,4,0.0606061
1,2,0.030303
0,6,0.0909091
