switch_id,used_rules,usage
11,2,0.030303
10,7,0.106061
9,1,0.0151515
8,0,0
7,2,0.030303
6,3,0.0454545
5,2,0.030303
4,4,0.0606061
3,2,0.030303
2,4,0.0606061
1,4,0.0606061
0,2,0.030303
