switch_id,used_rules,usage
11,4,0.0606061
10,8,0.121212
9,4,0.0606061
8,3,0.0454545
7,3,0.0454545
6,4,0.0606061
5,4,0.0606061
4,3,0.0454545
3,2,0.030303
2,2,0.030303
1,1,0.0151515
0,4,0.0606061
