switch_id,used_rules,usage
11,0,0
10,4,0.0606061
9,2,0.030303
8,1,0.0151515
7,2,0.030303
6,2,0.030303
5,2,0.030303
4,1,0.0151515
3,1,0.0151515
2,4,0.0606061
1,3,0.0454545
0,2,0.030303
