switch_id,used_rules,usage
11,3,0.0454545
10,1,0.0151515
9,0,0
8,0,0
7,3,0.0454545
6,2,0.030303
5,0,0
4,1,0.0151515
3,0,0
2,0,0
1,2,0.030303
0,0,0
