source,destination,length,path
0,1,2,0,10,1,2.87583
0,1,2,0,2,1,25.8825
0,2,1,0,2,23.3016
0,3,3,0,10,4,3,12.8306
0,3,3,0,10,6,3,12.8306
0,4,2,0,10,4,7.44767
0,4,3,0,5,8,4,4.4686
0,4,3,0,5,10,4,2.97907
0,5,1,0,5,29.2008
0,6,2,0,10,6,23.3016
0,7,3,0,2,9,7,10.7364
0,7,3,0,2,1,7,16.1047
0,8,2,0,5,8,22.7117
0,9,2,0,2,9,25.8088
0,10,1,0,10,17.9924
0,11,3,0,10,6,11,3.36251
0,11,4,0,5,10,6,11,6.72502
0,11,4,0,10,6,3,11,1.68126
0,11,4,0,10,4,3,11,5.04377
1,2,1,1,2,26.3987
1,3,3,1,7,11,3,5.1765
1,3,3,1,10,4,3,12.0785
1,4,2,1,10,4,15.4853
1,5,2,1,10,5,18.7593
1,5,3,1,2,0,5,4.68982
1,6,2,1,10,6,23.3606
1,6,3,1,7,11,6,5.84015
1,7,1,1,7,27.8735
1,8,3,1,10,5,8,9.79258
1,8,3,1,10,4,8,2.44814
1,8,4,1,2,0,5,8,12.2407
1,9,2,1,7,9,8.37678
1,9,2,1,2,9,12.5652
1,10,1,1,10,20.2046
1,11,2,1,7,11,24.039
2,3,4,2,9,7,11,3,1.93197
2,3,4,2,0,10,4,3,15.4558
2,3,4,2,0,10,6,3,1.93197
2,4,3,2,1,10,4,2.34491
2,4,3,2,0,10,4,9.37964
2,4,4,2,0,5,8,4,11.7245
2,5,2,2,0,5,24.1865
2,6,3,2,0,10,6,5.66318
2,6,4,2,9,7,11,6,7.5509
2,6,3,2,1,10,6,5.66318
2,7,2,2,1,7,11.5033
2,7,2,2,9,7,17.255
2,8,3,2,0,5,8,19.1722
2,9,1,2,9,15.4853
2,10,2,2,1,10,17.8597
2,10,2,2,0,10,7.65414
2,11,3,2,9,7,11,9.26166
2,11,3,2,1,7,11,13.8925
3,4,1,3,4,28.6108
3,5,3,3,4,8,5,1.84348
3,5,3,3,6,10,5,16.5913
3,6,1,3,6,16.2226
3,7,2,3,11,7,19.4672
3,8,2,3,4,8,23.4491
3,9,3,3,11,7,9,16.0752
3,10,2,3,6,10,18.5823
3,11,1,3,11,14.7479
4,5,2,4,10,5,12.8011
4,5,2,4,8,5,5.4862
4,6,2,4,3,6,15.6327
4,7,3,4,3,11,7,12.0343
4,7,3,4,10,1,7,6.01713
4,7,4,4,3,6,11,7,2.00571
4,8,1,4,8,21.2369
4,9,4,4,10,1,2,9,7.43292
4,9,4,4,10,1,7,9,7.43292
4,9,4,4,3,11,7,9,9.91056
4,10,1,4,10,17.55
4,11,2,4,3,11,16.8568
4,11,3,4,3,6,11,1.87298
5,6,2,5,10,6,15.4853
5,7,3,5,10,1,7,21.6794
5,8,1,5,8,20.647
5,9,3,5,0,2,9,8.76023
5,9,4,5,10,1,2,9,20.4405
5,10,1,5,10,15.3378
5,11,3,5,10,6,11,16.6651
6,7,2,6,11,7,24.9239
6,8,3,6,3,4,8,24.8206
6,8,3,6,10,5,8,2.75785
6,9,3,6,11,7,9,28.9058
6,10,1,6,10,28.4634
6,11,1,6,11,22.2693
7,8,4,7,11,3,4,8,15.6327
7,9,1,7,9,18.4348
7,10,2,7,1,10,14.3054
7,10,3,7,11,6,10,14.3054
7,11,1,7,11,28.6108
8,9,4,8,5,0,2,9,7.25595
8,9,5,8,5,10,1,7,9,1.81399
8,9,5,8,4,10,1,2,9,5.44196
8,9,5,8,4,10,1,7,9,1.81399
8,9,5,8,4,3,11,7,9,1.81399
8,10,2,8,4,10,26.6936
8,11,3,8,4,3,11,28.4634
9,10,3,9,2,0,10,16.0162
9,10,3,9,7,1,10,10.6775
9,11,2,9,7,11,28.7583
10,11,2,10,6,11,20.7945
