switch_id,used_rules,usage
11,8,0.121212
10,5,0.0757576
9,4,0.0606061
8,1,0.0151515
7,7,0.106061
6,4,0.0606061
5,1,0.0151515
4,4,0.0606061
3,5,0.0757576
2,3,0.0454545
1,2,0.030303
0,4,0.0606061
