switch_id,used_rules,usage
11,33,0.5
10,53,0.80303
9,27,0.409091
8,25,0.378788
7,34,0.515152
6,29,0.439394
5,31,0.469697
4,40,0.606061
3,33,0.5
2,35,0.530303
1,34,0.515152
0,35,0.530303
