switch_id,used_rules,usage
11,3,0.0454545
10,12,0.181818
9,2,0.030303
8,2,0.030303
7,5,0.0757576
6,5,0.0757576
5,7,0.106061
4,4,0.0606061
3,6,0.0909091
2,4,0.0606061
1,8,0.121212
0,4,0.0606061
