switch_id,used_rules,usage
11,30,0.454545
10,50,0.757576
9,25,0.378788
8,21,0.318182
7,31,0.469697
6,28,0.424242
5,27,0.409091
4,35,0.530303
3,29,0.439394
2,33,0.5
1,34,0.515152
0,32,0.484848
