source,destination,length,path
0,1,2,0,10,1,5.50446
0,1,2,0,2,1,22.0178
0,2,1,0,2,22.3001
0,3,3,0,10,4,3,9.82335
0,3,3,0,10,6,3,14.735
0,4,2,0,10,4,8.55309
0,4,3,0,5,8,4,5.70206
0,5,1,0,5,27.9457
0,6,2,0,10,6,22.3001
0,7,3,0,2,9,7,5.1375
0,7,3,0,2,1,7,20.55
0,8,2,0,5,8,21.7356
0,9,2,0,2,9,24.6995
0,10,1,0,10,13.7753
0,10,2,0,5,10,3.44382
0,11,3,0,10,6,11,6.43599
0,11,4,0,5,10,6,11,3.21799
0,11,5,0,5,10,4,3,11,3.21799
0,11,4,0,10,4,3,11,3.21799
1,2,1,1,2,25.2641
1,3,3,1,7,11,3,9.90803
1,3,3,1,10,4,3,3.30268
1,3,3,1,10,6,3,3.30268
1,4,2,1,10,4,14.8197
1,5,2,1,10,5,22.4413
1,6,2,1,10,6,16.7674
1,6,3,1,7,11,6,11.1783
1,7,1,1,7,26.6755
1,8,3,1,10,5,8,9.3717
1,8,4,1,2,0,5,8,14.0575
1,9,2,1,7,9,4.00838
1,9,2,1,2,9,16.0335
1,10,1,1,10,19.3362
1,11,2,1,7,11,23.0058
2,3,4,2,9,7,11,3,3.69787
2,3,5,2,0,5,8,4,3,3.69787
2,3,4,2,0,10,4,3,11.0936
2,4,3,2,1,10,4,4.48825
2,4,3,2,0,10,4,4.48825
2,4,4,2,0,5,10,4,8.97651
2,4,4,2,0,5,8,4,4.48825
2,5,2,2,0,5,23.147
2,6,3,2,0,10,6,3.61319
2,6,3,2,1,10,6,7.22637
2,6,4,2,9,7,11,6,7.22637
2,7,2,2,9,7,27.5223
2,8,3,2,0,5,8,14.6786
2,8,4,2,1,10,4,8,3.66964
2,9,1,2,9,14.8197
2,10,2,2,1,10,9.76689
2,10,2,2,0,10,14.6503
2,11,3,2,1,7,11,17.7272
2,11,3,2,9,7,11,4.4318
3,4,1,3,4,27.3812
3,5,3,3,4,8,5,3.5285
3,5,3,3,6,10,5,14.114
3,6,1,3,6,15.5254
3,7,2,3,11,7,18.6305
3,8,2,3,4,8,22.4413
3,9,3,3,11,7,9,15.3843
3,10,2,3,6,10,17.7836
3,11,1,3,11,14.114
4,5,2,4,10,5,14.0011
4,5,2,4,8,5,3.50027
4,6,2,4,3,6,14.9608
4,7,3,4,3,11,7,15.356
4,7,4,4,3,6,11,7,3.83901
4,8,1,4,8,20.3242
4,9,4,4,10,1,2,9,4.74231
4,9,4,4,3,11,7,9,4.74231
4,9,4,4,10,1,7,9,14.2269
4,10,1,4,10,16.7957
4,11,2,4,3,11,14.3398
4,11,3,4,3,6,11,3.58496
5,6,2,5,10,6,14.8197
5,7,3,5,10,1,7,20.7476
5,8,1,5,8,19.7596
5,9,3,5,0,2,9,11.1783
5,9,4,5,10,1,2,9,16.7674
5,10,1,5,10,14.6786
5,11,3,5,10,6,11,15.9488
6,7,2,6,11,7,23.8527
6,8,3,6,3,4,8,21.1146
6,8,3,6,10,4,8,5.27864
6,9,3,6,11,7,9,27.6634
6,10,1,6,10,27.24
6,11,1,6,11,21.3121
7,8,4,7,11,3,4,8,11.9687
7,8,4,7,1,10,5,8,2.99217
7,9,1,7,9,17.6425
7,10,2,7,1,10,16.4287
7,10,3,7,11,6,10,10.9525
7,11,1,7,11,27.3812
8,9,4,8,5,0,2,9,6.94409
8,9,5,8,4,10,1,2,9,3.47205
8,9,5,8,4,3,11,7,9,6.94409
8,10,2,8,4,10,25.5463
8,11,3,8,4,3,11,27.24
9,10,3,9,2,0,10,15.3278
9,10,3,9,7,1,10,10.2185
9,11,2,9,7,11,27.5223
10,11,2,10,6,11,19.9007
