switch_id,used_rules,usage
11,3,0.0454545
10,5,0.0757576
9,1,0.0151515
8,0,0
7,3,0.0454545
6,2,0.030303
5,1,0.0151515
4,2,0.030303
3,0,0
2,4,0.0606061
1,5,0.0757576
0,1,0.0151515
