switch_id,used_rules,usage
11,7,0.106061
10,4,0.0606061
9,2,0.030303
8,6,0.0909091
7,7,0.106061
6,4,0.0606061
5,5,0.0757576
4,4,0.0606061
3,4,0.0606061
2,5,0.0757576
1,5,0.0757576
0,2,0.030303
