switch_id,used_rules,usage
11,2,0.030303
10,2,0.030303
9,2,0.030303
8,2,0.030303
7,2,0.030303
6,4,0.0606061
5,3,0.0454545
4,0,0
3,2,0.030303
2,2,0.030303
1,2,0.030303
0,3,0.0454545
