switch_id,used_rules,usage
11,1,0.0151515
10,1,0.0151515
9,1,0.0151515
8,0,0
7,2,0.030303
6,2,0.030303
5,1,0.0151515
4,0,0
3,0,0
2,0,0
1,0,0
0,0,0
