switch_id,used_rules,usage
11,3,0.0454545
10,5,0.0757576
9,2,0.030303
8,0,0
7,3,0.0454545
6,3,0.0454545
5,1,0.0151515
4,1,0.0151515
3,5,0.0757576
2,3,0.0454545
1,3,0.0454545
0,2,0.030303
