switch_id,used_rules,usage
11,29,0.439394
10,52,0.787879
9,27,0.409091
8,25,0.378788
7,34,0.515152
6,27,0.409091
5,31,0.469697
4,34,0.515152
3,29,0.439394
2,34,0.515152
1,36,0.545455
0,33,0.5
