switch_id,used_rules,usage
11,4,0.0606061
10,8,0.121212
9,3,0.0454545
8,0,0
7,3,0.0454545
6,3,0.0454545
5,1,0.0151515
4,4,0.0606061
3,4,0.0606061
2,8,0.121212
1,4,0.0606061
0,6,0.0909091
