switch_id,used_rules,usage
11,2,0.030303
10,2,0.030303
9,2,0.030303
8,1,0.0151515
7,2,0.030303
6,0,0
5,1,0.0151515
4,2,0.030303
3,2,0.030303
2,2,0.030303
1,1,0.0151515
0,1,0.0151515
