switch_id,used_rules,usage
11,2,0.030303
10,6,0.0909091
9,0,0
8,0,0
7,1,0.0151515
6,4,0.0606061
5,0,0
4,1,0.0151515
3,2,0.030303
2,1,0.0151515
1,4,0.0606061
0,1,0.0151515
