switch_id,used_rules,usage
11,5,0.0757576
10,10,0.151515
9,2,0.030303
8,0,0
7,5,0.0757576
6,4,0.0606061
5,5,0.0757576
4,4,0.0606061
3,6,0.0909091
2,4,0.0606061
1,4,0.0606061
0,3,0.0454545
