switch_id,used_rules,usage
11,1,0.0151515
10,2,0.030303
9,2,0.030303
8,1,0.0151515
7,2,0.030303
6,2,0.030303
5,2,0.030303
4,0,0
3,0,0
2,4,0.0606061
1,4,0.0606061
0,3,0.0454545
