switch_id,used_rules,usage
11,3,0.0454545
10,6,0.0909091
9,2,0.030303
8,2,0.030303
7,4,0.0606061
6,2,0.030303
5,2,0.030303
4,3,0.0454545
3,4,0.0606061
2,2,0.030303
1,1,0.0151515
0,3,0.0454545
