switch_id,used_rules,usage
11,3,0.0454545
10,10,0.151515
9,1,0.0151515
8,3,0.0454545
7,1,0.0151515
6,6,0.0909091
5,9,0.136364
4,3,0.0454545
3,4,0.0606061
2,1,0.0151515
1,3,0.0454545
0,3,0.0454545
