switch_id,used_rules,usage
11,5,0.0757576
10,2,0.030303
9,2,0.030303
8,2,0.030303
7,3,0.0454545
6,2,0.030303
5,1,0.0151515
4,2,0.030303
3,2,0.030303
2,2,0.030303
1,1,0.0151515
0,0,0
