switch_id,used_rules,usage
11,27,0.409091
10,45,0.681818
9,22,0.333333
8,19,0.287879
7,30,0.454545
6,25,0.378788
5,23,0.348485
4,29,0.439394
3,25,0.378788
2,31,0.469697
1,31,0.469697
0,28,0.424242
