switch_id,used_rules,usage
11,2,0.030303
10,10,0.151515
9,1,0.0151515
8,7,0.106061
7,2,0.030303
6,6,0.0909091
5,9,0.136364
4,6,0.0909091
3,5,0.0757576
2,4,0.0606061
1,4,0.0606061
0,7,0.106061
