switch_id,used_rules,usage
11,25,0.378788
10,44,0.666667
9,22,0.333333
8,20,0.30303
7,30,0.454545
6,24,0.363636
5,25,0.378788
4,30,0.454545
3,23,0.348485
2,31,0.469697
1,31,0.469697
0,28,0.424242
