switch_id,used_rules,usage
11,4,0.0606061
10,4,0.0606061
9,5,0.0757576
8,1,0.0151515
7,5,0.0757576
6,2,0.030303
5,3,0.0454545
4,2,0.030303
3,2,0.030303
2,4,0.0606061
1,3,0.0454545
0,1,0.0151515
