switch_id,used_rules,usage
11,0,0
10,1,0.0151515
9,2,0.030303
8,1,0.0151515
7,0,0
6,0,0
5,1,0.0151515
4,2,0.030303
3,1,0.0151515
2,2,0.030303
1,1,0.0151515
0,1,0.0151515
