source,destination,length,path
0,1,2,0,10,1,4.05324
0,1,2,0,2,1,24.3194
0,2,1,0,2,22.9891
0,3,3,0,10,4,3,7.23347
0,3,3,0,10,6,3,10.8502
0,3,4,0,5,10,4,3,3.61674
0,3,4,0,5,10,6,3,3.61674
0,4,2,0,10,4,12.5962
0,4,3,0,5,8,4,2.09937
0,5,1,0,5,28.8092
0,6,2,0,10,6,22.9891
0,7,3,0,2,9,7,11.3491
0,7,3,0,2,1,7,15.1321
0,8,2,0,5,8,22.4071
0,9,2,0,2,9,25.4627
0,10,1,0,10,17.7511
0,11,3,0,10,6,11,7.10876
0,11,4,0,5,10,6,11,2.36959
0,11,5,0,5,10,4,3,11,2.36959
0,11,5,0,5,8,4,3,11,4.73917
1,2,1,1,2,26.0447
1,3,3,1,7,11,3,4.86389
1,3,3,1,10,4,3,12.1597
1,4,2,1,10,4,15.2776
1,5,2,1,10,5,23.1346
1,6,2,1,10,6,20.578
1,6,3,1,7,11,6,8.23119
1,7,1,1,7,27.4997
1,8,3,1,10,5,8,10.3513
1,8,4,1,2,0,5,8,13.8018
1,9,2,1,7,9,11.8064
1,9,2,1,2,9,8.85477
1,10,1,1,10,19.9336
1,11,2,1,7,11,23.7166
2,3,4,2,9,7,11,3,5.44589
2,3,4,2,0,10,4,3,10.8918
2,3,4,2,0,10,6,3,2.72294
2,4,3,2,1,10,4,3.30495
2,4,3,2,0,10,4,13.2198
2,4,4,2,0,5,8,4,6.6099
2,5,2,2,0,5,23.8621
2,6,3,2,0,10,6,7.98176
2,6,4,2,9,7,11,6,7.98176
2,6,3,2,1,10,6,2.66059
2,7,2,2,9,7,20.2662
2,7,2,2,1,7,8.10648
2,8,3,2,0,5,8,18.9151
2,9,1,2,9,15.2776
2,10,2,2,1,10,17.9798
2,10,2,2,0,10,7.1919
2,11,3,2,1,7,11,16.3169
2,11,3,2,9,7,11,6.52675
3,4,1,3,4,28.2272
3,5,3,3,4,8,5,2.59823
3,5,3,3,6,10,5,15.5894
3,6,1,3,6,16.0051
3,7,2,3,11,7,19.2061
3,8,2,3,4,8,23.1346
3,9,3,3,11,7,9,15.8596
3,10,2,3,6,10,18.3331
3,11,1,3,11,14.5501
4,5,2,4,10,5,10.3098
4,5,2,4,8,5,7.73233
4,6,2,4,3,6,15.4231
4,7,3,4,3,11,7,14.1344
4,7,3,4,10,1,7,5.65375
4,8,1,4,8,20.9521
4,9,4,4,10,1,2,9,10.4761
4,9,4,4,10,1,7,9,3.49202
4,9,4,4,3,11,7,9,10.4761
4,10,1,4,10,17.3146
4,11,2,4,3,11,13.199
4,11,3,4,3,6,11,5.2796
5,6,2,5,10,6,15.2776
5,7,3,5,10,1,7,21.3886
5,8,1,5,8,20.3701
5,9,3,5,0,2,9,8.23119
5,9,4,5,10,1,2,9,20.578
5,10,1,5,10,15.1321
5,11,3,5,10,6,11,16.4416
6,7,2,6,11,7,24.5896
6,8,3,6,3,4,8,23.3217
6,8,3,6,10,4,8,3.88695
6,9,3,6,11,7,9,28.5182
6,10,1,6,10,28.0817
6,11,1,6,11,21.9706
7,8,4,7,11,3,4,8,13.2198
7,8,4,7,1,10,5,8,2.2033
7,9,1,7,9,18.1876
7,10,2,7,1,10,16.1298
7,10,3,7,11,6,10,12.0974
7,11,1,7,11,28.2272
8,9,4,8,5,0,2,9,10.2266
8,9,5,8,4,10,1,2,9,2.55666
8,9,5,8,4,10,1,7,9,5.11332
8,10,2,8,4,10,26.3357
8,11,3,8,4,3,11,28.0817
9,10,3,9,2,0,10,18.8112
9,10,3,9,7,1,10,7.52447
9,11,2,9,7,11,28.3727
10,11,2,10,6,11,20.5156
