switch_id,used_rules,usage
11,1,0.0151515
10,2,0.030303
9,1,0.0151515
8,0,0
7,1,0.0151515
6,2,0.030303
5,0,0
4,2,0.030303
3,1,0.0151515
2,3,0.0454545
1,1,0.0151515
0,2,0.030303
