switch_id,used_rules,usage
11,5,0.0757576
10,6,0.0909091
9,0,0
8,1,0.0151515
7,3,0.0454545
6,4,0.0606061
5,3,0.0454545
4,3,0.0454545
3,4,0.0606061
2,3,0.0454545
1,3,0.0454545
0,5,0.0757576
