switch_id,used_rules,usage
11,29,0.439394
10,48,0.727273
9,24,0.363636
8,22,0.333333
7,30,0.454545
6,26,0.393939
5,28,0.424242
4,32,0.484848
3,28,0.424242
2,33,0.5
1,32,0.484848
0,31,0.469697
