switch_id,used_rules,usage
11,23,0.348485
10,44,0.666667
9,21,0.318182
8,20,0.30303
7,27,0.409091
6,23,0.348485
5,24,0.363636
4,28,0.424242
3,23,0.348485
2,28,0.424242
1,30,0.454545
0,28,0.424242
