switch_id,used_rules,usage
11,3,0.0454545
10,5,0.0757576
9,0,0
8,2,0.030303
7,1,0.0151515
6,2,0.030303
5,2,0.030303
4,3,0.0454545
3,3,0.0454545
2,1,0.0151515
1,2,0.030303
0,2,0.030303
