switch_id,used_rules,usage
11,4,0.0606061
10,2,0.030303
9,3,0.0454545
8,2,0.030303
7,5,0.0757576
6,4,0.0606061
5,2,0.030303
4,1,0.0151515
3,2,0.030303
2,2,0.030303
1,3,0.0454545
0,1,0.0151515
