switch_id,used_rules,usage
11,25,0.378788
10,42,0.636364
9,21,0.318182
8,19,0.287879
7,26,0.393939
6,23,0.348485
5,25,0.378788
4,29,0.439394
3,24,0.363636
2,30,0.454545
1,27,0.409091
0,31,0.469697
