switch_id,used_rules,usage
11,3,0.0454545
10,4,0.0606061
9,1,0.0151515
8,2,0.030303
7,5,0.0757576
6,4,0.0606061
5,3,0.0454545
4,1,0.0151515
3,2,0.030303
2,4,0.0606061
1,5,0.0757576
0,3,0.0454545
