switch_id,used_rules,usage
11,26,0.393939
10,47,0.712121
9,21,0.318182
8,19,0.287879
7,27,0.409091
6,25,0.378788
5,25,0.378788
4,34,0.515152
3,26,0.393939
2,32,0.484848
1,29,0.439394
0,32,0.484848
