switch_id,used_rules,usage
11,24,0.363636
10,45,0.681818
9,21,0.318182
8,19,0.287879
7,27,0.409091
6,23,0.348485
5,24,0.363636
4,31,0.469697
3,24,0.363636
2,32,0.484848
1,29,0.439394
0,30,0.454545
