switch_id,used_rules,usage
11,0,0
10,4,0.0606061
9,0,0
8,3,0.0454545
7,1,0.0151515
6,3,0.0454545
5,5,0.0757576
4,1,0.0151515
3,2,0.030303
2,2,0.030303
1,2,0.030303
0,4,0.0606061
