switch_id,used_rules,usage
11,26,0.393939
10,42,0.636364
9,20,0.30303
8,21,0.318182
7,27,0.409091
6,23,0.348485
5,26,0.393939
4,34,0.515152
3,28,0.424242
2,29,0.439394
1,27,0.409091
0,30,0.454545
