switch_id,used_rules,usage
11,2,0.030303
10,2,0.030303
9,1,0.0151515
8,0,0
7,2,0.030303
6,2,0.030303
5,0,0
4,1,0.0151515
3,2,0.030303
2,2,0.030303
1,2,0.030303
0,2,0.030303
