switch_id,used_rules,usage
11,3,0.0454545
10,7,0.106061
9,0,0
8,1,0.0151515
7,3,0.0454545
6,4,0.0606061
5,2,0.030303
4,2,0.030303
3,4,0.0606061
2,1,0.0151515
1,2,0.030303
0,2,0.030303
