switch_id,used_rules,usage
11,1,0.0151515
10,4,0.0606061
9,0,0
8,3,0.0454545
7,0,0
6,2,0.030303
5,1,0.0151515
4,3,0.0454545
3,2,0.030303
2,1,0.0151515
1,2,0.030303
0,2,0.030303
