switch_id,used_rules,usage
11,29,0.439394
10,50,0.757576
9,24,0.363636
8,24,0.363636
7,30,0.454545
6,26,0.393939
5,28,0.424242
4,35,0.530303
3,28,0.424242
2,34,0.515152
1,33,0.5
0,32,0.484848
