switch_id,used_rules,usage
11,1,0.0151515
10,2,0.030303
9,0,0
8,0,0
7,0,0
6,1,0.0151515
5,2,0.030303
4,0,0
3,0,0
2,1,0.0151515
1,0,0
0,3,0.0454545
