switch_id,used_rules,usage
11,87,1.31818
10,135,2.04545
9,54,0.818182
8,62,0.939394
7,78,1.18182
6,93,1.40909
5,83,1.25758
4,90,1.36364
3,90,1.36364
2,87,1.31818
1,81,1.22727
0,85,1.28788
