switch_id,used_rules,usage
11,4,0.0606061
10,3,0.0454545
9,4,0.0606061
8,1,0.0151515
7,4,0.0606061
6,3,0.0454545
5,2,0.030303
4,1,0.0151515
3,1,0.0151515
2,6,0.0909091
1,5,0.0757576
0,3,0.0454545
