switch_id,used_rules,usage
11,3,0.0454545
10,5,0.0757576
9,2,0.030303
8,3,0.0454545
7,2,0.030303
6,2,0.030303
5,2,0.030303
4,4,0.0606061
3,5,0.0757576
2,4,0.0606061
1,4,0.0606061
0,2,0.030303
