switch_id,used_rules,usage
11,35,0.530303
10,53,0.80303
9,27,0.409091
8,24,0.363636
7,34,0.515152
6,28,0.424242
5,31,0.469697
4,41,0.621212
3,36,0.545455
2,33,0.5
1,33,0.5
0,33,0.5
