switch_id,used_rules,usage
11,5,0.0757576
10,4,0.0606061
9,6,0.0909091
8,4,0.0606061
7,5,0.0757576
6,3,0.0454545
5,7,0.106061
4,3,0.0454545
3,1,0.0151515
2,6,0.0909091
1,2,0.030303
0,5,0.0757576
