switch_id,used_rules,usage
11,3,0.0454545
10,5,0.0757576
9,4,0.0606061
8,3,0.0454545
7,3,0.0454545
6,3,0.0454545
5,4,0.0606061
4,2,0.030303
3,0,0
2,3,0.0454545
1,4,0.0606061
0,2,0.030303
