switch_id,used_rules,usage
11,4,0.0606061
10,1,0.0151515
9,2,0.030303
8,1,0.0151515
7,3,0.0454545
6,1,0.0151515
5,1,0.0151515
4,1,0.0151515
3,1,0.0151515
2,2,0.030303
1,1,0.0151515
0,0,0
