switch_id,used_rules,usage
11,81,1.22727
10,127,1.92424
9,52,0.787879
8,59,0.893939
7,73,1.10606
6,88,1.33333
5,81,1.22727
4,88,1.33333
3,83,1.25758
2,86,1.30303
1,74,1.12121
0,86,1.30303
