switch_id,used_rules,usage
11,2,0.030303
10,3,0.0454545
9,0,0
8,0,0
7,2,0.030303
6,1,0.0151515
5,0,0
4,1,0.0151515
3,1,0.0151515
2,0,0
1,1,0.0151515
0,2,0.030303
