switch_id,used_rules,usage
11,1,0.0151515
10,3,0.0454545
9,2,0.030303
8,1,0.0151515
7,2,0.030303
6,1,0.0151515
5,3,0.0454545
4,3,0.0454545
3,3,0.0454545
2,1,0.0151515
1,0,0
0,3,0.0454545
