switch_id,used_rules,usage
11,27,0.409091
10,47,0.712121
9,22,0.333333
8,19,0.287879
7,30,0.454545
6,25,0.378788
5,25,0.378788
4,32,0.484848
3,25,0.378788
2,33,0.5
1,31,0.469697
0,32,0.484848
