switch_id,used_rules,usage
11,6,0.0909091
10,3,0.0454545
9,2,0.030303
8,1,0.0151515
7,4,0.0606061
6,2,0.030303
5,2,0.030303
4,4,0.0606061
3,5,0.0757576
2,2,0.030303
1,3,0.0454545
0,1,0.0151515
