switch_id,used_rules,usage
11,1,0.0151515
10,5,0.0757576
9,3,0.0454545
8,1,0.0151515
7,2,0.030303
6,3,0.0454545
5,5,0.0757576
4,4,0.0606061
3,3,0.0454545
2,2,0.030303
1,2,0.030303
0,3,0.0454545
