switch_id,used_rules,usage
11,30,0.454545
10,49,0.742424
9,25,0.378788
8,22,0.333333
7,33,0.5
6,27,0.409091
5,26,0.393939
4,35,0.530303
3,28,0.424242
2,33,0.5
1,34,0.515152
0,32,0.484848
