switch_id,used_rules,usage
11,1,0.0151515
10,2,0.030303
9,0,0
8,0,0
7,1,0.0151515
6,0,0
5,1,0.0151515
4,1,0.0151515
3,0,0
2,2,0.030303
1,3,0.0454545
0,1,0.0151515
