switch_id,used_rules,usage
11,2,0.030303
10,4,0.0606061
9,4,0.0606061
8,1,0.0151515
7,5,0.0757576
6,3,0.0454545
5,2,0.030303
4,3,0.0454545
3,3,0.0454545
2,5,0.0757576
1,4,0.0606061
0,3,0.0454545
