switch_id,used_rules,usage
11,3,0.0454545
10,6,0.0909091
9,1,0.0151515
8,1,0.0151515
7,3,0.0454545
6,3,0.0454545
5,1,0.0151515
4,4,0.0606061
3,2,0.030303
2,2,0.030303
1,2,0.030303
0,4,0.0606061
