source,destination,length,path
0,1,2,0,10,1,2.06808
0,1,2,0,2,1,26.885
0,2,1,0,2,23.4595
0,3,3,0,10,4,3,18.4536
0,3,3,0,10,6,3,7.38146
0,4,2,0,10,4,8.56928
0,4,3,0,5,8,4,6.42696
0,5,1,0,5,29.3986
0,6,2,0,10,6,23.4595
0,7,3,0,2,9,7,7.72083
0,7,3,0,2,1,7,17.3719
0,7,4,0,5,10,1,7,1.93021
0,8,2,0,5,8,22.8655
0,9,2,0,2,9,25.9836
0,10,1,0,10,18.1143
0,11,3,0,10,6,11,7.25419
0,11,5,0,5,10,4,3,11,3.6271
0,11,4,0,5,10,6,11,2.41806
0,11,4,0,10,4,3,11,3.6271
1,2,1,1,2,26.5775
1,3,3,1,7,11,3,3.72255
1,3,3,1,10,4,3,9.92679
1,3,3,1,10,6,3,3.72255
1,4,2,1,10,4,15.5901
1,5,2,1,10,5,21.9217
1,5,3,1,2,0,5,1.68628
1,6,2,1,10,6,25.1988
1,6,3,1,7,11,6,4.19979
1,7,1,1,7,28.0623
1,8,3,1,10,5,8,7.04208
1,8,4,1,2,0,5,8,17.6052
1,9,2,1,7,9,6.02395
1,9,2,1,2,9,15.0599
1,10,1,1,10,20.3414
1,11,2,1,7,11,24.2018
2,3,4,2,9,7,11,3,2.77865
2,3,5,2,0,5,10,4,3,1.38933
2,3,4,2,0,10,4,3,13.8933
2,3,4,2,0,10,6,3,1.38933
2,4,3,2,1,10,4,1.68628
2,4,3,2,0,10,4,10.1177
2,4,4,2,0,5,8,4,10.1177
2,4,4,2,0,5,10,4,1.68628
2,5,2,2,0,5,24.3503
2,6,3,2,0,10,6,5.43004
2,6,4,2,9,7,11,6,2.71502
2,6,3,2,1,10,6,10.8601
2,7,2,2,9,7,26.885
2,7,2,2,1,7,2.06808
2,8,3,2,0,5,8,19.3021
2,9,1,2,9,15.5901
2,10,2,2,1,10,14.6781
2,10,2,2,0,10,11.0086
2,11,3,2,1,7,11,21.6459
2,11,3,2,9,7,11,1.66507
3,4,1,3,4,28.8047
3,5,3,3,4,8,5,1.32569
3,5,3,3,6,10,5,17.234
3,6,1,3,6,16.3325
3,7,2,3,11,7,19.599
3,8,2,3,4,8,23.6079
3,9,3,3,11,7,9,16.1841
3,10,2,3,6,10,18.7082
3,11,1,3,11,13.7872
3,11,2,3,6,11,1.06055
4,5,2,4,10,5,14.466
4,5,2,4,8,5,3.94526
4,6,2,4,3,6,15.7386
4,7,3,4,3,11,7,14.4235
4,7,4,4,3,6,11,7,2.88471
4,7,3,4,10,1,7,2.88471
4,8,1,4,8,21.3808
4,9,4,4,10,1,2,9,7.12692
4,9,4,4,10,1,7,9,12.4721
4,9,4,4,3,11,7,9,5.34519
4,10,1,4,10,17.6688
4,11,2,4,3,11,13.469
4,11,3,4,3,6,11,5.38762
5,6,2,5,10,6,15.5901
5,7,3,5,10,1,7,21.8262
5,8,1,5,8,20.7869
5,9,3,5,0,2,9,8.39959
5,9,4,5,10,1,2,9,20.999
5,10,1,5,10,15.4417
5,11,3,5,10,6,11,16.778
6,7,2,6,11,7,25.0927
6,8,3,6,3,4,8,25.7821
6,8,3,6,10,4,8,1.98324
6,9,3,6,11,7,9,29.1016
6,10,1,6,10,28.6562
6,11,1,6,11,16.0144
6,11,2,6,3,11,6.40575
7,8,4,7,11,3,4,8,15.7386
7,9,1,7,9,18.5597
7,10,2,7,1,10,8.2299
7,10,3,7,11,6,10,20.5748
7,11,1,7,11,28.8047
8,9,4,8,5,0,2,9,6.52241
8,9,5,8,5,10,1,7,9,1.30448
8,9,5,8,4,3,11,7,9,1.30448
8,9,5,8,4,10,1,7,9,1.30448
8,9,5,8,4,10,1,2,9,7.82689
8,10,2,8,4,10,26.8744
8,11,3,8,4,3,11,28.6562
9,10,3,9,2,0,10,13.4372
9,10,3,9,7,1,10,13.4372
9,11,2,9,7,11,28.9531
10,11,2,10,6,11,20.9353
