switch_id,used_rules,usage
11,27,0.409091
10,45,0.681818
9,22,0.333333
8,18,0.272727
7,27,0.409091
6,25,0.378788
5,25,0.378788
4,31,0.469697
3,27,0.409091
2,31,0.469697
1,28,0.424242
0,30,0.454545
