switch_id,used_rules,usage
11,1,0.0151515
10,5,0.0757576
9,0,0
8,0,0
7,1,0.0151515
6,3,0.0454545
5,0,0
4,1,0.0151515
3,2,0.030303
2,0,0
1,4,0.0606061
0,0,0
