switch_id,used_rules,usage
11,26,0.393939
10,42,0.636364
9,21,0.318182
8,19,0.287879
7,26,0.393939
6,24,0.363636
5,25,0.378788
4,30,0.454545
3,25,0.378788
2,30,0.454545
1,27,0.409091
0,31,0.469697
