switch_id,used_rules,usage
11,4,0.0606061
10,2,0.030303
9,3,0.0454545
8,1,0.0151515
7,3,0.0454545
6,3,0.0454545
5,2,0.030303
4,1,0.0151515
3,1,0.0151515
2,1,0.0151515
1,0,0
0,0,0
