source,destination,length,path
0,1,2,0,10,1,5.53977
0,1,2,0,2,1,22.1591
0,2,1,0,2,22.4432
0,3,3,0,10,4,3,9.88636
0,3,3,0,10,6,3,14.8295
0,4,2,0,10,4,5.73864
0,4,3,0,5,8,4,8.60795
0,5,1,0,5,28.125
0,6,2,0,10,6,22.4432
0,7,3,0,2,9,7,10.3409
0,7,3,0,2,1,7,15.5114
0,8,2,0,5,8,21.875
0,9,2,0,2,9,24.858
0,10,1,0,10,13.8636
0,10,2,0,5,10,3.46591
0,11,3,0,10,6,11,6.47727
0,11,4,0,5,10,6,11,3.23864
0,11,5,0,5,10,4,3,11,6.47727
1,2,1,1,2,25.4261
1,3,3,1,7,11,3,9.97159
1,3,3,1,10,4,3,6.64773
1,4,2,1,10,4,14.9148
1,5,2,1,10,5,22.5852
1,6,2,1,10,6,16.875
1,6,3,1,7,11,6,11.25
1,7,1,1,7,26.8466
1,8,3,1,10,5,8,9.43182
1,8,4,1,2,0,5,8,14.1477
1,9,2,1,7,9,8.06818
1,9,2,1,2,9,12.1023
1,10,1,1,10,19.4602
1,11,2,1,7,11,23.1534
2,3,4,2,9,7,11,3,3.72159
2,3,5,2,0,5,8,4,3,3.72159
2,3,4,2,0,10,4,3,11.1648
2,4,3,2,1,10,4,4.51705
2,4,3,2,0,10,4,18.0682
2,5,2,2,0,5,23.2955
2,6,3,2,0,10,6,3.63636
2,6,3,2,1,10,6,10.9091
2,6,4,2,9,7,11,6,3.63636
2,7,2,2,9,7,27.6989
2,8,3,2,0,5,8,18.4659
2,9,1,2,9,14.9148
2,10,2,2,1,10,14.7443
2,10,2,2,0,10,9.82955
2,11,3,2,1,7,11,17.8409
2,11,3,2,9,7,11,4.46023
3,4,1,3,4,27.5568
3,5,3,3,4,8,5,3.55114
3,5,3,3,6,10,5,14.2045
3,6,1,3,6,15.625
3,7,2,3,11,7,18.75
3,8,2,3,4,8,22.5852
3,9,3,3,11,7,9,15.483
3,10,2,3,6,10,17.8977
3,11,1,3,11,14.2045
4,5,2,4,10,5,14.0909
4,5,2,4,8,5,3.52273
4,6,2,4,3,6,15.0568
4,7,3,4,3,11,7,15.4545
4,7,3,4,10,1,7,3.86364
4,8,1,4,8,20.4545
4,9,4,4,10,1,2,9,4.77273
4,9,4,4,3,11,7,9,4.77273
4,9,4,4,10,1,7,9,9.54545
4,9,5,4,3,6,11,7,9,4.77273
4,10,1,4,10,16.9034
4,11,2,4,3,11,14.4318
4,11,3,4,3,6,11,3.60795
5,6,2,5,10,6,14.9148
5,7,3,5,10,1,7,20.8807
5,8,1,5,8,19.8864
5,9,3,5,0,2,9,11.25
5,9,4,5,10,1,2,9,16.875
5,10,1,5,10,14.7727
5,11,3,5,10,6,11,16.0511
6,7,2,6,11,7,24.0057
6,8,3,6,3,4,8,21.25
6,8,3,6,10,4,8,5.3125
6,9,3,6,11,7,9,27.8409
6,10,1,6,10,27.4148
6,11,1,6,11,17.1591
6,11,2,6,3,11,4.28977
7,8,4,7,11,3,4,8,15.0568
7,9,1,7,9,17.7557
7,10,2,7,1,10,22.0455
7,10,3,7,11,6,10,5.51136
7,11,1,7,11,27.5568
8,9,4,8,5,0,2,9,6.98864
8,9,5,8,4,10,1,2,9,6.98864
8,9,5,8,4,3,11,7,9,3.49432
8,10,2,8,4,10,25.7102
8,11,3,8,4,3,11,27.4148
9,10,3,9,2,0,10,15.4261
9,10,3,9,7,1,10,5.14205
9,10,4,9,7,11,6,10,5.14205
9,11,2,9,7,11,27.6989
10,11,2,10,6,11,20.0284
