switch_id,used_rules,usage
11,1,0.0151515
10,7,0.106061
9,2,0.030303
8,1,0.0151515
7,0,0
6,2,0.030303
5,2,0.030303
4,6,0.0909091
3,4,0.0606061
2,5,0.0757576
1,3,0.0454545
0,5,0.0757576
