switch_id,used_rules,usage
11,27,0.409091
10,46,0.69697
9,22,0.333333
8,20,0.30303
7,26,0.393939
6,27,0.409091
5,25,0.378788
4,32,0.484848
3,27,0.409091
2,31,0.469697
1,31,0.469697
0,29,0.439394
