switch_id,used_rules,usage
11,3,0.0454545
10,3,0.0454545
9,0,0
8,3,0.0454545
7,2,0.030303
6,1,0.0151515
5,1,0.0151515
4,3,0.0454545
3,2,0.030303
2,3,0.0454545
1,3,0.0454545
0,1,0.0151515
