switch_id,used_rules,usage
11,3,0.0454545
10,4,0.0606061
9,3,0.0454545
8,2,0.030303
7,4,0.0606061
6,2,0.030303
5,4,0.0606061
4,0,0
3,1,0.0151515
2,3,0.0454545
1,5,0.0757576
0,5,0.0757576
