switch_id,used_rules,usage
11,3,0.0454545
10,3,0.0454545
9,2,0.030303
8,1,0.0151515
7,2,0.030303
6,4,0.0606061
5,0,0
4,2,0.030303
3,1,0.0151515
2,2,0.030303
1,3,0.0454545
0,1,0.0151515
