switch_id,used_rules,usage
11,1,0.0151515
10,3,0.0454545
9,1,0.0151515
8,1,0.0151515
7,1,0.0151515
6,1,0.0151515
5,1,0.0151515
4,2,0.030303
3,2,0.030303
2,2,0.030303
1,1,0.0151515
0,2,0.030303
