switch_id,used_rules,usage
11,4,0.0606061
10,4,0.0606061
9,1,0.0151515
8,1,0.0151515
7,4,0.0606061
6,4,0.0606061
5,2,0.030303
4,0,0
3,4,0.0606061
2,2,0.030303
1,3,0.0454545
0,1,0.0151515
