source,destination,length,path
0,1,2,0,10,1,3.17623
0,1,2,0,2,1,25.4098
0,2,1,0,2,23.162
0,3,3,0,10,4,3,14.1709
0,3,3,0,10,6,3,5.66835
0,3,4,0,5,8,4,3,5.66835
0,4,2,0,10,4,8.22562
0,4,3,0,5,8,4,4.93537
0,4,3,0,5,10,4,1.64512
0,5,1,0,5,29.0259
0,6,2,0,10,6,23.162
0,7,3,0,2,9,7,14.8224
0,7,3,0,2,1,7,11.8579
0,8,2,0,5,8,22.5757
0,9,2,0,2,9,25.6542
0,10,1,0,10,17.8846
0,11,3,0,10,6,11,7.42749
0,11,4,0,5,10,6,11,5.57062
0,11,5,0,5,10,4,3,11,3.71375
1,2,1,1,2,26.2405
1,3,3,1,7,11,3,5.71721
1,3,3,1,10,4,3,9.52869
1,3,3,1,10,6,3,1.90574
1,4,2,1,10,4,15.3925
1,5,2,1,10,5,20.7188
1,5,3,1,2,0,5,2.58985
1,6,2,1,10,6,16.1255
1,6,3,1,7,11,6,12.9004
1,7,1,1,7,27.7065
1,8,3,1,10,5,8,13.5193
1,8,4,1,2,0,5,8,10.8155
1,9,2,1,7,9,9.25179
1,9,2,1,2,9,11.5647
1,10,1,1,10,20.0835
1,11,2,1,7,11,23.895
2,3,4,2,9,7,11,3,4.26755
2,3,4,2,0,10,4,3,10.6689
2,3,4,2,0,10,6,3,4.26755
2,4,3,2,1,10,4,5.1797
2,4,3,2,0,10,4,10.3594
2,4,4,2,0,5,10,4,2.58985
2,4,4,2,0,5,8,4,5.1797
2,5,2,2,0,5,24.0416
2,6,3,2,0,10,6,8.33964
2,6,3,2,1,10,6,10.4245
2,7,2,2,9,7,28.5861
2,8,3,2,0,5,8,19.0574
2,9,1,2,9,15.3925
2,10,2,2,1,10,14.0894
2,10,2,2,0,10,11.2715
2,11,3,2,1,7,11,23.0154
3,4,1,3,4,28.4395
3,5,3,3,4,8,5,2.03604
3,5,3,3,6,10,5,16.2884
3,6,1,3,6,16.1255
3,7,2,3,11,7,19.3506
3,8,2,3,4,8,23.3086
3,9,3,3,11,7,9,15.9789
3,10,2,3,6,10,18.471
3,11,1,3,11,14.6595
4,5,2,4,10,5,12.1185
4,5,2,4,8,5,6.05927
4,6,2,4,3,6,15.5391
4,7,3,4,3,11,7,17.7217
4,7,4,4,3,6,11,7,2.21522
4,8,1,4,8,21.1097
4,9,4,4,10,1,2,9,13.6822
4,9,4,4,10,1,7,9,8.20933
4,9,4,4,3,11,7,9,2.73644
4,10,1,4,10,17.4448
4,11,2,4,3,11,18.6176
5,6,2,5,10,6,15.3925
5,7,3,5,10,1,7,21.5495
5,8,1,5,8,20.5233
5,9,3,5,0,2,9,12.9004
5,9,4,5,10,1,2,9,12.9004
5,9,4,5,10,1,7,9,3.22509
5,10,1,5,10,15.2459
5,11,3,5,10,6,11,16.5653
6,7,2,6,11,7,24.7746
6,8,3,6,3,4,8,24.3674
6,8,3,6,10,4,8,3.04592
6,9,3,6,11,7,9,28.7327
6,10,1,6,10,28.2929
6,11,1,6,11,19.6763
6,11,2,6,3,11,2.45954
7,8,4,7,11,3,4,8,15.5391
7,9,1,7,9,18.3244
7,10,2,7,1,10,15.7997
7,10,3,7,11,6,10,12.6398
7,11,1,7,11,28.4395
8,9,4,8,5,0,2,9,6.0104
8,9,5,8,4,10,1,2,9,6.0104
8,9,5,8,4,3,11,7,9,2.00347
8,9,5,8,4,10,1,7,9,4.00694
8,10,2,8,4,10,23.5855
8,10,2,8,5,10,2.94819
8,11,3,8,4,3,11,28.2929
9,10,3,9,2,0,10,17.6892
9,10,3,9,7,1,10,8.84458
9,11,2,9,7,11,28.5861
10,11,2,10,6,11,20.6699
