switch_id,used_rules,usage
11,5,0.0757576
10,4,0.0606061
9,2,0.030303
8,3,0.0454545
7,3,0.0454545
6,2,0.030303
5,2,0.030303
4,3,0.0454545
3,4,0.0606061
2,3,0.0454545
1,3,0.0454545
0,1,0.0151515
