switch_id,used_rules,usage
11,3,0.0454545
10,6,0.0909091
9,1,0.0151515
8,6,0.0909091
7,2,0.030303
6,2,0.030303
5,6,0.0909091
4,4,0.0606061
3,1,0.0151515
2,3,0.0454545
1,4,0.0606061
0,2,0.030303
