switch_id,used_rules,usage
11,1,0.0151515
10,3,0.0454545
9,2,0.030303
8,0,0
7,4,0.0606061
6,0,0
5,3,0.0454545
4,1,0.0151515
3,0,0
2,3,0.0454545
1,5,0.0757576
0,1,0.0151515
