switch_id,used_rules,usage
11,1,0.0151515
10,1,0.0151515
9,1,0.0151515
8,2,0.030303
7,3,0.0454545
6,0,0
5,2,0.030303
4,2,0.030303
3,2,0.030303
2,2,0.030303
1,2,0.030303
0,5,0.0757576
