switch_id,used_rules,usage
11,2,0.030303
10,3,0.0454545
9,4,0.0606061
8,4,0.0606061
7,3,0.0454545
6,3,0.0454545
5,2,0.030303
4,4,0.0606061
3,4,0.0606061
2,5,0.0757576
1,3,0.0454545
0,6,0.0909091
