switch_id,used_rules,usage
11,3,0.0454545
10,1,0.0151515
9,1,0.0151515
8,2,0.030303
7,3,0.0454545
6,0,0
5,3,0.0454545
4,1,0.0151515
3,2,0.030303
2,1,0.0151515
1,1,0.0151515
0,3,0.0454545
