switch_id,used_rules,usage
11,29,0.439394
10,49,0.742424
9,25,0.378788
8,22,0.333333
7,31,0.469697
6,27,0.409091
5,28,0.424242
4,37,0.560606
3,29,0.439394
2,34,0.515152
1,33,0.5
0,33,0.5
