switch_id,used_rules,usage
11,1,0.0151515
10,1,0.0151515
9,0,0
8,0,0
7,2,0.030303
6,1,0.0151515
5,0,0
4,0,0
3,1,0.0151515
2,2,0.030303
1,3,0.0454545
0,0,0
