switch_id,used_rules,usage
11,2,0.030303
10,4,0.0606061
9,0,0
8,1,0.0151515
7,1,0.0151515
6,2,0.030303
5,2,0.030303
4,2,0.030303
3,0,0
2,3,0.0454545
1,2,0.030303
0,4,0.0606061
