switch_id,used_rules,usage
11,29,0.439394
10,46,0.69697
9,23,0.348485
8,20,0.30303
7,31,0.469697
6,26,0.393939
5,25,0.378788
4,33,0.5
3,27,0.409091
2,32,0.484848
1,30,0.454545
0,30,0.454545
