switch_id,used_rules,usage
11,27,0.409091
10,43,0.651515
9,21,0.318182
8,19,0.287879
7,27,0.409091
6,24,0.363636
5,24,0.363636
4,31,0.469697
3,26,0.393939
2,29,0.439394
1,28,0.424242
0,29,0.439394
