switch_id,used_rules,usage
11,5,0.0757576
10,6,0.0909091
9,1,0.0151515
8,2,0.030303
7,2,0.030303
6,6,0.0909091
5,3,0.0454545
4,3,0.0454545
3,4,0.0606061
2,1,0.0151515
1,1,0.0151515
0,3,0.0454545
