switch_id,used_rules,usage
11,1,0.0151515
10,5,0.0757576
9,0,0
8,0,0
7,1,0.0151515
6,3,0.0454545
5,1,0.0151515
4,2,0.030303
3,1,0.0151515
2,2,0.030303
1,3,0.0454545
0,2,0.030303
