switch_id,used_rules,usage
11,1,0.0151515
10,3,0.0454545
9,2,0.030303
8,2,0.030303
7,1,0.0151515
6,2,0.030303
5,4,0.0606061
4,1,0.0151515
3,0,0
2,2,0.030303
1,2,0.030303
0,2,0.030303
