switch_id,used_rules,usage
11,2,0.030303
10,3,0.0454545
9,1,0.0151515
8,0,0
7,3,0.0454545
6,1,0.0151515
5,2,0.030303
4,2,0.030303
3,2,0.030303
2,2,0.030303
1,3,0.0454545
0,0,0
