source,destination,length,path
0,1,2,0,10,1,5.2166
0,1,2,0,2,1,23.4747
0,2,1,0,2,23.2473
0,3,3,0,10,4,3,16.2919
0,3,3,0,10,6,3,9.30963
0,4,2,0,10,4,6.75483
0,4,3,0,5,8,4,8.1058
0,5,1,0,5,29.1327
0,6,2,0,10,6,23.2473
0,7,3,0,2,9,7,7.30324
0,7,3,0,2,1,7,19.4753
0,8,2,0,5,8,22.6588
0,9,2,0,2,9,25.7486
0,10,1,0,10,17.9505
0,11,3,0,10,6,11,4.57456
0,11,4,0,5,10,6,11,6.09941
0,11,4,0,10,4,3,11,4.57456
0,11,5,0,5,8,4,3,11,1.52485
1,2,1,1,2,26.3372
1,3,3,1,7,11,3,4.69494
1,3,3,1,10,4,3,10.9549
1,3,3,1,10,6,3,1.56498
1,4,2,1,10,4,15.4492
1,5,2,1,10,5,23.3945
1,6,2,1,10,6,23.8359
1,6,3,1,7,11,6,5.29686
1,7,1,1,7,27.8085
1,8,3,1,10,5,8,6.6612
1,8,4,1,2,0,5,8,17.7632
1,9,2,1,7,9,7.59751
1,9,2,1,2,9,13.2957
1,10,1,1,10,18.325
1,10,3,1,2,0,10,1.8325
1,11,2,1,7,11,23.983
2,3,4,2,9,7,11,3,3.50449
2,3,4,2,0,10,4,3,10.5135
2,3,4,2,0,10,6,3,1.75224
2,3,5,2,0,5,8,4,3,1.75224
2,3,5,2,0,5,10,4,3,1.75224
2,4,3,2,1,10,4,2.12677
2,4,3,2,0,10,4,12.7606
2,4,4,2,0,5,8,4,4.25354
2,4,4,2,0,5,10,4,4.25354
2,5,2,2,0,5,24.1301
2,6,3,2,0,10,6,6.84846
2,6,4,2,9,7,11,6,3.42423
2,6,3,2,1,10,6,8.56058
2,7,2,2,9,7,26.083
2,7,2,2,1,7,2.6083
2,8,3,2,0,5,8,19.1275
2,9,1,2,9,15.4492
2,10,2,2,1,10,16.1982
2,10,2,2,0,10,9.25613
2,11,3,2,1,7,11,18.9002
2,11,3,2,9,7,11,4.20003
3,4,1,3,4,28.5442
3,5,3,3,4,8,5,1.67199
3,5,3,3,6,10,5,16.7199
3,6,1,3,6,16.1848
3,7,2,3,11,7,19.4218
3,8,2,3,4,8,23.3945
3,9,3,3,11,7,9,16.0377
3,10,2,3,6,10,18.539
3,11,1,3,11,13.3759
3,11,2,3,6,11,1.33759
4,5,2,4,10,5,13.2689
4,5,2,4,8,5,4.97584
4,6,2,4,3,6,15.5963
4,7,3,4,3,11,7,12.7339
4,7,3,4,10,1,7,5.45737
4,7,4,4,3,6,11,7,1.81912
4,8,1,4,8,21.1874
4,9,4,4,10,1,2,9,6.74146
4,9,4,4,10,1,7,9,8.98861
4,9,4,4,3,11,7,9,8.98861
4,10,1,4,10,17.5091
4,11,2,4,3,11,15.2887
4,11,3,4,3,6,11,3.39748
5,6,2,5,10,6,15.4492
5,7,3,5,10,1,7,21.6288
5,8,1,5,8,20.5989
5,9,3,5,0,2,9,13.2421
5,9,4,5,10,1,2,9,15.8906
5,10,1,5,10,15.302
5,11,3,5,10,6,11,16.6263
6,7,2,6,11,7,24.8658
6,8,3,6,3,4,8,25.0129
6,8,3,6,10,4,8,2.50129
6,9,3,6,11,7,9,28.8385
6,10,1,6,10,28.397
6,11,1,6,11,18.1779
6,11,2,6,3,11,4.03952
7,8,4,7,11,3,4,8,15.5963
7,9,1,7,9,18.3919
7,10,2,7,1,10,10.3797
7,10,3,7,11,6,10,18.1645
7,11,1,7,11,28.5442
8,9,4,8,5,0,2,9,4.93571
8,9,5,8,4,10,1,2,9,9.87142
8,9,5,8,4,10,1,7,9,1.64524
8,9,5,8,4,3,11,7,9,1.64524
8,10,2,8,4,10,21.7894
8,10,2,8,5,10,4.84208
8,11,3,8,4,3,11,28.397
9,10,3,9,2,0,10,12.1052
9,10,3,9,7,1,10,14.5262
9,11,2,9,7,11,28.6913
10,11,2,10,6,11,20.746
