switch_id,used_rules,usage
11,27,0.409091
10,44,0.666667
9,21,0.318182
8,20,0.30303
7,26,0.393939
6,26,0.393939
5,25,0.378788
4,30,0.454545
3,26,0.393939
2,30,0.454545
1,28,0.424242
0,29,0.439394
