switch_id,used_rules,usage
11,1,0.0151515
10,3,0.0454545
9,2,0.030303
8,1,0.0151515
7,2,0.030303
6,3,0.0454545
5,2,0.030303
4,0,0
3,0,0
2,2,0.030303
1,2,0.030303
0,1,0.0151515
