switch_id,used_rules,usage
11,3,0.0454545
10,7,0.106061
9,3,0.0454545
8,2,0.030303
7,4,0.0606061
6,5,0.0757576
5,5,0.0757576
4,2,0.030303
3,3,0.0454545
2,7,0.106061
1,3,0.0454545
0,9,0.136364
