switch_id,used_rules,usage
11,46,0.69697
10,71,1.07576
9,35,0.530303
8,31,0.469697
7,47,0.712121
6,47,0.712121
5,43,0.651515
4,50,0.757576
3,47,0.712121
2,51,0.772727
1,43,0.651515
0,49,0.742424
