switch_id,used_rules,usage
11,26,0.393939
10,41,0.621212
9,21,0.318182
8,20,0.30303
7,26,0.393939
6,24,0.363636
5,24,0.363636
4,31,0.469697
3,25,0.378788
2,29,0.439394
1,28,0.424242
0,28,0.424242
