switch_id,used_rules,usage
11,3,0.0454545
10,9,0.136364
9,4,0.0606061
8,3,0.0454545
7,5,0.0757576
6,4,0.0606061
5,5,0.0757576
4,1,0.0151515
3,3,0.0454545
2,6,0.0909091
1,6,0.0909091
0,6,0.0909091
