switch_id,used_rules,usage
11,35,0.530303
10,52,0.787879
9,27,0.409091
8,26,0.393939
7,35,0.530303
6,30,0.454545
5,32,0.484848
4,41,0.621212
3,35,0.530303
2,36,0.545455
1,36,0.545455
0,35,0.530303
