switch_id,used_rules,usage
11,1,0.0151515
10,5,0.0757576
9,0,0
8,2,0.030303
7,2,0.030303
6,1,0.0151515
5,3,0.0454545
4,1,0.0151515
3,1,0.0151515
2,0,0
1,3,0.0454545
0,4,0.0606061
