switch_id,used_rules,usage
11,3,0.0454545
10,4,0.0606061
9,3,0.0454545
8,1,0.0151515
7,4,0.0606061
6,1,0.0151515
5,1,0.0151515
4,3,0.0454545
3,2,0.030303
2,1,0.0151515
1,2,0.030303
0,1,0.0151515
