switch_id,used_rules,usage
11,3,0.0454545
10,4,0.0606061
9,2,0.030303
8,4,0.0606061
7,2,0.030303
6,2,0.030303
5,4,0.0606061
4,5,0.0757576
3,5,0.0757576
2,3,0.0454545
1,1,0.0151515
0,5,0.0757576
