switch_id,used_rules,usage
11,1,0.0151515
10,3,0.0454545
9,1,0.0151515
8,0,0
7,1,0.0151515
6,1,0.0151515
5,1,0.0151515
4,1,0.0151515
3,0,0
2,0,0
1,2,0.030303
0,0,0
