switch_id,used_rules,usage
11,0,0
10,2,0.030303
9,0,0
8,2,0.030303
7,1,0.0151515
6,0,0
5,2,0.030303
4,0,0
3,0,0
2,3,0.0454545
1,1,0.0151515
0,3,0.0454545
