switch_id,used_rules,usage
11,31,0.469697
10,45,0.681818
9,25,0.378788
8,19,0.287879
7,31,0.469697
6,27,0.409091
5,24,0.363636
4,33,0.5
3,28,0.424242
2,30,0.454545
1,29,0.439394
0,29,0.439394
