source,destination,length,path
0,1,2,0,10,1,3.17757
0,1,2,0,2,1,25.4205
0,2,1,0,2,23.1718
0,3,3,0,10,4,3,17.0122
0,3,3,0,10,6,3,5.67073
0,3,4,0,5,8,4,3,2.83537
0,4,2,0,10,4,9.87489
0,4,3,0,5,8,4,3.29163
0,4,3,0,5,10,4,1.64582
0,5,1,0,5,29.0381
0,6,2,0,10,6,23.1718
0,7,3,0,2,9,7,14.8286
0,7,3,0,2,1,7,11.8629
0,8,2,0,5,8,22.5852
0,9,2,0,2,9,25.6649
0,10,1,0,10,17.8921
0,11,3,0,10,6,11,9.28827
0,11,4,0,5,10,6,11,3.71531
0,11,5,0,5,10,4,3,11,1.85765
0,11,5,0,5,8,4,3,11,1.85765
1,2,1,1,2,26.2516
1,3,3,1,7,11,3,5.71962
1,3,3,1,10,4,3,9.5327
1,3,3,1,10,6,3,1.90654
1,4,2,1,10,4,15.399
1,5,2,1,10,5,20.7275
1,5,3,1,2,0,5,2.59094
1,6,2,1,10,6,19.3587
1,6,3,1,7,11,6,9.67935
1,7,1,1,7,27.7181
1,8,3,1,10,5,8,10.82
1,8,4,1,2,0,5,8,13.525
1,9,2,1,7,9,11.5696
1,9,2,1,2,9,9.25568
1,10,1,1,10,20.092
1,11,2,1,7,11,23.9051
2,3,4,2,9,7,11,3,4.26934
2,3,4,2,0,10,4,3,12.808
2,3,4,2,0,10,6,3,2.13467
2,4,3,2,1,10,4,2.59094
2,4,3,2,0,10,4,7.77281
2,4,4,2,0,5,8,4,7.77281
2,4,4,2,0,5,10,4,5.18188
2,5,2,2,0,5,24.0517
2,6,3,2,0,10,6,8.34315
2,6,3,2,1,10,6,10.4289
2,7,2,2,9,7,28.5981
2,8,3,2,0,5,8,19.0654
2,9,1,2,9,15.399
2,10,2,2,1,10,19.7335
2,10,2,2,0,10,5.63814
2,11,3,2,1,7,11,20.4668
2,11,3,2,9,7,11,2.55835
3,4,1,3,4,28.4514
3,5,3,3,4,8,5,2.0369
3,5,3,3,6,10,5,16.2952
3,6,1,3,6,16.1323
3,7,2,3,11,7,19.3587
3,8,2,3,4,8,23.3184
3,9,3,3,11,7,9,15.9856
3,10,2,3,6,10,18.4788
3,11,1,3,11,14.6657
4,5,2,4,10,5,12.1236
4,5,2,4,8,5,6.06182
4,6,2,4,3,6,15.5456
4,7,3,4,3,11,7,17.7292
4,7,3,4,10,1,7,2.21615
4,8,1,4,8,21.1186
4,9,4,4,10,1,2,9,10.9504
4,9,4,4,10,1,7,9,8.21278
4,9,4,4,3,11,7,9,5.47519
4,10,1,4,10,17.4522
4,11,2,4,3,11,14.4864
4,11,3,4,3,6,11,4.13898
5,6,2,5,10,6,15.399
5,7,3,5,10,1,7,21.5586
5,8,1,5,8,20.532
5,9,3,5,0,2,9,9.67935
5,9,4,5,10,1,2,9,16.1323
5,9,4,5,10,1,7,9,3.22645
5,10,1,5,10,15.2523
5,11,3,5,10,6,11,16.5722
6,7,2,6,11,7,24.785
6,8,3,6,3,4,8,24.3776
6,8,3,6,10,4,8,3.0472
6,9,3,6,11,7,9,28.7447
6,10,1,6,10,28.3048
6,11,1,6,11,17.224
6,11,2,6,3,11,4.92115
7,8,4,7,11,3,4,8,15.5456
7,9,1,7,9,18.3321
7,10,2,7,1,10,12.6451
7,10,3,7,11,6,10,15.8063
7,11,1,7,11,28.4514
8,9,4,8,5,0,2,9,6.01293
8,9,5,8,5,10,1,2,9,2.00431
8,9,5,8,4,10,1,2,9,6.01293
8,9,5,8,4,10,1,7,9,2.00431
8,9,5,8,4,3,11,7,9,2.00431
8,10,2,8,4,10,26.5449
8,11,3,8,4,3,11,28.3048
9,10,3,9,2,0,10,17.6966
9,10,3,9,7,1,10,8.8483
9,11,2,9,7,11,28.5981
10,11,2,10,6,11,20.6786
