switch_id,used_rules,usage
11,6,0.0909091
10,4,0.0606061
9,5,0.0757576
8,5,0.0757576
7,8,0.121212
6,4,0.0606061
5,6,0.0909091
4,4,0.0606061
3,5,0.0757576
2,2,0.030303
1,2,0.030303
0,3,0.0454545
