switch_id,used_rules,usage
11,29,0.439394
10,44,0.666667
9,22,0.333333
8,19,0.287879
7,31,0.469697
6,26,0.393939
5,23,0.348485
4,29,0.439394
3,27,0.409091
2,30,0.454545
1,30,0.454545
0,28,0.424242
