switch_id,used_rules,usage
11,4,0.0606061
10,3,0.0454545
9,3,0.0454545
8,2,0.030303
7,4,0.0606061
6,1,0.0151515
5,2,0.030303
4,1,0.0151515
3,3,0.0454545
2,5,0.0757576
1,5,0.0757576
0,3,0.0454545
