switch_id,used_rules,usage
11,1,0.0151515
10,1,0.0151515
9,1,0.0151515
8,0,0
7,1,0.0151515
6,0,0
5,1,0.0151515
4,2,0.030303
3,1,0.0151515
2,2,0.030303
1,1,0.0151515
0,2,0.030303
