source,destination,length,path
0,1,2,0,10,1,4.72266
0,1,2,0,2,1,23.6133
0,2,1,0,2,22.9594
0,3,3,0,10,4,3,16.8562
0,3,3,0,10,6,3,8.42812
0,4,2,0,10,4,4.89219
0,4,3,0,5,8,4,7.33828
0,4,3,0,5,10,4,2.44609
0,5,1,0,5,28.7719
0,6,2,0,10,6,22.9594
0,7,3,0,2,9,7,13.2234
0,7,3,0,2,1,7,8.81562
0,7,3,0,10,1,7,4.40781
0,8,2,0,5,8,22.3781
0,9,2,0,2,9,25.4297
0,10,1,0,10,14.7734
0,10,2,0,5,10,2.95469
0,11,3,0,10,6,11,5.52187
0,11,4,0,5,10,6,11,8.28281
0,11,4,0,10,4,3,11,2.76094
1,2,1,1,2,26.0109
1,3,3,1,7,11,3,5.66719
1,3,3,1,10,4,3,11.3344
1,4,2,1,10,4,15.2578
1,5,2,1,10,5,23.1047
1,6,2,1,10,6,9.59062
1,6,3,1,7,11,6,19.1812
1,7,1,1,7,27.4641
1,8,3,1,10,5,8,8.04062
1,8,3,1,10,4,8,4.02031
1,8,4,1,2,0,5,8,12.0609
1,9,2,1,7,9,6.87812
1,9,2,1,2,9,13.7562
1,10,1,1,10,19.9078
1,11,2,1,7,11,19.7383
1,11,6,1,2,0,10,6,3,11,3.94766
2,3,4,2,9,7,11,3,3.17266
2,3,4,2,0,10,4,3,9.51797
2,3,5,2,0,5,8,4,3,3.17266
2,3,4,2,0,10,6,3,3.17266
2,4,3,2,1,10,4,7.70156
2,4,4,2,0,5,8,4,11.5523
2,4,3,2,0,10,4,3.85078
2,5,2,2,0,5,23.8312
2,6,3,2,0,10,6,9.3
2,6,4,2,9,7,11,6,3.1
2,6,3,2,1,10,6,6.2
2,7,2,2,9,7,28.3359
2,8,3,2,0,5,8,15.7422
2,8,4,2,0,10,4,8,3.14844
2,9,1,2,9,15.2578
2,10,2,2,1,10,20.9492
2,10,2,2,0,10,4.18984
2,11,3,2,1,7,11,22.8141
3,4,1,3,4,28.1906
3,5,3,3,4,8,5,3.02734
3,5,3,3,6,10,5,15.1367
3,6,1,3,6,15.9844
3,7,2,3,11,7,19.1812
3,8,2,3,4,8,23.1047
3,9,3,3,11,7,9,15.8391
3,10,2,3,6,10,18.3094
3,11,1,3,11,12.1094
3,11,2,3,6,11,2.42187
4,5,2,4,10,5,15.0156
4,5,2,4,8,5,3.00312
4,6,2,4,3,6,15.4031
4,7,3,4,3,11,7,16.4687
4,7,3,4,10,1,7,3.29375
4,8,1,4,8,20.925
4,9,4,4,10,1,2,9,16.275
4,9,4,4,3,11,7,9,8.1375
4,10,1,4,10,17.2922
4,11,2,4,3,11,9.22734
4,11,3,4,3,6,11,9.22734
5,6,2,5,10,6,15.2578
5,7,3,5,10,1,7,17.8008
5,7,4,5,10,6,11,7,3.56016
5,8,1,5,8,20.3437
5,9,3,5,0,2,9,9.59062
5,9,4,5,10,1,7,9,4.79531
5,9,4,5,10,1,2,9,9.59062
5,9,5,5,10,6,11,7,9,4.79531
5,10,1,5,10,15.1125
5,11,3,5,10,6,11,13.6836
5,11,4,5,8,4,3,11,2.73672
6,7,2,6,11,7,24.5578
6,8,3,6,3,4,8,22.6445
6,8,3,6,10,4,8,4.52891
6,9,3,6,11,7,9,23.7344
6,9,4,6,3,11,7,9,4.74687
6,10,1,6,10,28.0453
6,11,1,6,11,14.6281
6,11,2,6,3,11,7.31406
7,8,4,7,11,3,4,8,15.4031
7,9,1,7,9,18.1641
7,10,2,7,1,10,18.7937
7,10,3,7,11,6,10,9.39687
7,11,1,7,11,28.1906
8,9,4,8,5,0,2,9,8.93672
8,9,5,8,4,10,1,7,9,5.95781
8,9,5,8,4,10,1,2,9,2.97891
8,10,2,8,4,10,26.3016
8,11,3,8,4,3,11,28.0453
9,10,3,9,2,0,10,21.918
9,10,3,9,7,1,10,4.38359
9,11,2,9,7,11,28.3359
10,11,2,10,6,11,20.4891
