switch_id,used_rules,usage
11,2,0.030303
10,7,0.106061
9,0,0
8,4,0.0606061
7,2,0.030303
6,3,0.0454545
5,4,0.0606061
4,5,0.0757576
3,1,0.0151515
2,2,0.030303
1,2,0.030303
0,3,0.0454545
