switch_id,used_rules,usage
11,6,0.0909091
10,2,0.030303
9,3,0.0454545
8,2,0.030303
7,6,0.0909091
6,4,0.0606061
5,1,0.0151515
4,2,0.030303
3,3,0.0454545
2,3,0.0454545
1,3,0.0454545
0,2,0.030303
