switch_id,used_rules,usage
11,4,0.0606061
10,9,0.136364
9,2,0.030303
8,4,0.0606061
7,3,0.0454545
6,6,0.0909091
5,4,0.0606061
4,4,0.0606061
3,1,0.0151515
2,2,0.030303
1,4,0.0606061
0,2,0.030303
