switch_id,used_rules,usage
11,1,0.0151515
10,5,0.0757576
9,0,0
8,1,0.0151515
7,3,0.0454545
6,1,0.0151515
5,3,0.0454545
4,2,0.030303
3,2,0.030303
2,2,0.030303
1,2,0.030303
0,3,0.0454545
