switch_id,used_rules,usage
11,1,0.0151515
10,5,0.0757576
9,1,0.0151515
8,1,0.0151515
7,0,0
6,3,0.0454545
5,2,0.030303
4,1,0.0151515
3,2,0.030303
2,2,0.030303
1,3,0.0454545
0,0,0
