switch_id,used_rules,usage
11,0,0
10,3,0.0454545
9,0,0
8,1,0.0151515
7,0,0
6,1,0.0151515
5,3,0.0454545
4,2,0.030303
3,0,0
2,1,0.0151515
1,0,0
0,3,0.0454545
