source,destination,length,path
0,1,2,0,10,1,3.57016
0,1,2,0,2,1,24.9911
0,2,1,0,2,23.142
0,3,3,0,10,4,3,6.37137
0,3,3,0,10,6,3,12.7427
0,3,4,0,5,10,4,3,3.18568
0,3,4,0,5,8,4,3,3.18568
0,4,2,0,10,4,11.095
0,4,3,0,5,8,4,3.69832
0,5,1,0,5,29.0007
0,6,2,0,10,6,23.142
0,7,3,0,2,9,7,13.3286
0,7,3,0,2,1,7,13.3286
0,8,2,0,5,8,22.5561
0,9,2,0,2,9,25.6319
0,10,1,0,10,15.6355
0,10,2,0,5,10,2.23364
0,11,3,0,10,6,11,8.34869
0,11,4,0,5,10,6,11,2.08717
0,11,4,0,10,4,3,11,4.17434
0,11,5,0,5,10,4,3,11,2.08717
1,2,1,1,2,26.2178
1,3,3,1,7,11,3,4.2842
1,3,3,1,10,4,3,12.8526
1,4,2,1,10,4,15.3792
1,5,2,1,10,5,23.2884
1,6,2,1,10,6,21.7505
1,6,3,1,7,11,6,7.25018
1,7,1,1,7,27.6825
1,8,3,1,10,5,8,9.11765
1,8,4,1,2,0,5,8,15.1961
1,9,2,1,7,9,15.5989
1,9,2,1,2,9,5.19962
1,10,1,1,10,20.0661
1,11,2,1,7,11,23.8743
2,3,4,2,9,7,11,3,4.79683
2,3,4,2,0,10,4,3,9.59367
2,3,4,2,0,10,6,3,2.39842
2,3,5,2,0,5,8,4,3,2.39842
2,4,3,2,1,10,4,5.82211
2,4,3,2,0,10,4,8.73317
2,4,4,2,0,5,8,4,5.82211
2,4,4,2,0,5,10,4,2.91106
2,5,2,2,0,5,24.0208
2,6,3,2,0,10,6,7.03047
2,6,4,2,9,7,11,6,7.03047
2,6,3,2,1,10,6,4.68698
2,7,2,2,9,7,21.421
2,7,2,2,1,7,7.14033
2,8,3,2,0,5,8,19.0409
2,9,1,2,9,15.3792
2,10,2,2,1,10,22.1716
2,10,2,2,0,10,3.16738
2,11,3,2,1,7,11,17.2466
2,11,3,2,9,7,11,5.74888
3,4,1,3,4,28.4148
3,5,3,3,4,8,5,2.28857
3,5,3,3,6,10,5,16.02
3,6,1,3,6,16.1115
3,7,2,3,11,7,19.3338
3,8,2,3,4,8,23.2884
3,9,3,3,11,7,9,15.965
3,10,2,3,6,10,18.455
3,11,1,3,11,14.6468
4,5,2,4,10,5,11.3513
4,5,2,4,8,5,6.81077
4,6,2,4,3,6,15.5256
4,7,3,4,3,11,7,14.9398
4,7,3,4,10,1,7,4.97992
4,8,1,4,8,21.0914
4,9,4,4,10,1,2,9,12.3033
4,9,4,4,10,1,7,9,3.07583
4,9,4,4,3,11,7,9,6.15167
4,9,5,4,3,6,11,7,9,3.07583
4,10,1,4,10,17.4297
4,11,2,4,3,11,16.2763
4,11,3,4,3,6,11,2.32518
5,6,2,5,10,6,15.3792
5,7,3,5,10,1,7,21.5308
5,8,1,5,8,20.5056
5,9,3,5,0,2,9,10.8753
5,9,4,5,10,1,2,9,18.1254
5,10,1,5,10,15.2327
5,11,3,5,10,6,11,16.5509
6,7,2,6,11,7,24.7531
6,8,3,6,3,4,8,23.9659
6,8,3,6,10,4,8,3.42369
6,9,3,6,11,7,9,28.7078
6,10,1,6,10,28.2684
6,11,1,6,11,19.3521
6,11,2,6,3,11,2.76459
7,8,4,7,11,3,4,8,13.5849
7,8,4,7,1,10,5,8,1.9407
7,9,1,7,9,18.3085
7,10,2,7,1,10,14.2074
7,10,3,7,11,6,10,14.2074
7,11,1,7,11,28.4148
8,9,4,8,5,0,2,9,6.75585
8,9,5,8,4,10,1,2,9,4.5039
8,9,5,8,4,3,11,7,9,2.25195
8,9,5,8,4,10,1,7,9,4.5039
8,10,2,8,4,10,23.1969
8,10,2,8,5,10,3.31384
8,11,3,8,4,3,11,28.2684
9,10,3,9,2,0,10,26.5107
9,11,2,9,7,11,28.5613
10,11,2,10,6,11,20.652
