switch_id,used_rules,usage
11,0,0
10,5,0.0757576
9,2,0.030303
8,1,0.0151515
7,3,0.0454545
6,1,0.0151515
5,3,0.0454545
4,3,0.0454545
3,1,0.0151515
2,4,0.0606061
1,6,0.0909091
0,2,0.030303
