switch_id,used_rules,usage
11,3,0.0454545
10,4,0.0606061
9,2,0.030303
8,4,0.0606061
7,2,0.030303
6,4,0.0606061
5,8,0.121212
4,1,0.0151515
3,1,0.0151515
2,5,0.0757576
1,2,0.030303
0,5,0.0757576
