source,destination,length,path
0,1,2,0,10,1,4.70062
0,1,2,0,2,1,23.5031
0,2,1,0,2,22.8523
0,3,3,0,10,4,3,8.3888
0,3,3,0,10,6,3,16.7776
0,4,2,0,10,4,4.86936
0,4,3,0,5,8,4,4.86936
0,4,3,0,5,10,4,4.86936
0,5,1,0,5,28.6376
0,6,2,0,10,6,22.8523
0,7,3,0,2,9,7,8.77449
0,7,3,0,2,1,7,13.1617
0,7,4,0,5,10,1,7,4.38725
0,8,2,0,5,8,22.2737
0,9,2,0,2,9,25.311
0,10,1,0,10,17.6454
0,11,3,0,10,6,11,8.24417
0,11,4,0,5,10,6,11,2.74806
0,11,4,0,10,4,3,11,2.74806
0,11,5,0,5,10,4,3,11,2.74806
1,2,1,1,2,25.8896
1,3,3,1,7,11,3,5.64075
1,3,3,1,10,4,3,11.2815
1,4,2,1,10,4,15.1866
1,5,2,1,10,5,22.9969
1,6,2,1,10,6,14.3188
1,6,3,1,7,11,6,14.3188
1,7,1,1,7,27.3359
1,8,3,1,10,5,8,8.00311
1,8,4,1,2,0,5,8,16.0062
1,9,2,1,7,9,3.42302
1,9,2,1,2,9,17.1151
1,10,1,1,10,19.8149
1,11,2,1,7,11,23.5754
2,3,4,2,9,7,11,3,6.31571
2,3,5,2,0,5,10,4,3,3.15785
2,3,4,2,0,10,4,3,9.47356
2,4,3,2,1,10,4,3.83281
2,4,3,2,0,10,4,15.3313
2,4,4,2,0,5,8,4,3.83281
2,5,2,2,0,5,23.7201
2,6,3,2,0,10,6,3.08554
2,6,4,2,9,7,11,6,6.17107
2,6,3,2,1,10,6,9.25661
2,7,2,2,1,7,14.1019
2,7,2,2,9,7,14.1019
2,8,3,2,0,5,8,18.8025
2,9,1,2,9,15.1866
2,10,2,2,1,10,16.6812
2,10,2,2,0,10,8.34059
2,11,3,2,9,7,11,15.1384
2,11,3,2,1,7,11,7.56921
3,4,1,3,4,28.0591
3,5,3,3,4,8,5,3.01322
3,5,3,3,6,10,5,15.0661
3,6,1,3,6,15.9098
3,7,2,3,11,7,19.0918
3,8,2,3,4,8,22.9969
3,9,3,3,11,7,9,15.7652
3,10,2,3,6,10,18.224
3,11,1,3,11,14.4635
4,5,2,4,10,5,8.96734
4,5,2,4,8,5,8.96734
4,6,2,4,3,6,15.3313
4,7,3,4,3,11,7,13.1135
4,7,3,4,10,1,7,3.27838
4,7,4,4,3,6,11,7,3.27838
4,8,1,4,8,20.8274
4,9,4,4,10,1,2,9,4.04977
4,9,4,4,10,1,7,9,12.1493
4,9,4,4,3,11,7,9,8.09953
4,10,1,4,10,17.2115
4,11,2,4,3,11,18.3686
5,6,2,5,10,6,15.1866
5,7,3,5,10,1,7,21.2613
5,8,1,5,8,20.2488
5,9,3,5,0,2,9,19.0918
5,9,4,5,10,1,2,9,9.54588
5,10,1,5,10,15.042
5,11,3,5,10,6,11,16.3437
6,7,2,6,11,7,24.4432
6,8,3,6,3,4,8,22.5389
6,8,3,6,10,5,8,4.50778
6,9,3,6,11,7,9,28.3484
6,10,1,6,10,27.9145
6,11,1,6,11,21.8398
7,8,4,7,11,3,4,8,15.3313
7,9,1,7,9,18.0793
7,10,2,7,1,10,23.3826
7,10,3,7,11,6,10,4.67652
7,11,1,7,11,28.0591
8,9,4,8,5,0,2,9,5.93002
8,9,5,8,4,10,1,2,9,5.93002
8,9,5,8,4,10,1,7,9,2.96501
8,9,5,8,4,3,11,7,9,2.96501
8,10,2,8,4,10,21.8157
8,10,2,8,5,10,4.36314
8,11,3,8,4,3,11,27.9145
9,10,3,9,2,0,10,17.4526
9,10,3,9,7,1,10,8.72628
9,11,2,9,7,11,28.2037
10,11,2,10,6,11,20.3935
