switch_id,used_rules,usage
11,1,0.0151515
10,4,0.0606061
9,1,0.0151515
8,1,0.0151515
7,3,0.0454545
6,0,0
5,1,0.0151515
4,3,0.0454545
3,1,0.0151515
2,0,0
1,1,0.0151515
0,2,0.030303
