switch_id,used_rules,usage
11,2,0.030303
10,4,0.0606061
9,2,0.030303
8,1,0.0151515
7,1,0.0151515
6,2,0.030303
5,1,0.0151515
4,1,0.0151515
3,0,0
2,2,0.030303
1,3,0.0454545
0,2,0.030303
