switch_id,used_rules,usage
11,0,0
10,5,0.0757576
9,0,0
8,0,0
7,2,0.030303
6,1,0.0151515
5,1,0.0151515
4,3,0.0454545
3,0,0
2,0,0
1,4,0.0606061
0,0,0
