switch_id,used_rules,usage
11,3,0.0454545
10,3,0.0454545
9,0,0
8,1,0.0151515
7,2,0.030303
6,3,0.0454545
5,1,0.0151515
4,2,0.030303
3,4,0.0606061
2,0,0
1,2,0.030303
0,0,0
