switch_id,used_rules,usage
11,3,0.0454545
10,3,0.0454545
9,2,0.030303
8,1,0.0151515
7,2,0.030303
6,2,0.030303
5,1,0.0151515
4,2,0.030303
3,2,0.030303
2,3,0.0454545
1,3,0.0454545
0,2,0.030303
