switch_id,used_rules,usage
11,3,0.0454545
10,6,0.0909091
9,2,0.030303
8,2,0.030303
7,3,0.0454545
6,5,0.0757576
5,4,0.0606061
4,2,0.030303
3,5,0.0757576
2,3,0.0454545
1,3,0.0454545
0,4,0.0606061
