switch_id,used_rules,usage
11,0,0
10,3,0.0454545
9,1,0.0151515
8,1,0.0151515
7,0,0
6,3,0.0454545
5,2,0.030303
4,1,0.0151515
3,1,0.0151515
2,2,0.030303
1,1,0.0151515
0,1,0.0151515
