switch_id,used_rules,usage
11,6,0.0909091
10,9,0.136364
9,3,0.0454545
8,1,0.0151515
7,5,0.0757576
6,6,0.0909091
5,3,0.0454545
4,6,0.0909091
3,4,0.0606061
2,2,0.030303
1,3,0.0454545
0,4,0.0606061
