switch_id,used_rules,usage
11,5,0.0757576
10,3,0.0454545
9,4,0.0606061
8,1,0.0151515
7,5,0.0757576
6,5,0.0757576
5,1,0.0151515
4,2,0.030303
3,3,0.0454545
2,2,0.030303
1,2,0.030303
0,1,0.0151515
