switch_id,used_rules,usage
11,2,0.030303
10,5,0.0757576
9,1,0.0151515
8,2,0.030303
7,1,0.0151515
6,4,0.0606061
5,6,0.0909091
4,1,0.0151515
3,3,0.0454545
2,3,0.0454545
1,2,0.030303
0,4,0.0606061
