switch_id,used_rules,usage
11,2,0.030303
10,2,0.030303
9,0,0
8,4,0.0606061
7,1,0.0151515
6,3,0.0454545
5,3,0.0454545
4,2,0.030303
3,2,0.030303
2,1,0.0151515
1,1,0.0151515
0,1,0.0151515
