switch_id,used_rules,usage
11,6,0.0909091
10,4,0.0606061
9,4,0.0606061
8,4,0.0606061
7,6,0.0909091
6,3,0.0454545
5,6,0.0909091
4,3,0.0454545
3,3,0.0454545
2,7,0.106061
1,4,0.0606061
0,6,0.0909091
