switch_id,used_rules,usage
11,29,0.439394
10,48,0.727273
9,24,0.363636
8,20,0.30303
7,30,0.454545
6,25,0.378788
5,26,0.393939
4,34,0.515152
3,29,0.439394
2,35,0.530303
1,32,0.484848
0,32,0.484848
