switch_id,used_rules,usage
11,2,0.030303
10,3,0.0454545
9,0,0
8,1,0.0151515
7,1,0.0151515
6,2,0.030303
5,1,0.0151515
4,3,0.0454545
3,1,0.0151515
2,2,0.030303
1,1,0.0151515
0,2,0.030303
