switch_id,used_rules,usage
11,0,0
10,3,0.0454545
9,3,0.0454545
8,3,0.0454545
7,1,0.0151515
6,1,0.0151515
5,3,0.0454545
4,2,0.030303
3,1,0.0151515
2,2,0.030303
1,3,0.0454545
0,2,0.030303
