switch_id,used_rules,usage
11,31,0.469697
10,51,0.772727
9,25,0.378788
8,22,0.333333
7,31,0.469697
6,29,0.439394
5,26,0.393939
4,37,0.560606
3,30,0.454545
2,31,0.469697
1,34,0.515152
0,30,0.454545
