switch_id,used_rules,usage
11,3,0.0454545
10,2,0.030303
9,2,0.030303
8,2,0.030303
7,3,0.0454545
6,1,0.0151515
5,2,0.030303
4,3,0.0454545
3,3,0.0454545
2,2,0.030303
1,1,0.0151515
0,2,0.030303
