switch_id,used_rules,usage
11,2,0.030303
10,4,0.0606061
9,2,0.030303
8,1,0.0151515
7,2,0.030303
6,5,0.0757576
5,1,0.0151515
4,1,0.0151515
3,2,0.030303
2,5,0.0757576
1,4,0.0606061
0,3,0.0454545
