switch_id,used_rules,usage
11,2,0.030303
10,4,0.0606061
9,3,0.0454545
8,0,0
7,4,0.0606061
6,2,0.030303
5,3,0.0454545
4,1,0.0151515
3,2,0.030303
2,1,0.0151515
1,3,0.0454545
0,2,0.030303
