switch_id,used_rules,usage
11,1,0.0151515
10,6,0.0909091
9,3,0.0454545
8,4,0.0606061
7,1,0.0151515
6,3,0.0454545
5,4,0.0606061
4,5,0.0757576
3,2,0.030303
2,5,0.0757576
1,4,0.0606061
0,3,0.0454545
