switch_id,used_rules,usage
11,3,0.0454545
10,11,0.166667
9,4,0.0606061
8,4,0.0606061
7,4,0.0606061
6,5,0.0757576
5,9,0.136364
4,3,0.0454545
3,3,0.0454545
2,6,0.0909091
1,5,0.0757576
0,6,0.0909091
