switch_id,used_rules,usage
11,5,0.0757576
10,5,0.0757576
9,2,0.030303
8,5,0.0757576
7,4,0.0606061
6,1,0.0151515
5,4,0.0606061
4,6,0.0909091
3,3,0.0454545
2,3,0.0454545
1,4,0.0606061
0,3,0.0454545
