switch_id,used_rules,usage
11,3,0.0454545
10,5,0.0757576
9,1,0.0151515
8,1,0.0151515
7,2,0.030303
6,4,0.0606061
5,3,0.0454545
4,2,0.030303
3,2,0.030303
2,1,0.0151515
1,2,0.030303
0,3,0.0454545
