switch_id,used_rules,usage
11,29,0.439394
10,47,0.712121
9,23,0.348485
8,21,0.318182
7,30,0.454545
6,25,0.378788
5,27,0.409091
4,36,0.545455
3,27,0.409091
2,34,0.515152
1,30,0.454545
0,32,0.484848
