switch_id,used_rules,usage
11,3,0.0454545
10,5,0.0757576
9,1,0.0151515
8,2,0.030303
7,2,0.030303
6,3,0.0454545
5,3,0.0454545
4,2,0.030303
3,3,0.0454545
2,4,0.0606061
1,4,0.0606061
0,2,0.030303
