switch_id,used_rules,usage
11,29,0.439394
10,46,0.69697
9,23,0.348485
8,20,0.30303
7,29,0.439394
6,25,0.378788
5,27,0.409091
4,35,0.530303
3,28,0.424242
2,30,0.454545
1,29,0.439394
0,32,0.484848
