switch_id,used_rules,usage
11,4,0.0606061
10,1,0.0151515
9,1,0.0151515
8,2,0.030303
7,3,0.0454545
6,2,0.030303
5,1,0.0151515
4,1,0.0151515
3,1,0.0151515
2,1,0.0151515
1,1,0.0151515
0,0,0
