switch_id,used_rules,usage
11,2,0.030303
10,1,0.0151515
9,2,0.030303
8,1,0.0151515
7,2,0.030303
6,2,0.030303
5,1,0.0151515
4,0,0
3,2,0.030303
2,0,0
1,0,0
0,1,0.0151515
