switch_id,used_rules,usage
11,2,0.030303
10,5,0.0757576
9,0,0
8,3,0.0454545
7,2,0.030303
6,6,0.0909091
5,5,0.0757576
4,2,0.030303
3,2,0.030303
2,2,0.030303
1,1,0.0151515
0,1,0.0151515
