switch_id,used_rules,usage
11,27,0.409091
10,46,0.69697
9,22,0.333333
8,21,0.318182
7,28,0.424242
6,26,0.393939
5,27,0.409091
4,32,0.484848
3,26,0.393939
2,30,0.454545
1,29,0.439394
0,30,0.454545
