switch_id,used_rules,usage
11,2,0.030303
10,3,0.0454545
9,2,0.030303
8,2,0.030303
7,2,0.030303
6,1,0.0151515
5,2,0.030303
4,3,0.0454545
3,1,0.0151515
2,2,0.030303
1,2,0.030303
0,1,0.0151515
