switch_id,used_rules,usage
11,5,0.0757576
10,7,0.106061
9,2,0.030303
8,2,0.030303
7,4,0.0606061
6,5,0.0757576
5,6,0.0909091
4,3,0.0454545
3,4,0.0606061
2,7,0.106061
1,5,0.0757576
0,5,0.0757576
