switch_id,used_rules,usage
11,4,0.0606061
10,8,0.121212
9,1,0.0151515
8,1,0.0151515
7,2,0.030303
6,5,0.0757576
5,4,0.0606061
4,4,0.0606061
3,1,0.0151515
2,6,0.0909091
1,3,0.0454545
0,6,0.0909091
