switch_id,used_rules,usage
11,2,0.030303
10,6,0.0909091
9,2,0.030303
8,2,0.030303
7,2,0.030303
6,3,0.0454545
5,5,0.0757576
4,1,0.0151515
3,3,0.0454545
2,3,0.0454545
1,4,0.0606061
0,1,0.0151515
