switch_id,used_rules,usage
11,35,0.530303
10,53,0.80303
9,27,0.409091
8,23,0.348485
7,36,0.545455
6,31,0.469697
5,30,0.454545
4,39,0.590909
3,34,0.515152
2,35,0.530303
1,35,0.530303
0,35,0.530303
