switch_id,used_rules,usage
11,4,0.0606061
10,6,0.0909091
9,3,0.0454545
8,1,0.0151515
7,3,0.0454545
6,2,0.030303
5,2,0.030303
4,3,0.0454545
3,4,0.0606061
2,3,0.0454545
1,4,0.0606061
0,2,0.030303
