switch_id,used_rules,usage
11,0,0
10,2,0.030303
9,0,0
8,1,0.0151515
7,0,0
6,1,0.0151515
5,0,0
4,2,0.030303
3,1,0.0151515
2,1,0.0151515
1,1,0.0151515
0,0,0
