switch_id,used_rules,usage
11,4,0.0606061
10,4,0.0606061
9,2,0.030303
8,5,0.0757576
7,4,0.0606061
6,4,0.0606061
5,3,0.0454545
4,6,0.0909091
3,4,0.0606061
2,4,0.0606061
1,2,0.030303
0,5,0.0757576
