switch_id,used_rules,usage
11,4,0.0606061
10,4,0.0606061
9,2,0.030303
8,2,0.030303
7,4,0.0606061
6,4,0.0606061
5,1,0.0151515
4,3,0.0454545
3,3,0.0454545
2,2,0.030303
1,2,0.030303
0,3,0.0454545
