switch_id,used_rules,usage
11,1,0.0151515
10,7,0.106061
9,0,0
8,1,0.0151515
7,1,0.0151515
6,4,0.0606061
5,5,0.0757576
4,3,0.0454545
3,1,0.0151515
2,3,0.0454545
1,2,0.030303
0,5,0.0757576
