switch_id,used_rules,usage
11,1,0.0151515
10,3,0.0454545
9,0,0
8,0,0
7,1,0.0151515
6,1,0.0151515
5,0,0
4,2,0.030303
3,1,0.0151515
2,1,0.0151515
1,2,0.030303
0,2,0.030303
