switch_id,used_rules,usage
11,3,0.0454545
10,7,0.106061
9,3,0.0454545
8,2,0.030303
7,2,0.030303
6,6,0.0909091
5,3,0.0454545
4,2,0.030303
3,4,0.0606061
2,6,0.0909091
1,4,0.0606061
0,5,0.0757576
