switch_id,used_rules,usage
11,1,0.0151515
10,7,0.106061
9,1,0.0151515
8,2,0.030303
7,0,0
6,5,0.0757576
5,5,0.0757576
4,2,0.030303
3,4,0.0606061
2,6,0.0909091
1,3,0.0454545
0,5,0.0757576
