switch_id,used_rules,usage
11,3,0.0454545
10,3,0.0454545
9,3,0.0454545
8,2,0.030303
7,5,0.0757576
6,1,0.0151515
5,2,0.030303
4,4,0.0606061
3,3,0.0454545
2,6,0.0909091
1,7,0.106061
0,3,0.0454545
