source,destination,length,path
0,1,2,0,10,1,5.61386
0,1,2,0,2,1,22.4554
0,2,1,0,2,22.7433
0,3,3,0,10,4,3,20.0371
0,3,3,0,10,6,3,5.00929
0,4,2,0,10,4,14.5384
0,5,1,0,5,28.5011
0,6,2,0,10,6,22.7433
0,7,3,0,2,9,7,10.4792
0,7,3,0,2,1,7,10.4792
0,7,4,0,5,10,1,7,5.2396
0,8,2,0,5,8,22.1675
0,9,2,0,2,9,25.1904
0,10,1,0,10,14.049
0,10,2,0,5,10,3.51226
0,11,3,0,10,6,11,9.84584
0,11,4,0,5,10,6,11,6.56389
1,2,1,1,2,25.7662
1,3,3,1,7,11,3,6.73663
1,3,3,1,10,4,3,10.1049
1,4,2,1,10,4,15.1142
1,5,2,1,10,5,22.8873
1,6,2,1,10,6,11.4004
1,6,3,1,7,11,6,17.1007
1,7,1,1,7,27.2056
1,8,3,1,10,5,8,14.3369
1,8,4,1,2,0,5,8,9.55795
1,9,2,1,7,9,4.08804
1,9,2,1,2,9,16.3522
1,10,1,1,10,19.7205
1,11,2,1,7,11,23.463
2,3,4,2,9,7,11,3,3.77136
2,3,4,2,0,10,4,3,7.54272
2,3,4,2,0,10,6,3,7.54272
2,4,3,2,1,10,4,4.57745
2,4,4,2,0,5,8,4,18.3098
2,5,2,2,0,5,23.607
2,6,3,2,0,10,6,7.36999
2,6,3,2,1,10,6,7.36999
2,6,4,2,9,7,11,6,3.68499
2,7,2,2,9,7,28.0693
2,8,3,2,0,5,8,18.7129
2,9,1,2,9,15.1142
2,10,2,2,1,10,19.922
2,10,2,2,0,10,4.9805
2,11,3,2,1,7,11,22.5994
3,4,1,3,4,27.9253
3,5,3,3,4,8,5,3.59863
3,5,3,3,6,10,5,14.3945
3,6,1,3,6,15.834
3,7,2,3,11,7,19.0007
3,8,2,3,4,8,22.8873
3,9,3,3,11,7,9,15.69
3,10,2,3,6,10,18.1371
3,11,1,3,11,14.3945
4,5,2,4,10,5,10.7095
4,5,2,4,8,5,7.13967
4,6,2,4,3,6,15.2582
4,7,3,4,3,11,7,11.7459
4,7,3,4,10,1,7,7.83061
4,8,1,4,8,20.7281
4,9,4,4,10,1,2,9,9.67311
4,9,4,4,3,11,7,9,14.5097
4,10,1,4,10,17.1295
4,11,2,4,3,11,18.281
5,6,2,5,10,6,15.1142
5,7,3,5,10,1,7,21.1599
5,8,1,5,8,20.1523
5,9,3,5,0,2,9,22.8009
5,9,4,5,10,1,2,9,5.70022
5,10,1,5,10,14.9703
5,11,3,5,10,6,11,16.2658
6,7,2,6,11,7,24.3267
6,8,3,6,3,4,8,21.5342
6,8,3,6,10,4,8,5.38354
6,9,3,6,11,7,9,28.2132
6,10,1,6,10,27.7814
6,11,1,6,11,21.7357
7,8,4,7,11,3,4,8,15.2582
7,9,1,7,9,17.9931
7,10,2,7,1,10,22.3403
7,10,3,7,11,6,10,5.58507
7,11,1,7,11,27.9253
8,9,4,8,5,0,2,9,7.0821
8,9,5,8,4,10,1,7,9,3.54105
8,9,5,8,4,10,1,2,9,7.0821
8,10,2,8,4,10,20.8432
8,10,2,8,5,10,5.21081
8,11,3,8,4,3,11,27.7814
9,10,3,9,2,0,10,20.8432
9,10,3,9,7,1,10,5.21081
9,11,2,9,7,11,28.0693
10,11,2,10,6,11,20.2962
