switch_id,used_rules,usage
11,3,0.0454545
10,5,0.0757576
9,5,0.0757576
8,0,0
7,3,0.0454545
6,1,0.0151515
5,4,0.0606061
4,4,0.0606061
3,3,0.0454545
2,5,0.0757576
1,2,0.030303
0,4,0.0606061
