switch_id,used_rules,usage
11,4,0.0606061
10,4,0.0606061
9,5,0.0757576
8,2,0.030303
7,3,0.0454545
6,2,0.030303
5,5,0.0757576
4,4,0.0606061
3,5,0.0757576
2,5,0.0757576
1,4,0.0606061
0,5,0.0757576
