switch_id,used_rules,usage
11,0,0
10,1,0.0151515
9,1,0.0151515
8,0,0
7,1,0.0151515
6,1,0.0151515
5,1,0.0151515
4,0,0
3,1,0.0151515
2,1,0.0151515
1,2,0.030303
0,1,0.0151515
