source,destination,length,path
0,1,2,0,10,1,2.39938
0,1,2,0,2,1,26.3932
0,2,1,0,2,23.3294
0,3,3,0,10,4,3,12.8459
0,3,3,0,10,6,3,12.8459
0,4,2,0,10,4,8.69929
0,4,3,0,5,8,4,6.21378
0,5,1,0,5,29.2355
0,6,2,0,10,6,23.3294
0,7,3,0,2,9,7,13.4365
0,7,3,0,2,1,7,13.4365
0,8,2,0,5,8,22.7387
0,9,2,0,2,9,25.8395
0,10,1,0,10,18.0138
0,11,3,0,10,6,11,7.01357
0,11,4,0,5,10,6,11,2.80543
0,11,5,0,5,8,4,3,11,1.40271
0,11,5,0,5,10,4,3,11,4.20814
0,11,4,0,10,4,3,11,1.40271
1,2,1,1,2,26.4301
1,3,3,1,7,11,3,4.31889
1,3,3,1,10,4,3,12.9567
1,4,2,1,10,4,15.5037
1,5,2,1,10,5,21.5206
1,5,3,1,2,0,5,1.95642
1,6,2,1,10,6,24.3629
1,6,3,1,7,11,6,4.87259
1,7,1,1,7,27.9066
1,8,3,1,10,5,8,10.2127
1,8,4,1,2,0,5,8,14.2978
1,9,2,1,7,9,12.2307
1,9,2,1,2,9,8.73621
1,10,1,1,10,20.2286
1,11,2,1,7,11,24.0676
2,3,4,2,9,7,11,3,3.22378
2,3,4,2,0,10,4,3,16.1189
2,4,3,2,1,10,4,1.95642
2,4,3,2,0,10,4,7.82567
2,4,4,2,0,5,8,4,9.78209
2,4,4,2,0,5,10,4,3.91284
2,5,2,2,0,5,24.2153
2,6,3,2,0,10,6,6.29991
2,6,4,2,9,7,11,6,3.14996
2,6,3,2,1,10,6,9.44987
2,7,2,2,9,7,23.9938
2,7,2,2,1,7,4.79876
2,8,3,2,0,5,8,19.195
2,9,1,2,9,15.5037
2,10,2,2,1,10,19.1581
2,10,2,2,0,10,6.38604
2,11,3,2,1,7,11,17.3863
2,11,3,2,9,7,11,5.79543
3,4,1,3,4,28.6449
3,5,3,3,4,8,5,1.53806
3,5,3,3,6,10,5,16.9187
3,6,1,3,6,16.242
3,7,2,3,11,7,19.4904
3,8,2,3,4,8,23.477
3,9,3,3,11,7,9,14.7531
3,9,4,3,6,11,7,9,1.34119
3,10,2,3,6,10,18.6044
3,11,1,3,11,14.7654
4,5,2,4,10,5,13.7318
4,5,2,4,8,5,4.57728
4,6,2,4,3,6,15.6513
4,7,3,4,3,11,7,15.0607
4,7,3,4,10,1,7,3.34683
4,7,4,4,3,6,11,7,1.67341
4,8,1,4,8,21.2622
4,9,4,4,10,1,2,9,16.5373
4,9,4,4,10,1,7,9,2.06716
4,9,4,4,3,11,7,9,4.13432
4,9,5,4,3,6,11,7,9,2.06716
4,10,1,4,10,17.5709
4,11,2,4,3,11,15.6267
4,11,3,4,3,6,11,3.12535
5,6,2,5,10,6,15.5037
5,7,3,5,10,1,7,21.7052
5,8,1,5,8,20.6716
5,9,3,5,0,2,9,7.30888
5,9,4,5,10,1,2,9,17.0541
5,9,4,5,10,1,7,9,4.87259
5,10,1,5,10,15.356
5,11,3,5,10,6,11,16.6849
6,7,2,6,11,7,24.9536
6,8,3,6,3,4,8,25.3104
6,8,3,6,10,4,8,2.30094
6,9,3,6,11,7,9,28.9402
6,10,1,6,10,28.4973
6,11,1,6,11,16.7218
6,11,2,6,3,11,5.57395
7,8,4,7,11,3,4,8,15.6513
7,9,1,7,9,18.4568
7,10,2,7,1,10,9.54831
7,10,3,7,11,6,10,19.0966
7,11,1,7,11,28.6449
8,9,4,8,5,0,2,9,6.05382
8,9,5,8,4,10,1,2,9,3.02691
8,9,5,8,4,10,1,7,9,7.56728
8,9,5,8,4,3,11,7,9,1.51346
8,10,2,8,4,10,24.4983
8,10,2,8,5,10,2.22712
8,11,3,8,4,3,11,28.4973
9,10,3,9,2,0,10,20.0441
9,10,3,9,7,1,10,6.68135
9,11,2,9,7,11,28.7926
10,11,2,10,6,11,20.8192
