switch_id,used_rules,usage
11,29,0.439394
10,45,0.681818
9,22,0.333333
8,19,0.287879
7,30,0.454545
6,26,0.393939
5,24,0.363636
4,34,0.515152
3,29,0.439394
2,30,0.454545
1,29,0.439394
0,30,0.454545
