switch_id,used_rules,usage
11,31,0.469697
10,50,0.757576
9,24,0.363636
8,24,0.363636
7,32,0.484848
6,27,0.409091
5,30,0.454545
4,39,0.590909
3,32,0.484848
2,34,0.515152
1,31,0.469697
0,35,0.530303
