switch_id,used_rules,usage
11,29,0.439394
10,49,0.742424
9,24,0.363636
8,21,0.318182
7,33,0.5
6,24,0.363636
5,28,0.424242
4,35,0.530303
3,27,0.409091
2,32,0.484848
1,32,0.484848
0,32,0.484848
