switch_id,used_rules,usage
11,3,0.0454545
10,3,0.0454545
9,1,0.0151515
8,0,0
7,1,0.0151515
6,1,0.0151515
5,2,0.030303
4,2,0.030303
3,4,0.0606061
2,1,0.0151515
1,3,0.0454545
0,1,0.0151515
