switch_id,used_rules,usage
11,2,0.030303
10,6,0.0909091
9,1,0.0151515
8,2,0.030303
7,2,0.030303
6,5,0.0757576
5,2,0.030303
4,5,0.0757576
3,2,0.030303
2,3,0.0454545
1,2,0.030303
0,4,0.0606061
