switch_id,used_rules,usage
10,22,2
9,24,2.18182
8,21,1.90909
7,25,2.27273
6,27,2.45455
5,20,1.81818
4,28,2.54545
3,24,2.18182
2,30,2.72727
1,21,1.90909
0,29,2.63636
