switch_id,used_rules,usage
10,32,2.90909
9,31,2.81818
8,28,2.54545
7,39,3.54545
6,37,3.36364
5,27,2.45455
4,32,2.90909
3,32,2.90909
2,37,3.36364
1,32,2.90909
0,41,3.72727
