switch_id,used_rules,usage
10,23,2.09091
9,28,2.54545
8,24,2.18182
7,34,3.09091
6,30,2.72727
5,23,2.09091
4,30,2.72727
3,29,2.63636
2,28,2.54545
1,26,2.36364
0,37,3.36364
