switch_id,used_rules,usage
10,24,2.18182
9,20,1.81818
8,19,1.72727
7,24,2.18182
6,26,2.36364
5,20,1.81818
4,24,2.18182
3,21,1.90909
2,26,2.36364
1,19,1.72727
0,35,3.18182
