source,destination,length,path
0,1,1,0,1,0.467096
0,4,2,0,7,4,0.0778493
0,4,2,0,2,4,0.0778493
0,4,2,0,8,4,0.233548
0,4,2,0,6,4,0.0778493
0,4,3,0,9,1,4,0.0778493
0,4,3,0,9,5,4,0.0778493
0,4,3,0,9,7,4,0.0778493
0,5,2,0,9,5,0.116774
0,5,2,0,10,5,0.116774
0,5,2,0,2,5,0.311397
0,5,3,0,9,3,5,0.0778493
0,5,3,0,10,3,5,0.0389246
0,5,3,0,6,3,5,0.0389246
0,7,1,0,7,0.467096
0,7,2,0,6,7,0.155699
0,7,2,0,10,7,0.155699
0,7,3,0,2,1,7,0.0778493
0,7,3,0,8,3,7,0.0778493
1,2,1,1,2,0.194623
1,2,2,1,7,2,0.0389246
4,5,1,4,5,0.311397
4,5,2,4,1,5,0.155699
4,6,1,4,6,0.155699
4,6,2,4,3,6,0.233548
4,6,3,4,7,3,6,0.0778493
3,4,1,3,4,0.233548
3,9,1,3,9,0.155699
3,9,2,3,5,9,0.0389246
3,9,2,3,1,9,0.0389246
0,10,1,0,10,0.155699
0,10,2,0,6,10,0.0389246
0,10,2,0,8,10,0.0389246
10,5,1,10,5,0.272472
10,5,2,10,2,5,0.0389246
10,5,2,10,1,5,0.194623
10,5,2,10,3,5,0.116774
10,5,2,10,7,5,0.0778493
10,6,1,10,6,0.467096
0,6,1,0,6,0.155699
0,6,2,0,9,6,0.0389246
0,6,2,0,8,6,0.0389246
6,8,1,6,8,0.467096
6,8,2,6,9,8,0.311397
6,8,2,6,3,8,0.0778493
6,8,2,6,4,8,0.0778493
2,9,1,2,9,0.50602
2,9,2,2,1,9,0.155699
2,9,2,2,8,9,0.194623
2,9,3,2,7,5,9,0.155699
2,9,2,2,5,9,0.0778493
2,9,4,2,1,4,8,9,0.0778493
1,9,1,1,9,0.233548
1,9,2,1,3,9,0.155699
1,9,2,1,7,9,0.0778493
3,8,1,3,8,0.233548
7,9,1,7,9,0.389246
7,9,2,7,5,9,0.0778493
7,9,2,7,1,9,0.0389246
7,9,2,7,6,9,0.0778493
7,9,2,7,3,9,0.0778493
7,9,3,7,4,8,9,0.0389246
2,3,2,2,10,3,0.116774
2,3,2,2,1,3,0.0389246
2,3,2,2,4,3,0.0389246
2,3,3,2,10,1,3,0.0389246
2,6,2,2,8,6,0.155699
2,6,2,2,7,6,0.272472
2,6,3,2,4,3,6,0.0389246
2,6,2,2,4,6,0.233548
10,8,1,10,8,0.544945
10,8,2,10,0,8,0.116774
10,8,3,10,1,4,8,0.116774
10,8,3,10,7,4,8,0.0778493
10,8,2,10,2,8,0.194623
10,8,2,10,3,8,0.116774
6,7,1,6,7,0.233548
6,7,2,6,4,7,0.155699
6,7,2,6,9,7,0.0389246
6,7,2,6,3,7,0.233548
6,7,2,6,10,7,0.0389246
