switch_id,used_rules,usage
10,16,1.45455
9,16,1.45455
8,13,1.18182
7,20,1.81818
6,21,1.90909
5,15,1.36364
4,20,1.81818
3,16,1.45455
2,20,1.81818
1,13,1.18182
0,24,2.18182
