switch_id,used_rules,usage
10,38,3.45455
9,42,3.81818
8,31,2.81818
7,53,4.81818
6,45,4.09091
5,32,2.90909
4,47,4.27273
3,45,4.09091
2,48,4.36364
1,44,4
0,56,5.09091
