switch_id,used_rules,usage
10,52,4.72727
9,56,5.09091
8,42,3.81818
7,73,6.63636
6,56,5.09091
5,49,4.45455
4,59,5.36364
3,68,6.18182
2,64,5.81818
1,65,5.90909
0,62,5.63636
