switch_id,used_rules,usage
10,27,2.45455
9,30,2.72727
8,22,2
7,37,3.36364
6,33,3
5,26,2.36364
4,30,2.72727
3,33,3
2,32,2.90909
1,29,2.63636
0,38,3.45455
