switch_id,used_rules,usage
10,35,3.18182
9,40,3.63636
8,33,3
7,50,4.54545
6,39,3.54545
5,31,2.81818
4,36,3.27273
3,50,4.54545
2,45,4.09091
1,41,3.72727
0,52,4.72727
