switch_id,used_rules,usage
10,109,9.90909
9,95,8.63636
8,64,5.81818
7,133,12.0909
6,101,9.18182
5,99,9
4,113,10.2727
3,122,11.0909
2,123,11.1818
1,120,10.9091
0,109,9.90909
