switch_id,used_rules,usage
10,24,2.18182
9,20,1.81818
8,16,1.45455
7,22,2
6,23,2.09091
5,17,1.54545
4,21,1.90909
3,20,1.81818
2,22,2
1,18,1.63636
0,25,2.27273
