switch_id,used_rules,usage
10,24,2.18182
9,23,2.09091
8,23,2.09091
7,26,2.36364
6,31,2.81818
5,19,1.72727
4,27,2.45455
3,23,2.09091
2,27,2.45455
1,21,1.90909
0,30,2.72727
