switch_id,used_rules,usage
10,18,1.63636
9,18,1.63636
8,16,1.45455
7,19,1.72727
6,22,2
5,14,1.27273
4,19,1.72727
3,19,1.72727
2,21,1.90909
1,16,1.45455
0,21,1.90909
