switch_id,used_rules,usage
10,20,1.81818
9,18,1.63636
8,17,1.54545
7,23,2.09091
6,26,2.36364
5,17,1.54545
4,18,1.63636
3,18,1.63636
2,20,1.81818
1,15,1.36364
0,20,1.81818
