switch_id,used_rules,usage
11,55,0.833333
10,31,0.469697
9,42,0.636364
8,42,0.636364
7,48,0.727273
6,89,1.34848
5,78,1.18182
4,79,1.19697
3,64,0.969697
2,43,0.651515
1,104,1.57576
0,27,0.409091
