switch_id,used_rules,usage
11,84,1.27273
10,47,0.712121
9,67,1.01515
8,71,1.07576
7,67,1.01515
6,137,2.07576
5,118,1.78788
4,103,1.56061
3,103,1.56061
2,67,1.01515
1,150,2.27273
0,32,0.484848
