switch_id,used_rules,usage
11,90,1.36364
10,77,1.16667
9,103,1.56061
8,74,1.12121
7,68,1.0303
6,170,2.57576
5,127,1.92424
4,115,1.74242
3,140,2.12121
2,66,1
1,168,2.54545
0,44,0.666667
