switch_id,used_rules,usage
11,74,1.12121
10,57,0.863636
9,78,1.18182
8,57,0.863636
7,59,0.893939
6,132,2
5,101,1.5303
4,96,1.45455
3,109,1.65152
2,53,0.80303
1,136,2.06061
0,34,0.515152
