switch_id,used_rules,usage
15,112,0.933333
14,308,2.56667
13,212,1.76667
12,275,2.29167
11,160,1.33333
10,181,1.50833
9,248,2.06667
8,251,2.09167
7,86,0.716667
6,371,3.09167
5,88,0.733333
4,159,1.325
3,144,1.2
2,83,0.691667
1,157,1.30833
0,111,0.925
