switch_id,used_rules,usage
15,38,0.316667
14,69,0.575
13,60,0.5
12,52,0.433333
11,41,0.341667
10,47,0.391667
9,55,0.458333
8,61,0.508333
7,47,0.391667
6,75,0.625
5,49,0.408333
4,40,0.333333
3,58,0.483333
2,53,0.441667
1,47,0.391667
0,54,0.45
