switch_id,used_rules,usage
15,45,0.375
14,91,0.758333
13,71,0.591667
12,73,0.608333
11,53,0.441667
10,61,0.508333
9,73,0.608333
8,77,0.641667
7,61,0.508333
6,112,0.933333
5,58,0.483333
4,50,0.416667
3,69,0.575
2,58,0.483333
1,55,0.458333
0,66,0.55
