switch_id,used_rules,usage
15,603,5.025
14,1675,13.9583
13,1091,9.09167
12,1536,12.8
11,1287,10.725
10,1125,9.375
9,1300,10.8333
8,1355,11.2917
7,454,3.78333
6,2007,16.725
5,764,6.36667
4,1303,10.8583
3,1119,9.325
2,549,4.575
1,1172,9.76667
0,1356,11.3
