switch_id,used_rules,usage
15,112,0.933333
14,272,2.26667
13,188,1.56667
12,250,2.08333
11,131,1.09167
10,154,1.28333
9,212,1.76667
8,220,1.83333
7,82,0.683333
6,334,2.78333
5,89,0.741667
4,143,1.19167
3,136,1.13333
2,80,0.666667
1,142,1.18333
0,100,0.833333
