switch_id,used_rules,usage
15,39,0.325
14,77,0.641667
13,65,0.541667
12,60,0.5
11,48,0.4
10,54,0.45
9,62,0.516667
8,67,0.558333
7,52,0.433333
6,93,0.775
5,55,0.458333
4,45,0.375
3,63,0.525
2,57,0.475
1,51,0.425
0,61,0.508333
