switch_id,used_rules,usage
15,39,0.325
14,68,0.566667
13,61,0.508333
12,53,0.441667
11,41,0.341667
10,48,0.4
9,54,0.45
8,61,0.508333
7,46,0.383333
6,75,0.625
5,49,0.408333
4,39,0.325
3,56,0.466667
2,53,0.441667
1,46,0.383333
0,53,0.441667
