switch_id,used_rules,usage
15,110,0.916667
14,292,2.43333
13,191,1.59167
12,256,2.13333
11,142,1.18333
10,164,1.36667
9,228,1.9
8,231,1.925
7,82,0.683333
6,344,2.86667
5,82,0.683333
4,157,1.30833
3,137,1.14167
2,79,0.658333
1,140,1.16667
0,105,0.875
