switch_id,used_rules,usage
15,136,1.13333
14,363,3.025
13,247,2.05833
12,317,2.64167
11,180,1.5
10,195,1.625
9,281,2.34167
8,279,2.325
7,87,0.725
6,414,3.45
5,95,0.791667
4,179,1.49167
3,159,1.325
2,86,0.716667
1,177,1.475
0,125,1.04167
