switch_id,used_rules,usage
15,49,0.408333
14,111,0.925
13,83,0.691667
12,86,0.716667
11,59,0.491667
10,71,0.591667
9,86,0.716667
8,92,0.766667
7,66,0.55
6,142,1.18333
5,63,0.525
4,61,0.508333
3,85,0.708333
2,74,0.616667
1,61,0.508333
0,90,0.75
