switch_id,used_rules,usage
15,38,0.316667
14,73,0.608333
13,63,0.525
12,54,0.45
11,43,0.358333
10,48,0.4
9,56,0.466667
8,64,0.533333
7,49,0.408333
6,80,0.666667
5,50,0.416667
4,41,0.341667
3,62,0.516667
2,54,0.45
1,49,0.408333
0,56,0.466667
