switch_id,used_rules,usage
15,178,1.48333
14,466,3.88333
13,313,2.60833
12,413,3.44167
11,277,2.30833
10,259,2.15833
9,350,2.91667
8,367,3.05833
7,105,0.875
6,534,4.45
5,117,0.975
4,262,2.18333
3,210,1.75
2,101,0.841667
1,236,1.96667
0,150,1.25
